{
"type": "FeatureCollection",
"name": "chile-regions",
"features": [
{ "type": "Feature", "properties": { "geo_id": "region:01", "nombre": "TARAPACÁ" }, "geometry": { "type": "Polygon", "coordinates": [ [ [ -68.950145, -18.9368198 ], [ -69.0202449, -18.9537011 ], [ -69.0142619, -19.0032334 ], [ -69.1576669, -19.1047664 ], [ -69.2334124, -19.0939234 ], [ -69.31789, -19.13651 ], [ -69.3149, -19.1031 ], [ -69.4219331, -19.0247881 ], [ -69.8846368, -19.0340463 ], [ -70.2866453, -19.2299913 ], [ -70.28554, -19.30862 ], [ -70.20219, -19.49763 ], [ -70.20618, -19.58988 ], [ -70.24029, -19.60064 ], [ -70.16912, -19.65821 ], [ -70.16542, -19.8286519 ], [ -70.13173, -19.88122 ], [ -70.122, -20.08984 ], [ -70.1637599, -20.2075761 ], [ -70.1293651, -20.2954183 ], [ -70.1834573, -20.3630338 ], [ -70.158225, -20.4614503 ], [ -70.2002378, -20.5382602 ], [ -70.1851132, -20.7976875 ], [ -70.2125398, -20.812354 ], [ -70.14667, -20.86663 ], [ -70.12691, -20.93353 ], [ -70.17795, -21.02395 ], [ -70.0820581, -21.2306058 ], [ -70.0661146, -21.3083906 ], [ -70.0976617, -21.3484595 ], [ -70.0582771, -21.4300067 ], [ -69.7642465, -21.4204023 ], [ -69.6670459, -21.4621058 ], [ -69.5512656, -21.6306099 ], [ -69.31307, -21.39817 ], [ -68.86081, -21.28512 ], [ -68.53576, -21.06468 ], [ -68.480782, -20.9453028 ], [ -68.5532449, -20.8762383 ], [ -68.5541725, -20.7362509 ], [ -68.4391707, -20.6405163 ], [ -68.73875, -20.4568056 ], [ -68.741535, -20.3683381 ], [ -68.6743313, -20.356764 ], [ -68.6605101, -20.3190441 ], [ -68.7126727, -20.2489071 ], [ -68.7045552, -20.1332397 ], [ -68.7738936, -20.1296673 ], [ -68.7621284, -20.0781539 ], [ -68.56625, -20.0500778 ], [ -68.5513056, -20.0217306 ], [ -68.5281953, -19.8455213 ], [ -68.5993472, -19.828 ], [ -68.696291, -19.7380463 ], [ -68.6242186, -19.7020738 ], [ -68.4048707, -19.4161813 ], [ -68.8708972, -19.060375 ], [ -68.950145, -18.9368198 ] ] ] } },
{ "type": "Feature", "properties": { "geo_id": "region:02", "nombre": "ANTOFAGASTA" }, "geometry": { "type": "Polygon", "coordinates": [ [ [ -68.4124902, -20.9345446 ], [ -68.4808232, -20.9412787 ], [ -68.53576, -21.06468 ], [ -68.86081, -21.28512 ], [ -69.31307, -21.39817 ], [ -69.5512656, -21.6306099 ], [ -69.6668075, -21.4622725 ], [ -69.7642465, -21.4204023 ], [ -70.0582771, -21.4300067 ], [ -70.09329, -21.58967 ], [ -70.15014, -21.65453 ], [ -70.15034, -21.87269 ], [ -70.19136, -21.89949 ], [ -70.16988, -21.93132 ], [ -70.2635, -22.41378 ], [ -70.23887, -22.49787 ], [ -70.28447, -22.57135 ], [ -70.262615, -22.6364007 ], [ -70.3126038, -22.7658459 ], [ -70.2891081, -22.9130133 ], [ -70.4055049, -23.083097 ], [ -70.4854263, -23.0974688 ], [ -70.5166438, -23.0246224 ], [ -70.5794301, -23.0836795 ], [ -70.5607795, -23.189662 ], [ -70.6041403, -23.2508445 ], [ -70.58958, -23.4268904 ], [ -70.6288601, -23.5157601 ], [ -70.5470799, -23.5377891 ], [ -70.5134601, -23.4674184 ], [ -70.4742599, -23.4699884 ], [ -70.4020578, -23.5354319 ], [ -70.3921534, -23.6131749 ], [ -70.52679, -23.8636502 ], [ -70.4950601, -23.9043182 ], [ -70.5027201, -24.1786201 ], [ -70.5794499, -24.5515516 ], [ -70.5498281, -24.5895773 ], [ -70.5778772, -24.7318969 ], [ -70.527752, -24.9164786 ], [ -70.46884, -24.98215 ], [ -70.5082449, -25.0968142 ], [ -70.4364565, -25.1928365 ], [ -70.4462199, -25.3651798 ], [ -70.49209, -25.4093837 ], [ -70.51653, -25.39584 ], [ -70.52998, -25.48065 ], [ -70.62976, -25.50797 ], [ -70.63591, -25.64609 ], [ -70.68251, -25.66213 ], [ -70.6843897, -25.7449543 ], [ -70.7301039, -25.7792661 ], [ -70.7368901, -25.8249169 ], [ -70.6274587, -25.9940704 ], [ -70.6572878, -26.0610049 ], [ -70.6147496, -26.0582351 ], [ -70.6051592, -26.0041301 ], [ -70.5260562, -26.0096122 ], [ -70.3931904, -25.9287935 ], [ -70.3243258, -25.9311005 ], [ -70.300581, -25.8958381 ], [ -70.2639301, -25.9314008 ], [ -70.0761399, -25.9658504 ], [ -70.02297, -25.9198809 ], [ -69.9077135, -25.8946081 ], [ -69.8541017, -25.9468368 ], [ -69.75655, -25.91736 ], [ -69.52327, -25.95153 ], [ -69.4390691, -25.8596389 ], [ -69.26079, -25.86447 ], [ -69.09824, -25.80176 ], [ -69.05067, -25.6348186 ], [ -69.08482, -25.58411 ], [ -68.99473, -25.5073558 ], [ -69.035861, -25.4422617 ], [ -68.9877244, -25.3772268 ], [ -68.7250296, -25.3903872 ], [ -68.6719967, -25.360622 ], [ -68.6574093, -25.3035201 ], [ -68.5302124, -25.2915039 ], [ -68.5499878, -25.2612915 ], [ -68.4649562, -25.1307898 ], [ -68.4096159, -25.1450682 ], [ -68.343267, -25.1106445 ], [ -68.4067225, -25.0287505 ], [ -68.4317663, -24.9054944 ], [ -68.51931, -24.87368 ], [ -68.56825, -24.79504 ], [ -68.4918004, -24.6643309 ], [ -68.4951195, -24.5999717 ], [ -68.4332535, -24.6057418 ], [ -68.3872109, -24.4843298 ], [ -68.3086292, -24.4917657 ], [ -68.25782, -24.40131 ], [ -67.3226167, -24.0341611 ], [ -66.9905028, -23.0000056 ], [ -67.1803027, -22.8141715 ], [ -67.5685077, -22.8980416 ], [ -67.7990631, -22.8811779 ], [ -67.8824547, -22.8334905 ], [ -67.8839948, -22.6274593 ], [ -67.8319981, -22.581292 ], [ -67.8929041, -22.4991067 ], [ -67.9000515, -22.4070961 ], [ -67.9430181, -22.3818576 ], [ -67.9154305, -22.2723982 ], [ -67.9576388, -22.1660428 ], [ -67.9392334, -22.1074344 ], [ -68.0712969, -21.9816612 ], [ -68.060567, -21.7700323 ], [ -68.18065, -21.6040086 ], [ -68.1791134, -21.3019344 ], [ -68.4124902, -20.9345446 ] ] ] } },
{ "type": "Feature", "properties": { "geo_id": "region:03", "nombre": "ATACAMA" }, "geometry": { "type": "MultiPolygon", "coordinates": [ [ [ [ -71.5640992, -29.04141 ], [ -71.5913272, -29.0344914 ], [ -71.5839951, -29.047713 ], [ -71.5640992, -29.04141 ] ] ], [ [ [ -68.5788751, -25.285805 ], [ -68.6574093, -25.3035201 ], [ -68.7250296, -25.3903872 ], [ -68.9877244, -25.3772268 ], [ -69.035861, -25.4422617 ], [ -68.99473, -25.5073558 ], [ -69.08482, -25.58411 ], [ -69.05067, -25.6348186 ], [ -69.0958444, -25.7978849 ], [ -69.2515627, -25.8626255 ], [ -69.4390691, -25.8596389 ], [ -69.52327, -25.95153 ], [ -69.75655, -25.91736 ], [ -69.8541017, -25.9468368 ], [ -69.9077135, -25.8946081 ], [ -70.02297, -25.9198809 ], [ -70.0761399, -25.9658504 ], [ -70.2639301, -25.9314008 ], [ -70.300581, -25.8958381 ], [ -70.3243258, -25.9311005 ], [ -70.3931904, -25.9287935 ], [ -70.5260562, -26.0096122 ], [ -70.6051592, -26.0041301 ], [ -70.6147496, -26.0582351 ], [ -70.6572878, -26.0610049 ], [ -70.6730884, -26.2039342 ], [ -70.6471094, -26.2560598 ], [ -70.6756217, -26.2912608 ], [ -70.6276091, -26.3466923 ], [ -70.69952, -26.3933504 ], [ -70.7109461, -26.5280346 ], [ -70.6825598, -26.5701936 ], [ -70.75799, -26.7095 ], [ -70.73807, -26.75648 ], [ -70.78091, -26.77578 ], [ -70.83466, -26.87893 ], [ -70.7913871, -27.0019015 ], [ -70.8126907, -27.0608549 ], [ -70.8524624, -27.0508427 ], [ -70.8622996, -27.1282108 ], [ -70.89757, -27.14274 ], [ -70.93519, -27.10956 ], [ -70.97344, -27.16802 ], [ -70.93189, -27.30777 ], [ -70.96595, -27.37163 ], [ -70.88696, -27.48619 ], [ -70.89802, -27.62072 ], [ -70.99805, -27.68985 ], [ -71.03697, -27.66205 ], [ -71.03486, -27.73203 ], [ -71.14263, -27.95013 ], [ -71.143656, -28.0817203 ], [ -71.18503, -28.11802 ], [ -71.15387, -28.229 ], [ -71.19877, -28.29978 ], [ -71.16109, -28.36038 ], [ -71.2125654, -28.4594567 ], [ -71.2591755, -28.4633839 ], [ -71.258, -28.54093 ], [ -71.31486, -28.56587 ], [ -71.27961, -28.63317 ], [ -71.29614, -28.68064 ], [ -71.51726, -28.90566 ], [ -71.52608, -28.98722 ], [ -71.49191, -28.98442 ], [ -71.47908, -29.05549 ], [ -71.50206, -29.07754 ], [ -71.46157, -29.1054 ], [ -71.50376, -29.14425 ], [ -71.4902902, -29.1802291 ], [ -71.4171545, -29.1874032 ], [ -71.3516454, -29.1414879 ], [ -71.281897, -29.1860947 ], [ -71.2000898, -29.1855693 ], [ -71.1827735, -29.2833789 ], [ -71.0841174, -29.3075381 ], [ -71.0938945, -29.3556141 ], [ -71.0598109, -29.3566006 ], [ -71.0081049, -29.3185424 ], [ -70.9746216, -29.1773523 ], [ -70.9070135, -29.1303521 ], [ -70.8022807, -29.1389075 ], [ -70.7316991, -29.1049034 ], [ -70.7236549, -29.0571544 ], [ -70.550392, -29.0447207 ], [ -70.4658905, -29.2384177 ], [ -70.4592042, -29.3818843 ], [ -70.3938335, -29.3987538 ], [ -70.382215, -29.3741341 ], [ -70.3033205, -29.3738394 ], [ -70.1715922, -29.5244387 ], [ -70.0891937, -29.5351025 ], [ -69.9517175, -29.4996807 ], [ -70.0210713, -29.3291139 ], [ -69.9360355, -29.2459347 ], [ -69.9526605, -29.1887913 ], [ -69.8758838, -29.1387709 ], [ -69.7872011, -29.1297876 ], [ -69.7661114, -28.8995404 ], [ -69.6932219, -28.7721365 ], [ -69.731639, -28.6842044 ], [ -69.6614436, -28.5828582 ], [ -69.6812708, -28.4715977 ], [ -69.6329613, -28.4302811 ], [ -69.6496844, -28.3965224 ], [ -69.5969892, -28.392415 ], [ -69.5240022, -28.3304631 ], [ -69.4566927, -28.1838935 ], [ -69.3911865, -28.2270105 ], [ -69.3832845, -28.1841976 ], [ -69.3076938, -28.1293462 ], [ -69.2377294, -27.9671353 ], [ -69.1735116, -27.9718965 ], [ -69.1233489, -27.9014675 ], [ -69.0900668, -27.7220296 ], [ -69.043794, -27.6957918 ], [ -69.0529628, -27.6179644 ], [ -68.9755584, -27.5600463 ], [ -68.9875785, -27.524542 ], [ -68.9414374, -27.5180535 ], [ -68.9809692, -27.4315617 ], [ -68.9356527, -27.4450203 ], [ -68.9307949, -27.4093418 ], [ -68.8868105, -27.3982985 ], [ -68.8701926, -27.3171231 ], [ -68.8086163, -27.3014933 ], [ -68.86837, -27.2625669 ], [ -68.8441014, -27.1602726 ], [ -68.7782202, -27.0981074 ], [ -68.6709195, -27.0983028 ], [ -68.6325536, -27.1623602 ], [ -68.575132, -27.1768821 ], [ -68.5569668, -27.1147725 ], [ -68.4815014, -27.1284057 ], [ -68.4841475, -27.0573865 ], [ -68.4507354, -27.0948777 ], [ -68.3468667, -27.0330056 ], [ -68.2939277, -27.0379729 ], [ -68.3192472, -26.9817099 ], [ -68.2632327, -26.9183353 ], [ -68.5876894, -26.492086 ], [ -68.557441, -26.2865 ], [ -68.3810651, -26.1779015 ], [ -68.4768066, -25.7025146 ], [ -68.5446777, -25.6337891 ], [ -68.5148926, -25.574585 ], [ -68.588501, -25.4501953 ], [ -68.5213013, -25.3295898 ], [ -68.5788751, -25.285805 ] ] ] ] } },
{ "type": "Feature", "properties": { "geo_id": "region:04", "nombre": "COQUIMBO" }, "geometry": { "type": "Polygon", "coordinates": [ [ [ -70.7236549, -29.0571544 ], [ -70.7316991, -29.1049034 ], [ -70.8004023, -29.138256 ], [ -70.9070135, -29.1303521 ], [ -70.9669931, -29.1691951 ], [ -71.0081049, -29.3185424 ], [ -71.0598109, -29.3566006 ], [ -71.0938945, -29.3556141 ], [ -71.0841174, -29.3075381 ], [ -71.1827735, -29.2833789 ], [ -71.2000898, -29.1855693 ], [ -71.281897, -29.1860947 ], [ -71.3516454, -29.1414879 ], [ -71.4171545, -29.1874032 ], [ -71.4982893, -29.1800368 ], [ -71.4693749, -29.2492295 ], [ -71.3273848, -29.3466487 ], [ -71.3405807, -29.4013252 ], [ -71.3036795, -29.4484619 ], [ -71.3346881, -29.5547048 ], [ -71.2871806, -29.6193995 ], [ -71.345435, -29.7553418 ], [ -71.2739274, -29.8930007 ], [ -71.2978852, -29.950827 ], [ -71.3346825, -29.9585532 ], [ -71.3425764, -29.9336046 ], [ -71.350826, -29.9796389 ], [ -71.4167539, -29.9990623 ], [ -71.3712858, -30.0796586 ], [ -71.3921459, -30.1793901 ], [ -71.4303263, -30.1953061 ], [ -71.4487955, -30.1655041 ], [ -71.5282487, -30.2926837 ], [ -71.6068842, -30.2983336 ], [ -71.6272262, -30.2372975 ], [ -71.6532685, -30.2726385 ], [ -71.7173457, -30.6019191 ], [ -71.6455077, -31.0101978 ], [ -71.666851, -31.1693995 ], [ -71.5699944, -31.5006806 ], [ -71.5461307, -31.7396365 ], [ -71.5053106, -31.7691602 ], [ -71.5597563, -31.8490773 ], [ -71.5010113, -31.8704834 ], [ -71.5272027, -31.9494773 ], [ -71.4906851, -31.9682986 ], [ -71.5240437, -32.0044443 ], [ -71.5132003, -32.121939 ], [ -71.5422544, -32.1769554 ], [ -71.4774405, -32.1543493 ], [ -71.3380117, -32.2031219 ], [ -71.2229593, -32.1275347 ], [ -71.1823954, -32.1717551 ], [ -71.1347917, -32.1520586 ], [ -71.0303442, -32.0738006 ], [ -71.0399708, -32.0324371 ], [ -70.951484, -32.0482143 ], [ -70.9301421, -32.079697 ], [ -70.7393946, -32.020626 ], [ -70.6908488, -32.062693 ], [ -70.6568584, -32.0551848 ], [ -70.6451072, -32.138531 ], [ -70.4560204, -32.1718871 ], [ -70.4372152, -32.2709559 ], [ -70.3592095, -32.2539677 ], [ -70.3266987, -32.2769144 ], [ -70.3040957, -32.1359379 ], [ -70.3409668, -32.1104591 ], [ -70.3357945, -32.0697888 ], [ -70.3882862, -32.0433326 ], [ -70.3589751, -32.0253198 ], [ -70.2884934, -32.0511986 ], [ -70.208494, -31.9778548 ], [ -70.280548, -31.8837992 ], [ -70.3759498, -31.885167 ], [ -70.4608517, -31.8432889 ], [ -70.4667109, -31.7012054 ], [ -70.5134303, -31.6899775 ], [ -70.5073117, -31.6522679 ], [ -70.5673326, -31.600227 ], [ -70.5247565, -31.189528 ], [ -70.45784, -31.08493 ], [ -70.401179, -31.1669323 ], [ -70.3217981, -31.0432114 ], [ -70.2695321, -31.0438493 ], [ -70.323294, -30.9288919 ], [ -70.1948147, -30.49163 ], [ -70.1174773, -30.4310939 ], [ -70.1549966, -30.3471608 ], [ -70.0209045, -30.3973055 ], [ -69.8961113, -30.3540898 ], [ -69.885376, -30.2185059 ], [ -69.8355103, -30.2191772 ], [ -69.8103027, -30.1444092 ], [ -69.8815918, -30.1091919 ], [ -69.9370117, -30.1201782 ], [ -69.9656982, -30.0853882 ], [ -69.9141846, -30.0255127 ], [ -69.8766058, -29.8615589 ], [ -69.9136345, -29.8065748 ], [ -69.8812769, -29.7076943 ], [ -69.940079, -29.6542315 ], [ -69.9517175, -29.4996807 ], [ -70.0891937, -29.5351025 ], [ -70.1715922, -29.5244387 ], [ -70.3033205, -29.3738394 ], [ -70.382215, -29.3741341 ], [ -70.3938335, -29.3987538 ], [ -70.4592042, -29.3818843 ], [ -70.4675898, -29.2341088 ], [ -70.5423277, -29.0492083 ], [ -70.7236549, -29.0571544 ] ] ] } },
{ "type": "Feature", "properties": { "geo_id": "region:05", "nombre": "VALPARAÍSO" }, "geometry": { "type": "MultiPolygon", "coordinates": [ [ [ [ -71.6107668, -33.514818 ], [ -71.6703223, -33.718719 ], [ -71.7940581, -33.7728306 ], [ -71.8381575, -33.9179759 ], [ -71.7494108, -33.9205928 ], [ -71.721748, -33.9557344 ], [ -71.5562551, -33.8737613 ], [ -71.5459441, -33.7656152 ], [ -71.4287733, -33.7891179 ], [ -71.3580567, -33.7553676 ], [ -71.4377479, -33.681243 ], [ -71.3358746, -33.606903 ], [ -71.3428952, -33.4161311 ], [ -71.2228433, -33.3726938 ], [ -71.195279, -33.3108263 ], [ -71.2161349, -33.2344504 ], [ -71.0745691, -33.2308327 ], [ -70.99774, -33.19857 ], [ -71.0297719, -33.0841556 ], [ -71.0011811, -33.0500741 ], [ -71.0153357, -32.9767982 ], [ -70.8419452, -32.9224065 ], [ -70.7355756, -32.9219793 ], [ -70.7064186, -32.959934 ], [ -70.6043113, -32.9420643 ], [ -70.5089014, -33.0885564 ], [ -70.4138094, -33.0250403 ], [ -70.3730228, -33.1056755 ], [ -70.2995873, -33.1134175 ], [ -70.2439892, -33.186933 ], [ -70.2001023, -33.1104319 ], [ -70.1551733, -33.113132 ], [ -70.0812936, -33.0287409 ], [ -70.0198879, -33.0073354 ], [ -69.9894875, -32.8985519 ], [ -70.0449392, -32.869796 ], [ -70.1472194, -32.7291271 ], [ -70.1720508, -32.6211173 ], [ -70.1229833, -32.5351074 ], [ -70.148729, -32.465921 ], [ -70.2365695, -32.4287173 ], [ -70.2221878, -32.3253383 ], [ -70.3537305, -32.2545697 ], [ -70.4372152, -32.2709559 ], [ -70.4560204, -32.1718871 ], [ -70.6451072, -32.138531 ], [ -70.6571573, -32.0550701 ], [ -70.6908488, -32.062693 ], [ -70.73979, -32.02063 ], [ -70.9301421, -32.079697 ], [ -70.951484, -32.0482143 ], [ -71.0399708, -32.0324371 ], [ -71.0303442, -32.0738006 ], [ -71.1685334, -32.1683542 ], [ -71.222651, -32.1274982 ], [ -71.3380117, -32.2031219 ], [ -71.4774405, -32.1543493 ], [ -71.5422987, -32.1769972 ], [ -71.5258353, -32.2410288 ], [ -71.4715856, -32.2732689 ], [ -71.471009, -32.3449438 ], [ -71.4078065, -32.3950718 ], [ -71.4344813, -32.4946933 ], [ -71.4768259, -32.5221513 ], [ -71.431278, -32.6388896 ], [ -71.4690914, -32.7097619 ], [ -71.509558, -32.7112655 ], [ -71.4909861, -32.7707151 ], [ -71.5411631, -32.7726927 ], [ -71.5067283, -32.9043216 ], [ -71.5520299, -32.9290363 ], [ -71.5536732, -33.0106826 ], [ -71.6129182, -33.0428353 ], [ -71.6491735, -33.0215878 ], [ -71.6736703, -33.1020973 ], [ -71.7423899, -33.0978539 ], [ -71.6843098, -33.1732911 ], [ -71.707734, -33.1993883 ], [ -71.6523943, -33.3026363 ], [ -71.7098982, -33.4251842 ], [ -71.6107668, -33.514818 ] ] ], [ [ [ -78.890104, -33.6148402 ], [ -78.9465142, -33.6807168 ], [ -78.87177, -33.6449464 ], [ -78.7692797, -33.6729042 ], [ -78.7894934, -33.6409597 ], [ -78.890104, -33.6148402 ] ] ], [ [ [ -78.9473245, -33.7122851 ], [ -78.9234424, -33.7153202 ], [ -78.949606, -33.695718 ], [ -78.9473245, -33.7122851 ] ] ], [ [ [ -80.1146199, -26.295267 ], [ -80.0863034, -26.2999785 ], [ -80.0912724, -26.2859387 ], [ -80.1146199, -26.295267 ] ] ], [ [ [ -80.7760593, -33.7219631 ], [ -80.837027, -33.7484174 ], [ -80.7754455, -33.81509 ], [ -80.75499, -33.7662122 ], [ -80.7760593, -33.7219631 ] ] ], [ [ [ -109.4194788, -27.1056179 ], [ -109.4218054, -27.1961457 ], [ -109.2279407, -27.1064866 ], [ -109.3730324, -27.0550406 ], [ -109.4194788, -27.1056179 ] ] ] ] } },
{ "type": "Feature", "properties": { "geo_id": "region:06", "nombre": "LIBERTADOR GENERAL BERNARDO O'HIGGINS" }, "geometry": { "type": "Polygon", "coordinates": [ [ [ -70.419083, -33.8560288 ], [ -70.6000768, -33.8944411 ], [ -70.659956, -33.9379028 ], [ -70.7012275, -33.9054558 ], [ -70.7583408, -33.9429303 ], [ -70.79751, -33.93081 ], [ -70.8247008, -33.9528354 ], [ -70.7918972, -33.9927399 ], [ -70.8076402, -34.0253331 ], [ -70.88833, -34.03906 ], [ -70.8931604, -34.0756195 ], [ -70.9377705, -34.0893546 ], [ -70.9145305, -34.1445392 ], [ -71.0719103, -34.1838855 ], [ -71.1857436, -34.1572045 ], [ -71.30151, -34.03126 ], [ -71.3900885, -34.0759306 ], [ -71.44828, -34.0139 ], [ -71.566426, -33.9839419 ], [ -71.5881355, -34.0337202 ], [ -71.7494108, -33.9205928 ], [ -71.8386583, -33.9262487 ], [ -71.8355475, -33.9032156 ], [ -72.0091414, -34.1322421 ], [ -71.9756654, -34.3448263 ], [ -72.0499009, -34.4275599 ], [ -72.0250431, -34.488511 ], [ -72.0572753, -34.6867327 ], [ -72.0050562, -34.7051373 ], [ -71.9150278, -34.8152033 ], [ -71.7950302, -34.8273719 ], [ -71.7095786, -34.9373636 ], [ -71.6746422, -34.9234852 ], [ -71.6595195, -34.85499 ], [ -71.3665602, -34.9135582 ], [ -71.37494, -34.83398 ], [ -71.2792904, -34.7916361 ], [ -71.2115903, -34.8353543 ], [ -71.1344019, -34.7871102 ], [ -71.0990531, -34.8279308 ], [ -71.0471786, -34.7937963 ], [ -70.9574574, -34.8722276 ], [ -70.7713447, -34.8588696 ], [ -70.6221495, -34.9876953 ], [ -70.5410798, -34.9335527 ], [ -70.4780266, -34.9941073 ], [ -70.333822, -34.9911005 ], [ -70.2482835, -34.7991091 ], [ -70.3062658, -34.7474073 ], [ -70.2154403, -34.6840789 ], [ -70.2168155, -34.6114639 ], [ -70.1319397, -34.4881383 ], [ -70.0092449, -34.3937862 ], [ -70.0505889, -34.2259594 ], [ -70.1642226, -34.1594133 ], [ -70.1416614, -34.120497 ], [ -70.1696244, -34.0448075 ], [ -70.2410316, -34.0328689 ], [ -70.2630086, -34.0713329 ], [ -70.3381348, -34.0550633 ], [ -70.3212143, -33.9988155 ], [ -70.419083, -33.8560288 ] ] ] } },
{ "type": "Feature", "properties": { "geo_id": "region:07", "nombre": "MAULE" }, "geometry": { "type": "Polygon", "coordinates": [ [ [ -72.1806169, -34.8953279 ], [ -72.2076201, -35.1141368 ], [ -72.3997619, -35.2475831 ], [ -72.3961056, -35.3350535 ], [ -72.3348848, -35.3733519 ], [ -72.4349315, -35.3275997 ], [ -72.498936, -35.3913711 ], [ -72.4895477, -35.4636746 ], [ -72.6186169, -35.5605246 ], [ -72.6387984, -35.6015636 ], [ -72.5683697, -35.7991508 ], [ -72.7716378, -35.9611423 ], [ -72.7795536, -36.013942 ], [ -72.6872856, -36.0185 ], [ -72.655422, -36.0473875 ], [ -72.6446569, -36.0151545 ], [ -72.5837376, -36.0775421 ], [ -72.4925228, -36.0723208 ], [ -72.5016344, -36.143315 ], [ -72.3384661, -36.1742665 ], [ -72.3376325, -36.2053513 ], [ -72.412376, -36.2079305 ], [ -72.3725106, -36.2571751 ], [ -72.3156063, -36.2326854 ], [ -72.277621, -36.2614872 ], [ -72.2373005, -36.2069801 ], [ -72.1391058, -36.245948 ], [ -72.1031968, -36.1234848 ], [ -72.0766076, -36.1307956 ], [ -71.973521, -36.2590844 ], [ -71.8138659, -36.2542002 ], [ -71.6893241, -36.3586776 ], [ -71.4668933, -36.4126935 ], [ -71.4099812, -36.5035138 ], [ -71.3535139, -36.5126178 ], [ -71.3384203, -36.5435982 ], [ -71.2819935, -36.4481019 ], [ -71.2244895, -36.4624248 ], [ -71.1140981, -36.3616448 ], [ -71.0587731, -36.3868347 ], [ -71.0614408, -36.464407 ], [ -70.9722702, -36.5028184 ], [ -70.89114, -36.46838 ], [ -70.8850106, -36.396428 ], [ -70.7128328, -36.4268089 ], [ -70.6794252, -36.3910028 ], [ -70.7055802, -36.2720488 ], [ -70.5708075, -36.1748526 ], [ -70.5767467, -36.1374475 ], [ -70.4897155, -36.1791356 ], [ -70.4210157, -36.1562928 ], [ -70.4098798, -36.0551562 ], [ -70.3692196, -36.0382525 ], [ -70.3748792, -35.9946244 ], [ -70.4226746, -35.971777 ], [ -70.3652535, -35.9246328 ], [ -70.4233195, -35.9152077 ], [ -70.4216776, -35.8766105 ], [ -70.3117471, -35.8132324 ], [ -70.3789937, -35.7875848 ], [ -70.3581862, -35.7494582 ], [ -70.42318, -35.6403916 ], [ -70.3846565, -35.6054925 ], [ -70.4134999, -35.5284332 ], [ -70.3679651, -35.5209446 ], [ -70.4467488, -35.4634459 ], [ -70.4319846, -35.3186374 ], [ -70.504253, -35.3202773 ], [ -70.5835268, -35.2679425 ], [ -70.5263147, -35.1942943 ], [ -70.3747449, -35.1701245 ], [ -70.364436, -35.0051618 ], [ -70.4780266, -34.9941073 ], [ -70.5410798, -34.9335527 ], [ -70.6221495, -34.9876953 ], [ -70.7713447, -34.8588696 ], [ -70.9574574, -34.8722276 ], [ -71.0471786, -34.7937963 ], [ -71.0990531, -34.8279308 ], [ -71.1344019, -34.7871102 ], [ -71.2115903, -34.8353543 ], [ -71.2792904, -34.7916361 ], [ -71.37494, -34.83398 ], [ -71.3665602, -34.9135582 ], [ -71.6595195, -34.85499 ], [ -71.6746422, -34.9234852 ], [ -71.7095786, -34.9373636 ], [ -71.7950302, -34.8273719 ], [ -71.9150278, -34.8152033 ], [ -72.035135, -34.6868078 ], [ -72.1806169, -34.8953279 ] ], [ [ -72.1736074, -35.0349425 ], [ -72.1850578, -34.9815366 ], [ -72.1471741, -35.0575724 ], [ -72.1736074, -35.0349425 ] ], [ [ -72.1261453, -35.0371672 ], [ -72.1288748, -35.0528015 ], [ -72.1449018, -35.05698 ], [ -72.1261453, -35.0371672 ] ] ] } },
{ "type": "Feature", "properties": { "geo_id": "region:08", "nombre": "BIOBÍO" }, "geometry": { "type": "MultiPolygon", "coordinates": [ [ [ [ -73.9529705, -38.3145366 ], [ -73.935984, -38.4123395 ], [ -73.8838726, -38.4154145 ], [ -73.8646569, -38.3733021 ], [ -73.9529705, -38.3145366 ] ] ], [ [ [ -73.5241225, -36.9713477 ], [ -73.5550477, -37.0249869 ], [ -73.5192965, -37.0770219 ], [ -73.5094288, -37.0419104 ], [ -73.4606773, -37.0500156 ], [ -73.5241225, -36.9713477 ] ] ], [ [ [ -73.0480194, -36.6041452 ], [ -73.071544, -36.6478358 ], [ -73.0554446, -36.6431766 ], [ -73.0480194, -36.6041452 ] ] ], [ [ [ -72.8872347, -36.4429188 ], [ -72.9330163, -36.5438954 ], [ -72.9563816, -36.5556751 ], [ -72.9671162, -36.5216381 ], [ -73.0018462, -36.5785806 ], [ -72.9563014, -36.6266153 ], [ -72.9920816, -36.7323827 ], [ -73.1063333, -36.7221253 ], [ -73.090437, -36.6302575 ], [ -73.1187303, -36.6146685 ], [ -73.1622851, -36.7111592 ], [ -73.1312529, -36.7467907 ], [ -73.1688455, -36.76673 ], [ -73.1918768, -36.7466216 ], [ -73.2195253, -36.7809972 ], [ -73.1743881, -36.8137211 ], [ -73.0863439, -36.8129221 ], [ -73.0220952, -36.9548909 ], [ -72.9620906, -36.9731574 ], [ -73.0351972, -36.9644546 ], [ -73.0755896, -36.8432255 ], [ -73.1608935, -36.8175782 ], [ -73.1892822, -37.0016835 ], [ -73.1417682, -37.054686 ], [ -73.1977311, -37.1736002 ], [ -73.2742758, -37.225706 ], [ -73.3926564, -37.2437617 ], [ -73.457248, -37.2044226 ], [ -73.5429102, -37.2044676 ], [ -73.5861298, -37.1474094 ], [ -73.6621408, -37.2499039 ], [ -73.6850461, -37.3668532 ], [ -73.6120856, -37.4025147 ], [ -73.5889792, -37.5034756 ], [ -73.6745123, -37.6020994 ], [ -73.6662748, -37.7218768 ], [ -73.5387866, -37.8797812 ], [ -73.4525671, -38.0803035 ], [ -73.4642527, -38.2181413 ], [ -73.5141461, -38.2608822 ], [ -73.5180802, -38.4810951 ], [ -73.3825293, -38.3983295 ], [ -73.3213482, -38.436209 ], [ -73.3134261, -38.4894826 ], [ -73.2750169, -38.4892774 ], [ -73.3297556, -38.3450031 ], [ -73.2017067, -38.2310741 ], [ -73.13862, -38.2154494 ], [ -73.1316461, -38.1826004 ], [ -73.0770672, -38.1763365 ], [ -73.0804863, -38.094741 ], [ -73.2040433, -38.03891 ], [ -73.1862295, -37.9872963 ], [ -73.119993, -37.9609419 ], [ -73.1241404, -37.876921 ], [ -73.0240519, -37.8078352 ], [ -73.0240412, -37.7205048 ], [ -73.1014596, -37.7260446 ], [ -73.1244408, -37.6904272 ], [ -73.0807331, -37.6775139 ], [ -73.0721264, -37.6207458 ], [ -72.7765436, -37.5817276 ], [ -72.7277557, -37.6264468 ], [ -72.6530092, -37.6198019 ], [ -72.6319461, -37.6685179 ], [ -72.4939931, -37.6453086 ], [ -72.4798944, -37.7467255 ], [ -72.3867133, -37.8495975 ], [ -72.2447498, -37.8785509 ], [ -72.1019389, -37.9984277 ], [ -71.9657525, -37.993834 ], [ -71.888158, -38.0757571 ], [ -71.7702857, -38.0304516 ], [ -71.701113, -38.0697059 ], [ -71.7208894, -38.1458921 ], [ -71.6871366, -38.2453888 ], [ -71.7110783, -38.2601531 ], [ -71.649, -38.31447 ], [ -71.6082991, -38.2404437 ], [ -71.55359, -38.24605 ], [ -71.53132, -38.20377 ], [ -71.4367908, -38.1776777 ], [ -71.3764643, -38.0854008 ], [ -71.284266, -38.1106229 ], [ -71.0853348, -38.0901357 ], [ -71.0439489, -38.1228298 ], [ -70.9832726, -38.1052455 ], [ -71.0556558, -38.0446169 ], [ -71.061757, -37.97047 ], [ -71.1141812, -37.9517389 ], [ -71.0989098, -37.9011021 ], [ -71.1830524, -37.8584259 ], [ -71.1255456, -37.8219345 ], [ -71.2117772, -37.6884753 ], [ -71.1948164, -37.6299977 ], [ -71.1267448, -37.5857397 ], [ -71.1496447, -37.5391403 ], [ -71.1181884, -37.4697432 ], [ -71.1527856, -37.4012839 ], [ -71.1992137, -37.3807253 ], [ -71.220743, -37.274906 ], [ -71.1148665, -37.2067201 ], [ -71.1345685, -37.1418465 ], [ -71.0961744, -37.1091591 ], [ -71.2694009, -37.1117354 ], [ -71.3833722, -37.0670566 ], [ -71.4107947, -37.0901147 ], [ -71.5108188, -37.0042041 ], [ -71.55101, -37.0212 ], [ -71.5634366, -37.1334419 ], [ -71.6795533, -37.1449288 ], [ -71.7981839, -37.1086761 ], [ -71.899329, -37.1847582 ], [ -71.9897961, -37.1932782 ], [ -72.0351606, -37.1654554 ], [ -72.0654747, -37.1667797 ], [ -72.0617824, -37.1926958 ], [ -72.2714681, -37.1948992 ], [ -72.2611667, -37.0925667 ], [ -72.1924685, -37.0304076 ], [ -72.326037, -36.9814607 ], [ -72.3855283, -36.9116874 ], [ -72.4615284, -36.9274528 ], [ -72.4514116, -36.9083029 ], [ -72.5036946, -36.8952383 ], [ -72.5165617, -36.9393472 ], [ -72.65356, -36.92 ], [ -72.6429324, -36.8815505 ], [ -72.5676885, -36.8928261 ], [ -72.5385792, -36.8494835 ], [ -72.5929799, -36.81596 ], [ -72.5909655, -36.7333092 ], [ -72.6543592, -36.6665472 ], [ -72.7200744, -36.6549837 ], [ -72.733571, -36.6173537 ], [ -72.7988567, -36.6055116 ], [ -72.8280541, -36.526663 ], [ -72.7928115, -36.5116593 ], [ -72.8099828, -36.4595621 ], [ -72.8872347, -36.4429188 ] ] ] ] } },
{ "type": "Feature", "properties": { "geo_id": "region:09", "nombre": "LA ARAUCANÍA" }, "geometry": { "type": "Polygon", "coordinates": [ [ [ -73.3674823, -38.7506342 ], [ -73.3571793, -38.7058676 ], [ -73.3589563, -38.7504427 ], [ -73.4211962, -38.7594821 ], [ -73.2964198, -39.0215713 ], [ -73.2260233, -39.2526845 ], [ -73.2340338, -39.2049805 ], [ -73.1817513, -39.1880704 ], [ -73.2311965, -39.2085595 ], [ -73.2043238, -39.3689232 ], [ -73.2430348, -39.3903903 ], [ -73.2023174, -39.4132711 ], [ -73.087585, -39.3894745 ], [ -73.0071154, -39.2917095 ], [ -72.9459111, -39.317351 ], [ -72.8663721, -39.2869467 ], [ -72.8329038, -39.3150805 ], [ -72.900012, -39.3805412 ], [ -72.8967566, -39.4307289 ], [ -72.8568151, -39.3979473 ], [ -72.6593804, -39.4600507 ], [ -72.5323117, -39.4333206 ], [ -72.515805, -39.4778213 ], [ -72.3295932, -39.5102448 ], [ -72.2788697, -39.4911848 ], [ -72.2525383, -39.513559 ], [ -72.117409, -39.5099646 ], [ -71.9242125, -39.4205854 ], [ -71.81088, -39.48962 ], [ -71.7049007, -39.5019785 ], [ -71.6963975, -39.5628428 ], [ -71.6236472, -39.5924677 ], [ -71.6095926, -39.6279166 ], [ -71.5026085, -39.6371365 ], [ -71.467356, -39.5580528 ], [ -71.5344482, -39.5281069 ], [ -71.4733875, -39.4933962 ], [ -71.4571382, -39.3710533 ], [ -71.4011274, -39.3515926 ], [ -71.3736555, -39.2824492 ], [ -71.4211988, -39.1511704 ], [ -71.3972517, -39.0456894 ], [ -71.4406668, -38.9810372 ], [ -71.433507, -38.9291364 ], [ -71.2958149, -38.8719391 ], [ -71.2384748, -38.8022407 ], [ -71.1852447, -38.8151212 ], [ -71.0947261, -38.7544695 ], [ -70.9250855, -38.7622556 ], [ -70.8829641, -38.7014801 ], [ -70.9044825, -38.6671309 ], [ -70.8267855, -38.5969154 ], [ -70.844008, -38.5367293 ], [ -70.983684, -38.4302679 ], [ -70.99702, -38.2914596 ], [ -71.0325597, -38.2494669 ], [ -70.9955733, -38.1707405 ], [ -71.0853348, -38.0901357 ], [ -71.284266, -38.1106229 ], [ -71.3764643, -38.0854008 ], [ -71.4367908, -38.1776777 ], [ -71.53132, -38.20377 ], [ -71.55359, -38.24605 ], [ -71.6082991, -38.2404437 ], [ -71.649485, -38.3143292 ], [ -71.7110783, -38.2601531 ], [ -71.6871366, -38.2453888 ], [ -71.7208894, -38.1458921 ], [ -71.6978528, -38.0842857 ], [ -71.734562, -38.0434984 ], [ -71.7768583, -38.0306739 ], [ -71.8790192, -38.0782747 ], [ -71.9657525, -37.993834 ], [ -72.1019389, -37.9984277 ], [ -72.2447498, -37.8785509 ], [ -72.3175503, -37.8812912 ], [ -72.4009651, -37.8419363 ], [ -72.4798944, -37.7467255 ], [ -72.4936743, -37.6454756 ], [ -72.6319461, -37.6685179 ], [ -72.6530092, -37.6198019 ], [ -72.8526428, -37.5897204 ], [ -73.0725057, -37.6210854 ], [ -73.0807331, -37.6775139 ], [ -73.1244408, -37.6904272 ], [ -73.1014596, -37.7260446 ], [ -73.0240412, -37.7205048 ], [ -73.0240519, -37.8078352 ], [ -73.1241404, -37.876921 ], [ -73.119993, -37.9609419 ], [ -73.1862295, -37.9872963 ], [ -73.2040433, -38.03891 ], [ -73.0804863, -38.094741 ], [ -73.0770672, -38.1763365 ], [ -73.1316461, -38.1826004 ], [ -73.13862, -38.2154494 ], [ -73.2017067, -38.2310741 ], [ -73.3297556, -38.3450031 ], [ -73.2750169, -38.4892774 ], [ -73.3134261, -38.4894826 ], [ -73.3213482, -38.436209 ], [ -73.3825293, -38.3983295 ], [ -73.5195338, -38.4812673 ], [ -73.4882837, -38.657246 ], [ -73.4096017, -38.7867047 ], [ -73.429963, -38.7424943 ], [ -73.3674823, -38.7506342 ] ], [ [ -73.4375117, -38.7261038 ], [ -73.4048642, -38.7112542 ], [ -73.4307375, -38.7408125 ], [ -73.4375117, -38.7261038 ] ] ] } },
{ "type": "Feature", "properties": { "geo_id": "region:10", "nombre": "LOS LAGOS" }, "geometry": { "type": "MultiPolygon", "coordinates": [ [ [ [ -73.849055, -41.2963014 ], [ -73.8542108, -41.4635373 ], [ -73.7992882, -41.5058231 ], [ -73.7908112, -41.5820736 ], [ -73.7499502, -41.558029 ], [ -73.6752251, -41.602268 ], [ -73.6575474, -41.5899485 ], [ -73.7086214, -41.4920716 ], [ -73.6450537, -41.5586224 ], [ -73.6010468, -41.5526114 ], [ -73.6634697, -41.5722466 ], [ -73.6023595, -41.6057465 ], [ -73.5328162, -41.5906083 ], [ -73.5003155, -41.5303062 ], [ -73.4317258, -41.4970681 ], [ -73.348429, -41.5234529 ], [ -73.4143832, -41.5036542 ], [ -73.3929626, -41.5232881 ], [ -73.4812154, -41.5255292 ], [ -73.5121917, -41.6171588 ], [ -73.5874715, -41.6164872 ], [ -73.5683141, -41.6441161 ], [ -73.6510798, -41.6026312 ], [ -73.7599344, -41.7457567 ], [ -73.4798613, -41.7994098 ], [ -73.4206608, -41.7828229 ], [ -73.3489864, -41.811917 ], [ -73.4115833, -41.7713436 ], [ -73.2559112, -41.7879994 ], [ -73.247059, -41.7139767 ], [ -73.1883629, -41.7473025 ], [ -73.1868583, -41.7786388 ], [ -73.2468965, -41.7206314 ], [ -73.2431888, -41.8004783 ], [ -73.1324453, -41.7668023 ], [ -73.1902927, -41.7954824 ], [ -73.1556621, -41.8082522 ], [ -73.1240081, -41.7780455 ], [ -73.1275573, -41.7616915 ], [ -73.1688752, -41.7457556 ], [ -73.1580373, -41.7149578 ], [ -73.1322433, -41.7546966 ], [ -73.0987064, -41.7034025 ], [ -73.0610689, -41.7215454 ], [ -73.0378801, -41.7042879 ], [ -73.0964412, -41.5894687 ], [ -73.0317126, -41.5614836 ], [ -73.0403822, -41.5184384 ], [ -72.9389153, -41.4728841 ], [ -72.7839143, -41.5123669 ], [ -72.6683095, -41.6146215 ], [ -72.6487365, -41.6957351 ], [ -72.6150502, -41.7104848 ], [ -72.3862375, -41.6606055 ], [ -72.301036, -41.4227969 ], [ -72.3262497, -41.428118 ], [ -72.332403, -41.3940123 ], [ -72.3187937, -41.3689636 ], [ -72.2758193, -41.391802 ], [ -72.3152831, -41.4936027 ], [ -72.2759564, -41.5057318 ], [ -72.3267548, -41.6216136 ], [ -72.3157118, -41.6530575 ], [ -72.2843888, -41.6444094 ], [ -72.4653236, -41.7249344 ], [ -72.587303, -41.7473996 ], [ -72.6480025, -41.7303116 ], [ -72.8788871, -41.9133458 ], [ -72.8071141, -41.9385622 ], [ -72.8128377, -41.9764742 ], [ -72.689323, -42.0304213 ], [ -72.6833566, -42.0019595 ], [ -72.6323302, -42.0122157 ], [ -72.6433941, -42.0370159 ], [ -72.6150303, -42.0426031 ], [ -72.5995518, -42.0061715 ], [ -72.5879226, -42.0437474 ], [ -72.5351463, -42.0429182 ], [ -72.4944943, -41.969325 ], [ -72.4296572, -41.9753971 ], [ -72.4651172, -42.1434616 ], [ -72.3561533, -42.1693132 ], [ -72.4438665, -42.1649588 ], [ -72.4602403, -42.19781 ], [ -72.4490141, -42.2548399 ], [ -72.3940467, -42.2493258 ], [ -72.4705227, -42.3003615 ], [ -72.3971444, -42.4689617 ], [ -72.4370063, -42.4886137 ], [ -72.4537503, -42.397855 ], [ -72.5089153, -42.3455718 ], [ -72.5150119, -42.2433849 ], [ -72.5815638, -42.1884517 ], [ -72.7380759, -42.2236747 ], [ -72.8402216, -42.2931777 ], [ -72.8214179, -42.3238055 ], [ -72.7856096, -42.3130151 ], [ -72.7664987, -42.3772406 ], [ -72.6975927, -42.4101603 ], [ -72.6217301, -42.5203072 ], [ -72.5080148, -42.5708455 ], [ -72.5404209, -42.5839083 ], [ -72.6755554, -42.5207142 ], [ -72.8141785, -42.508139 ], [ -72.8559076, -42.6200883 ], [ -72.8053734, -42.6778351 ], [ -72.8051156, -42.7002077 ], [ -72.8311464, -42.7142474 ], [ -72.8441863, -42.7015669 ], [ -72.8556619, -42.7674874 ], [ -72.8353526, -42.8341557 ], [ -72.7196282, -42.9063687 ], [ -72.7427403, -42.9428097 ], [ -72.8086103, -42.9326273 ], [ -72.8176853, -42.9511703 ], [ -72.7249257, -43.0820367 ], [ -72.790356, -43.024889 ], [ -72.8591944, -43.028404 ], [ -72.9152134, -43.1300555 ], [ -72.8740322, -43.2378905 ], [ -72.980522, -43.2669914 ], [ -73.0612112, -43.3229045 ], [ -73.0502074, -43.394499 ], [ -73.0910208, -43.4633176 ], [ -73.0506059, -43.5306789 ], [ -72.9993498, -43.5942793 ], [ -72.9123114, -43.6061696 ], [ -72.8817712, -43.5754131 ], [ -72.8723421, -43.6089754 ], [ -72.9514142, -43.6365268 ], [ -72.965967, -43.6828816 ], [ -73.0487046, -43.7384954 ], [ -72.9369481, -43.6973075 ], [ -72.8559011, -43.7412029 ], [ -72.8072801, -43.6383042 ], [ -72.7666574, -43.6919449 ], [ -72.8004633, -43.7406622 ], [ -72.763001, -43.7702949 ], [ -72.6620645, -43.7776869 ], [ -72.6111156, -43.7548802 ], [ -72.5010122, -43.7974474 ], [ -72.4755928, -43.735075 ], [ -72.3381662, -43.6739319 ], [ -72.271487, -43.7612751 ], [ -72.3020589, -43.7821648 ], [ -72.2423562, -43.8078239 ], [ -72.2778118, -43.8355063 ], [ -72.1928116, -43.8425344 ], [ -72.1801959, -43.8951625 ], [ -72.1185094, -43.8775107 ], [ -72.080087, -43.8978778 ], [ -72.1084165, -43.9346782 ], [ -72.0761389, -43.955678 ], [ -72.0430099, -43.9363782 ], [ -71.9802548, -43.9671462 ], [ -71.9718466, -43.9259555 ], [ -71.8565795, -43.9291324 ], [ -71.8078956, -43.9551562 ], [ -71.8265325, -44.0000778 ], [ -71.7912222, -44.0545817 ], [ -71.7368268, -44.0670545 ], [ -71.6487616, -43.9455967 ], [ -71.708236, -43.854905 ], [ -71.763725, -43.840771 ], [ -71.7538026, -43.787947 ], [ -71.6616028, -43.7033806 ], [ -71.5998382, -43.6973676 ], [ -71.5811832, -43.6518247 ], [ -71.6268093, -43.6237709 ], [ -71.7029997, -43.6255079 ], [ -71.7076158, -43.5844146 ], [ -71.7598212, -43.5839387 ], [ -71.7766059, -43.5386697 ], [ -71.8768658, -43.548727 ], [ -71.891305, -43.5104107 ], [ -71.8480558, -43.4830365 ], [ -71.9341685, -43.4481536 ], [ -71.9330604, -43.3862898 ], [ -71.8933234, -43.3799366 ], [ -71.9067726, -43.3234476 ], [ -71.8393007, -43.3341806 ], [ -71.7874284, -43.2965137 ], [ -71.7349851, -43.3136934 ], [ -71.7571141, -43.228247 ], [ -71.7296551, -43.1985989 ], [ -71.9335347, -43.1015514 ], [ -71.93547, -43.05346 ], [ -72.0018321, -43.038119 ], [ -72.1174777, -42.9357505 ], [ -72.1647337, -42.8000251 ], [ -72.1286944, -42.7314586 ], [ -72.1787106, -42.6955525 ], [ -72.0969602, -42.6419947 ], [ -72.1167927, -42.6025843 ], [ -72.0569492, -42.5700332 ], [ -72.0116681, -42.4878942 ], [ -72.0468866, -42.4515811 ], [ -72.0286812, -42.4066832 ], [ -72.1304771, -42.3850752 ], [ -72.1752993, -42.1419519 ], [ -72.0672654, -42.1474326 ], [ -72.0527507, -42.1137633 ], [ -71.9571352, -42.1417906 ], [ -71.9246556, -42.190284 ], [ -71.7251628, -42.1101572 ], [ -71.7268284, -42.0468635 ], [ -71.7944514, -41.9616433 ], [ -71.7722748, -41.9295682 ], [ -71.7974643, -41.8429072 ], [ -71.7508388, -41.8247247 ], [ -71.7536455, -41.7870796 ], [ -71.810065, -41.7207156 ], [ -71.7943428, -41.694363 ], [ -71.8855611, -41.6056252 ], [ -71.8480228, -41.5663842 ], [ -71.8176273, -41.5755996 ], [ -71.8523852, -41.5155263 ], [ -71.83638, -41.43271 ], [ -71.9125488, -41.3403946 ], [ -71.8761566, -41.3082536 ], [ -71.8975949, -41.2554988 ], [ -71.8342525, -41.2712143 ], [ -71.8877678, -41.1669353 ], [ -71.8398332, -41.1504484 ], [ -71.8521229, -41.0984375 ], [ -71.8181801, -41.0625987 ], [ -71.9055899, -40.9850731 ], [ -71.903809, -40.9610961 ], [ -71.8565321, -40.9588422 ], [ -71.8588069, -40.881183 ], [ -71.9087105, -40.8568094 ], [ -71.9201163, -40.7854391 ], [ -71.9687748, -40.7444154 ], [ -71.8681387, -40.6628725 ], [ -71.8254562, -40.5776056 ], [ -71.8552105, -40.5922823 ], [ -71.8837601, -40.5641688 ], [ -71.969984, -40.6343957 ], [ -72.0522766, -40.6298531 ], [ -72.1008254, -40.6631208 ], [ -72.1999306, -40.6716211 ], [ -72.2860655, -40.646343 ], [ -72.3341938, -40.6757588 ], [ -72.4375066, -40.6541692 ], [ -72.6068204, -40.6811419 ], [ -72.6574728, -40.6244023 ], [ -72.7805793, -40.5969249 ], [ -72.8923733, -40.5063059 ], [ -72.9071866, -40.440394 ], [ -73.0789077, -40.3447955 ], [ -73.149565, -40.3607527 ], [ -73.406902, -40.3376446 ], [ -73.4562408, -40.2695189 ], [ -73.598073, -40.3014453 ], [ -73.7125748, -40.2447833 ], [ -73.7489819, -40.2864069 ], [ -73.746801, -40.4422817 ], [ -73.7770649, -40.45376 ], [ -73.7160512, -40.5559051 ], [ -73.8340193, -40.66678 ], [ -73.8000607, -40.7156726 ], [ -73.8297938, -40.7221958 ], [ -73.8866932, -40.8604473 ], [ -73.8476886, -40.9190946 ], [ -73.9454556, -40.985456 ], [ -73.919638, -41.144432 ], [ -73.849055, -41.2963014 ] ], [ [ -73.8411721, -41.2734023 ], [ -73.7980117, -41.2709688 ], [ -73.8425746, -41.2839093 ], [ -73.8411721, -41.2734023 ] ], [ [ -72.5002157, -42.5501693 ], [ -72.4903783, -42.5637363 ], [ -72.5052984, -42.5697506 ], [ -72.5002157, -42.5501693 ] ] ], [ [ [ -72.5131717, -42.0542279 ], [ -72.4845684, -42.0704312 ], [ -72.4629694, -41.9868284 ], [ -72.5131717, -42.0542279 ] ] ], [ [ [ -72.5563624, -42.1009681 ], [ -72.5571441, -42.0762416 ], [ -72.6096892, -42.1339 ], [ -72.4903536, -42.1694754 ], [ -72.4774615, -42.0891284 ], [ -72.5311727, -42.0726821 ], [ -72.5563624, -42.1009681 ] ] ], [ [ [ -72.6444942, -42.0795232 ], [ -72.6188994, -42.0675214 ], [ -72.645267, -42.0649002 ], [ -72.6444942, -42.0795232 ] ] ], [ [ [ -72.8628773, -42.6788644 ], [ -72.8314235, -42.7086155 ], [ -72.8209444, -42.6748097 ], [ -72.8628773, -42.6788644 ] ] ], [ [ [ -73.0023954, -41.7051029 ], [ -72.9544037, -41.7243705 ], [ -72.9735094, -41.6922074 ], [ -72.8865288, -41.6976415 ], [ -72.9891678, -41.6574688 ], [ -73.0023954, -41.7051029 ] ] ], [ [ [ -72.8929513, -41.8975998 ], [ -72.8962895, -41.870234 ], [ -72.9399998, -41.8741483 ], [ -72.8929513, -41.8975998 ] ] ], [ [ [ -73.0311998, -42.696214 ], [ -73.0317115, -42.719357 ], [ -72.9499677, -42.80976 ], [ -72.9703682, -42.7524466 ], [ -72.920903, -42.7864398 ], [ -72.92416, -42.72282 ], [ -72.9764867, -42.7389348 ], [ -73.0311998, -42.696214 ] ] ], [ [ [ -72.9794751, -41.4919409 ], [ -72.9943, -41.5154072 ], [ -72.9491512, -41.4831378 ], [ -72.9794751, -41.4919409 ] ] ], [ [ [ -73.0172475, -41.5599881 ], [ -73.0069386, -41.5939702 ], [ -72.9601127, -41.5769179 ], [ -72.980865, -41.5531823 ], [ -73.0172475, -41.5599881 ] ] ], [ [ [ -73.0882276, -41.7479336 ], [ -73.045177, -41.8212711 ], [ -73.0950132, -41.78996 ], [ -73.0729928, -41.8199237 ], [ -73.1155001, -41.8064536 ], [ -73.0313588, -41.862753 ], [ -72.9854875, -41.8576712 ], [ -73.0553247, -41.7326566 ], [ -73.0882276, -41.7479336 ] ] ], [ [ [ -73.0668299, -42.6157968 ], [ -73.0176857, -42.6269066 ], [ -73.0080105, -42.6535788 ], [ -73.0015622, -42.6059459 ], [ -73.0668299, -42.6157968 ] ] ], [ [ [ -73.0311058, -43.6486648 ], [ -73.0143756, -43.6562851 ], [ -73.0222466, -43.6287484 ], [ -73.0311058, -43.6486648 ] ] ], [ [ [ -73.0611046, -42.7522228 ], [ -73.0520985, -42.721322 ], [ -73.0725634, -42.7163058 ], [ -73.0611046, -42.7522228 ] ] ], [ [ [ -73.1103118, -42.2578861 ], [ -73.1396781, -42.3021614 ], [ -73.176853, -42.2755522 ], [ -73.130591, -42.3423366 ], [ -73.0605998, -42.2985184 ], [ -73.0585744, -42.2725882 ], [ -73.1103118, -42.2578861 ] ] ], [ [ [ -73.121256, -41.8972763 ], [ -73.1441783, -41.9139462 ], [ -73.066146, -41.8984421 ], [ -73.121256, -41.8972763 ] ] ], [ [ [ -73.0972824, -42.7358011 ], [ -73.074379, -42.7550403 ], [ -73.0880357, -42.7248455 ], [ -73.0972824, -42.7358011 ] ] ], [ [ [ -73.0930776, -42.6628479 ], [ -73.0750585, -42.6839068 ], [ -73.0752618, -42.6553547 ], [ -73.0930776, -42.6628479 ] ] ], [ [ [ -73.0911512, -41.8492136 ], [ -73.0867008, -41.8310191 ], [ -73.1229086, -41.8150741 ], [ -73.0911512, -41.8492136 ] ] ], [ [ [ -73.1210601, -42.3955437 ], [ -73.1012183, -42.382145 ], [ -73.1542722, -42.3976369 ], [ -73.1210601, -42.3955437 ] ] ], [ [ [ -73.150118, -41.8386458 ], [ -73.134103, -41.8321843 ], [ -73.1659583, -41.8202789 ], [ -73.150118, -41.8386458 ] ] ], [ [ [ -73.1871998, -42.246578 ], [ -73.1488344, -42.2586868 ], [ -73.1496649, -42.2535163 ], [ -73.1871998, -42.246578 ] ] ], [ [ [ -73.263165, -42.2747488 ], [ -73.1962995, -42.2958752 ], [ -73.2182349, -42.3029657 ], [ -73.1866663, -42.3034592 ], [ -73.2059264, -42.2829273 ], [ -73.263165, -42.2747488 ] ] ], [ [ [ -73.210313, -42.3274618 ], [ -73.1952974, -42.3196751 ], [ -73.2240824, -42.3054948 ], [ -73.210313, -42.3274618 ] ] ], [ [ [ -73.2429147, -42.6150404 ], [ -73.2241233, -42.5905802 ], [ -73.2231781, -42.6261952 ], [ -73.1961794, -42.6174072 ], [ -73.2195399, -42.5605572 ], [ -73.2429147, -42.6150404 ] ] ], [ [ [ -73.2677914, -42.3350811 ], [ -73.2143935, -42.3368329 ], [ -73.2645843, -42.3189076 ], [ -73.2677914, -42.3350811 ] ] ], [ [ [ -73.3133842, -42.3053619 ], [ -73.2887845, -42.317528 ], [ -73.2315665, -42.307988 ], [ -73.2761862, -42.2848293 ], [ -73.3133842, -42.3053619 ] ] ], [ [ [ -73.3584925, -42.6313664 ], [ -73.2455838, -42.6646645 ], [ -73.2322579, -42.6427209 ], [ -73.324306, -42.6232393 ], [ -73.3584925, -42.6313664 ] ] ], [ [ [ -73.264966, -42.5136288 ], [ -73.2494937, -42.4808386 ], [ -73.2930634, -42.4622916 ], [ -73.264966, -42.5136288 ] ] ], [ [ [ -73.3281433, -42.6039878 ], [ -73.2630819, -42.6108904 ], [ -73.26225, -42.5973472 ], [ -73.2975846, -42.586558 ], [ -73.3281433, -42.6039878 ] ] ], [ [ [ -73.2914064, -42.3890871 ], [ -73.3055657, -42.4231901 ], [ -73.3449916, -42.4239419 ], [ -73.2978376, -42.4363184 ], [ -73.2914064, -42.3890871 ] ] ], [ [ [ -73.3773307, -42.4898167 ], [ -73.3152126, -42.4852639 ], [ -73.2989473, -42.4708443 ], [ -73.3748591, -42.4537637 ], [ -73.3773307, -42.4898167 ] ] ], [ [ [ -73.349133, -41.8032566 ], [ -73.3482397, -41.8330628 ], [ -73.3209066, -41.8182256 ], [ -73.349133, -41.8032566 ] ] ], [ [ [ -73.6047389, -42.9323479 ], [ -73.569404, -42.9590019 ], [ -73.5231963, -42.9455931 ], [ -73.5147422, -42.9746434 ], [ -73.4237496, -42.9962782 ], [ -73.4663195, -42.9935565 ], [ -73.3241664, -43.0151919 ], [ -73.5182859, -42.9170126 ], [ -73.6047389, -42.9323479 ] ] ], [ [ [ -74.0202224, -43.3517403 ], [ -74.0039645, -43.3901947 ], [ -73.9804114, -43.3610911 ], [ -73.9247824, -43.369771 ], [ -73.8489369, -43.4287867 ], [ -73.8256242, -43.4015756 ], [ -73.7926764, -43.4101148 ], [ -73.8035149, -43.3302792 ], [ -73.7741536, -43.3830216 ], [ -73.6757222, -43.3865247 ], [ -73.6626959, -43.3520069 ], [ -73.8071384, -43.3206245 ], [ -73.8707535, -43.2869276 ], [ -73.6615048, -43.3183261 ], [ -73.6750624, -43.2665612 ], [ -73.7520187, -43.2050062 ], [ -73.7321227, -43.0938548 ], [ -73.7064378, -43.1502948 ], [ -73.6265425, -43.1449321 ], [ -73.6323919, -43.1170847 ], [ -73.5428909, -43.1232862 ], [ -73.541487, -43.100456 ], [ -73.4791638, -43.1449936 ], [ -73.4936518, -43.0861641 ], [ -73.6192287, -43.0552492 ], [ -73.5717948, -43.033522 ], [ -73.5117296, -43.072366 ], [ -73.5449449, -42.973509 ], [ -73.6066952, -42.9703131 ], [ -73.593018, -42.9524174 ], [ -73.6452747, -42.9419756 ], [ -73.6165263, -42.9168309 ], [ -73.7520975, -42.8475598 ], [ -73.5854118, -42.8888797 ], [ -73.6056873, -42.8512293 ], [ -73.647788, -42.8465257 ], [ -73.6156703, -42.807666 ], [ -73.5709022, -42.888078 ], [ -73.4808726, -42.8749728 ], [ -73.4904316, -42.9064325 ], [ -73.4630321, -42.8830177 ], [ -73.4851903, -42.7946596 ], [ -73.6094654, -42.7491116 ], [ -73.631445, -42.7015299 ], [ -73.6817134, -42.6936455 ], [ -73.6597683, -42.6646456 ], [ -73.6984349, -42.6672033 ], [ -73.7518993, -42.6418702 ], [ -73.7883808, -42.5961655 ], [ -73.7504291, -42.5521919 ], [ -73.8030089, -42.5324793 ], [ -73.7399533, -42.4260694 ], [ -73.7349003, -42.4962495 ], [ -73.7840391, -42.5334121 ], [ -73.7206254, -42.568807 ], [ -73.6306138, -42.5238013 ], [ -73.5766247, -42.5342248 ], [ -73.6838205, -42.4796802 ], [ -73.6408693, -42.4358117 ], [ -73.6658879, -42.3855201 ], [ -73.5455279, -42.334524 ], [ -73.3561622, -42.3382871 ], [ -73.3371258, -42.2650473 ], [ -73.3709528, -42.2445582 ], [ -73.3652698, -42.2045629 ], [ -73.4881171, -42.1610707 ], [ -73.4840642, -42.1170388 ], [ -73.4287942, -42.1060202 ], [ -73.4145173, -42.0730688 ], [ -73.5167191, -41.9514571 ], [ -73.5618401, -41.958633 ], [ -73.5093332, -41.923664 ], [ -73.5278592, -41.8926352 ], [ -73.4713204, -41.9044811 ], [ -73.5325411, -41.8815442 ], [ -73.4772843, -41.8315163 ], [ -73.5268138, -41.8269316 ], [ -73.5397242, -41.7963919 ], [ -73.5895965, -41.7932054 ], [ -73.623057, -41.8266893 ], [ -73.668339, -41.7986135 ], [ -73.8437065, -41.8825687 ], [ -74.0065099, -41.8418695 ], [ -73.9446023, -41.8200498 ], [ -73.9371015, -41.8462813 ], [ -73.9055677, -41.8510892 ], [ -73.8998123, -41.8257911 ], [ -73.8793624, -41.8551804 ], [ -73.8538257, -41.8293953 ], [ -73.9107222, -41.795408 ], [ -73.8783595, -41.7866959 ], [ -73.8985045, -41.7736823 ], [ -73.945184, -41.7966663 ], [ -74.0096661, -41.7740396 ], [ -74.0532985, -41.8029012 ], [ -74.0572306, -41.8380983 ], [ -73.9937431, -41.8912657 ], [ -74.0057196, -41.9251157 ], [ -74.0528666, -41.9339054 ], [ -74.0247553, -41.9474323 ], [ -74.0547378, -41.9688438 ], [ -74.0264363, -42.068885 ], [ -74.0525841, -42.1464857 ], [ -74.134534, -42.198614 ], [ -74.171821, -42.2669537 ], [ -74.1392435, -42.3241007 ], [ -74.1908959, -42.4445986 ], [ -74.1952968, -42.5163475 ], [ -74.1537638, -42.5421292 ], [ -74.1217058, -42.6542555 ], [ -74.1693305, -42.7688497 ], [ -74.1521709, -42.8549634 ], [ -74.1716224, -42.9032626 ], [ -74.2278735, -42.9172487 ], [ -74.2031512, -42.9655556 ], [ -74.262857, -42.9918052 ], [ -74.2247131, -43.0248655 ], [ -74.2912139, -43.0808436 ], [ -74.324719, -43.0765774 ], [ -74.3340383, -43.1196483 ], [ -74.3055453, -43.1327616 ], [ -74.3476756, -43.149717 ], [ -74.4054414, -43.2606305 ], [ -74.2978916, -43.3249313 ], [ -74.1454072, -43.3490311 ], [ -74.1045581, -43.3926443 ], [ -74.0202224, -43.3517403 ] ], [ [ -74.0565905, -43.3500979 ], [ -74.0999472, -43.3296789 ], [ -74.0865193, -43.3208527 ], [ -74.0565905, -43.3500979 ] ], [ [ -73.7527942, -41.8696589 ], [ -73.7465446, -41.9182499 ], [ -73.7119079, -41.9272468 ], [ -73.7393267, -41.93059 ], [ -73.728358, -41.9585585 ], [ -73.7661477, -41.9374462 ], [ -73.7693325, -41.9697841 ], [ -73.8080771, -41.9405776 ], [ -73.7573832, -41.9059602 ], [ -73.7973961, -41.868105 ], [ -73.7527942, -41.8696589 ] ] ], [ [ [ -73.4613711, -42.1417513 ], [ -73.386549, -42.1846503 ], [ -73.351653, -42.1802499 ], [ -73.3910693, -42.1058746 ], [ -73.4613711, -42.1417513 ] ] ], [ [ [ -73.6582618, -42.3895918 ], [ -73.6045276, -42.4374553 ], [ -73.6383225, -42.4691612 ], [ -73.5381677, -42.4683019 ], [ -73.4077483, -42.5505265 ], [ -73.4358806, -42.5402875 ], [ -73.4433026, -42.5716332 ], [ -73.3886366, -42.5832373 ], [ -73.3958366, -42.5404723 ], [ -73.5134991, -42.4566411 ], [ -73.5164065, -42.4002355 ], [ -73.6582618, -42.3895918 ] ] ], [ [ [ -73.414405, -42.3857484 ], [ -73.4601315, -42.3794374 ], [ -73.4383876, -42.4103841 ], [ -73.414405, -42.3857484 ] ] ], [ [ [ -73.5076493, -42.6114244 ], [ -73.4815824, -42.6429297 ], [ -73.5273137, -42.6160783 ], [ -73.531216, -42.6463867 ], [ -73.4715373, -42.6482894 ], [ -73.4226137, -42.621632 ], [ -73.5076493, -42.6114244 ] ] ], [ [ [ -73.4647843, -42.4281533 ], [ -73.4228397, -42.4493189 ], [ -73.4351393, -42.4221816 ], [ -73.4647843, -42.4281533 ] ] ], [ [ [ -73.4969524, -42.5483802 ], [ -73.540293, -42.5977337 ], [ -73.5156177, -42.6035088 ], [ -73.4969524, -42.5483802 ] ] ], [ [ [ -73.5855686, -43.140407 ], [ -73.5615956, -43.1859709 ], [ -73.5887911, -43.2025343 ], [ -73.5144192, -43.1784525 ], [ -73.5855686, -43.140407 ] ] ], [ [ [ -73.4982779, -43.1732259 ], [ -73.5114609, -43.152434 ], [ -73.5099374, -43.1770013 ], [ -73.4982779, -43.1732259 ] ] ], [ [ [ -73.5188815, -43.1407305 ], [ -73.5325997, -43.1568461 ], [ -73.5116322, -43.1521639 ], [ -73.5188815, -43.1407305 ] ] ], [ [ [ -73.5934111, -42.5700534 ], [ -73.7211926, -42.5953797 ], [ -73.743792, -42.6301751 ], [ -73.7023625, -42.6546357 ], [ -73.5981287, -42.6516423 ], [ -73.5782339, -42.7080183 ], [ -73.5353304, -42.6997286 ], [ -73.5219042, -42.6719637 ], [ -73.5807122, -42.6715864 ], [ -73.5934111, -42.5700534 ] ] ], [ [ [ -73.64262, -43.1865293 ], [ -73.6264687, -43.2382992 ], [ -73.5763224, -43.2729545 ], [ -73.6119529, -43.1682423 ], [ -73.64262, -43.1865293 ] ] ], [ [ [ -73.7441799, -43.2046231 ], [ -73.6682419, -43.2467082 ], [ -73.6625453, -43.1942393 ], [ -73.717469, -43.1752962 ], [ -73.7441799, -43.2046231 ] ] ], [ [ [ -73.8213697, -41.7413438 ], [ -73.7997476, -41.743528 ], [ -73.8106237, -41.7306348 ], [ -73.8213697, -41.7413438 ] ] ], [ [ [ -74.101105, -43.4086577 ], [ -74.0875234, -43.4176153 ], [ -74.0905897, -43.3961741 ], [ -74.101105, -43.4086577 ] ] ], [ [ [ -74.2531986, -43.3487848 ], [ -74.2809455, -43.4277257 ], [ -74.2334357, -43.4093703 ], [ -74.2531986, -43.3487848 ] ] ], [ [ [ -74.7463968, -43.5662184 ], [ -74.8377354, -43.5622452 ], [ -74.7709255, -43.6796641 ], [ -74.6984636, -43.6437253 ], [ -74.5533995, -43.6272418 ], [ -74.648774, -43.5486741 ], [ -74.7407469, -43.5180371 ], [ -74.7463968, -43.5662184 ] ] ] ] } },
{ "type": "Feature", "properties": { "geo_id": "region:11", "nombre": "AYSÉN DEL GENERAL CARLOS IBÁÑEZ DEL CAMPO" }, "geometry": { "type": "MultiPolygon", "coordinates": [ [ [ [ -75.3267718, -46.7772899 ], [ -75.4227519, -46.8046799 ], [ -75.3684018, -46.7507099 ], [ -75.3830919, -46.7227999 ], [ -75.3444818, -46.7457499 ], [ -75.3204117, -46.7256199 ], [ -75.3920519, -46.7137299 ], [ -75.441272, -46.7323899 ], [ -75.4792421, -46.7140699 ], [ -75.5248722, -46.7672799 ], [ -75.4957121, -46.78693 ], [ -75.5291522, -46.7778699 ], [ -75.5739823, -46.8100299 ], [ -75.5129321, -46.7361299 ], [ -75.5412922, -46.7146599 ], [ -75.5054521, -46.7218799 ], [ -75.4818221, -46.6733399 ], [ -75.3970219, -46.6559699 ], [ -75.3575818, -46.6197299 ], [ -75.3229617, -46.6739899 ], [ -75.3305618, -46.6577899 ], [ -75.2835417, -46.6598499 ], [ -75.2960917, -46.6345599 ], [ -75.1910815, -46.63666 ], [ -75.1811815, -46.56614 ], [ -75.1505714, -46.63779 ], [ -75.0372413, -46.57732 ], [ -75.0172812, -46.51453 ], [ -74.9990212, -46.53547 ], [ -74.9337912, -46.44746 ], [ -74.8912311, -46.43454 ], [ -74.9189911, -46.50669 ], [ -75.0458313, -46.62487 ], [ -74.9678112, -46.74452 ], [ -74.840001, -46.76822 ], [ -74.791951, -46.81026 ], [ -74.7538109, -46.78098 ], [ -74.6693308, -46.84268 ], [ -74.6413908, -46.84241 ], [ -74.6341808, -46.87571 ], [ -74.5906408, -46.85495 ], [ -74.5207207, -46.88873 ], [ -74.4009006, -46.90031 ], [ -74.3846806, -46.84795 ], [ -74.5198607, -46.82354 ], [ -74.6325808, -46.84459 ], [ -74.5731107, -46.77021 ], [ -74.4999707, -46.79083 ], [ -74.4244506, -46.76659 ], [ -74.5665607, -46.71893 ], [ -74.4675606, -46.71503 ], [ -74.4759207, -46.73202 ], [ -74.3962006, -46.75927 ], [ -74.3206005, -46.74701 ], [ -74.3023905, -46.77039 ], [ -74.2919805, -46.72906 ], [ -74.2780105, -46.7671 ], [ -74.2217105, -46.76287 ], [ -74.2334205, -46.79199 ], [ -74.3177505, -46.78762 ], [ -74.3459706, -46.7647 ], [ -74.3472706, -46.78316 ], [ -74.1660004, -46.85658 ], [ -74.0629704, -46.98268 ], [ -73.9818703, -46.95361 ], [ -74.0491204, -47.00548 ], [ -74.0483904, -47.05073 ], [ -74.0686304, -47.0033 ], [ -74.1348104, -46.99755 ], [ -74.1966205, -47.09841 ], [ -74.1326504, -47.1416 ], [ -74.1420404, -47.16559 ], [ -74.0998204, -47.14595 ], [ -74.0871804, -47.16762 ], [ -74.0148104, -47.11739 ], [ -74.0080304, -47.22179 ], [ -74.0224104, -47.15926 ], [ -74.1125304, -47.19989 ], [ -74.2404205, -47.18717 ], [ -74.2021705, -47.20761 ], [ -74.2340605, -47.22424 ], [ -74.2596205, -47.19225 ], [ -74.3319819, -47.2717285 ], [ -74.3810429, -47.2791178 ], [ -74.3890021, -47.3214505 ], [ -74.4574581, -47.3665025 ], [ -74.4579664, -47.4078845 ], [ -74.4885476, -47.4130431 ], [ -74.4589411, -47.4632938 ], [ -74.4188193, -47.3905999 ], [ -74.4107189, -47.4322717 ], [ -74.319001, -47.4436476 ], [ -74.2295258, -47.3800528 ], [ -74.2393507, -47.3987469 ], [ -74.2071159, -47.3898715 ], [ -74.3074516, -47.4521341 ], [ -74.4182331, -47.4534025 ], [ -74.4256704, -47.4767063 ], [ -74.3270885, -47.5312951 ], [ -74.3112527, -47.5142189 ], [ -74.373457, -47.5015393 ], [ -74.3396858, -47.4871085 ], [ -74.2970231, -47.5089871 ], [ -74.2044381, -47.4814644 ], [ -74.1396621, -47.4860297 ], [ -74.0583566, -47.4280434 ], [ -74.1264447, -47.4917834 ], [ -74.2822782, -47.5144541 ], [ -74.2882485, -47.5812764 ], [ -74.1826892, -47.5645035 ], [ -74.1172751, -47.5808468 ], [ -74.0255016, -47.5136587 ], [ -73.8985003, -47.4925 ], [ -74.0043793, -47.5157679 ], [ -74.09639, -47.5741891 ], [ -74.0326941, -47.6033037 ], [ -73.9379303, -47.58603 ], [ -74.0251962, -47.6101022 ], [ -74.1104628, -47.5931029 ], [ -74.24856, -47.6154085 ], [ -74.121511, -47.6419057 ], [ -74.029617, -47.6287782 ], [ -74.0970043, -47.6565034 ], [ -74.2516085, -47.6408824 ], [ -74.2546375, -47.6990871 ], [ -74.1438077, -47.7338434 ], [ -74.156309, -47.7525417 ], [ -74.265008, -47.7082556 ], [ -74.2853984, -47.6323728 ], [ -74.2816917, -47.6519339 ], [ -74.4154042, -47.6768513 ], [ -74.543955, -47.6775376 ], [ -74.5182807, -47.6427851 ], [ -74.5670087, -47.637196 ], [ -74.5031966, -47.6242253 ], [ -74.5221909, -47.66048 ], [ -74.4707347, -47.6771243 ], [ -74.404717, -47.6592754 ], [ -74.3482354, -47.6056116 ], [ -74.3665441, -47.5437485 ], [ -74.425985, -47.5218806 ], [ -74.4540131, -47.6058932 ], [ -74.4875959, -47.5555404 ], [ -74.4636977, -47.5207552 ], [ -74.5011668, -47.5135693 ], [ -74.60422, -47.5876183 ], [ -74.5262963, -47.6268059 ], [ -74.6150413, -47.6475874 ], [ -74.5559232, -47.6215151 ], [ -74.620965, -47.6166701 ], [ -74.6845797, -47.7114701 ], [ -74.6456073, -47.7315253 ], [ -74.5576732, -47.6836652 ], [ -74.6202777, -47.7251732 ], [ -74.5778517, -47.7484941 ], [ -74.636837, -47.7389091 ], [ -74.5230187, -47.7658818 ], [ -74.4081771, -47.6985524 ], [ -74.4986562, -47.7427708 ], [ -74.4459834, -47.6915281 ], [ -74.4043224, -47.697931 ], [ -74.505825, -47.7681902 ], [ -74.4747537, -47.7785586 ], [ -74.4276954, -47.7445122 ], [ -74.3125819, -47.7260184 ], [ -74.2589391, -47.7521816 ], [ -74.3659831, -47.7528112 ], [ -74.3148462, -47.7782428 ], [ -74.240836, -47.7452994 ], [ -74.1483773, -47.7820396 ], [ -74.0200054, -47.7674689 ], [ -73.9986504, -47.74299 ], [ -73.9922804, -47.80678 ], [ -73.8819903, -47.83097 ], [ -73.7144002, -47.77223 ], [ -73.7196002, -47.66493 ], [ -73.6365396, -47.6245555 ], [ -73.7011664, -47.6923811 ], [ -73.6795826, -47.7603069 ], [ -73.596048, -47.7794722 ], [ -73.5714556, -47.8088938 ], [ -73.5322011, -47.7975766 ], [ -73.540459, -47.8178552 ], [ -73.4791833, -47.8387847 ], [ -73.4731018, -47.8628908 ], [ -73.4439292, -47.8395862 ], [ -73.4592439, -47.8961329 ], [ -73.4936458, -47.9067262 ], [ -73.3854335, -47.9535209 ], [ -73.39789, -47.9706196 ], [ -73.4629593, -47.9508326 ], [ -73.5088595, -47.9152279 ], [ -73.5015783, -47.8844961 ], [ -73.6018513, -47.8627675 ], [ -73.6034013, -47.9847513 ], [ -73.4472494, -48.1252226 ], [ -73.3485612, -48.1535739 ], [ -73.3084093, -48.1974394 ], [ -73.3409924, -48.2152404 ], [ -73.4407544, -48.1662227 ], [ -73.4905294, -48.2072722 ], [ -73.4673318, -48.2530587 ], [ -73.5036408, -48.2471185 ], [ -73.5664274, -48.1170407 ], [ -73.7105157, -48.0866412 ], [ -73.7436401, -48.1458699 ], [ -73.7110894, -48.0246497 ], [ -73.7952106, -48.0542742 ], [ -73.80772, -48.0963104 ], [ -73.8346818, -48.1088493 ], [ -73.8220803, -48.01998 ], [ -73.9096903, -48.03976 ], [ -73.9712803, -48.0059 ], [ -73.9858704, -48.02472 ], [ -74.053098, -47.9798345 ], [ -73.9911504, -48.01228 ], [ -73.9752903, -47.97736 ], [ -74.0694972, -47.9664471 ], [ -74.2050316, -47.992066 ], [ -74.1968872, -48.0201353 ], [ -74.2180018, -47.9911752 ], [ -74.2599712, -48.0004803 ], [ -74.1932931, -48.1377202 ], [ -74.1605897, -48.1357984 ], [ -74.1907827, -48.1475201 ], [ -74.1467036, -48.2222016 ], [ -74.0559189, -48.1938637 ], [ -74.1348123, -48.2340669 ], [ -74.1937285, -48.1783949 ], [ -74.2153184, -48.2551248 ], [ -74.2051972, -48.1562774 ], [ -74.2905689, -47.9979211 ], [ -74.4893358, -47.928039 ], [ -74.5340402, -47.9705904 ], [ -74.5993324, -47.9849077 ], [ -74.6045531, -48.0431278 ], [ -74.5364505, -48.0906875 ], [ -74.4391633, -48.0502658 ], [ -74.4856273, -48.0866082 ], [ -74.4239167, -48.0524012 ], [ -74.397396, -48.0021938 ], [ -74.3587318, -48.0006745 ], [ -74.4179417, -48.0575135 ], [ -74.3796228, -48.0542387 ], [ -74.4697408, -48.0874373 ], [ -74.3709101, -48.1859553 ], [ -74.2757575, -48.2130762 ], [ -74.2563811, -48.1934903 ], [ -74.2647975, -48.233033 ], [ -74.1855494, -48.2833825 ], [ -74.2264065, -48.3331763 ], [ -74.1002549, -48.3026556 ], [ -73.9058703, -48.30898 ], [ -74.1469464, -48.3174423 ], [ -74.2044998, -48.341684 ], [ -74.0925099, -48.3490626 ], [ -74.0555981, -48.388042 ], [ -74.0057067, -48.3878304 ], [ -73.9759603, -48.40645 ], [ -73.8406003, -48.39692 ], [ -73.8811003, -48.42382 ], [ -73.9766503, -48.42666 ], [ -73.9766404, -48.49242 ], [ -74.0018075, -48.513329 ], [ -73.8795465, -48.5964594 ], [ -73.9165963, -48.57547 ], [ -73.911416, -48.6075766 ], [ -73.9473099, -48.5648164 ], [ -74.1465668, -48.4660758 ], [ -74.2261829, -48.5056122 ], [ -74.1744004, -48.5357884 ], [ -74.2348806, -48.5157954 ], [ -74.3585947, -48.586796 ], [ -74.3129571, -48.624667 ], [ -74.3239391, -48.6661545 ], [ -74.2677729, -48.6686642 ], [ -74.2496519, -48.6246521 ], [ -74.2370806, -48.6745075 ], [ -74.2735594, -48.7004481 ], [ -74.2409896, -48.7185203 ], [ -74.1605237, -48.6888572 ], [ -74.0236554, -48.7205422 ], [ -73.983402, -48.7036805 ], [ -73.231428, -49.1583333 ], [ -73.0823122, -49.1451979 ], [ -72.9453736, -48.9450406 ], [ -72.7959516, -48.9683804 ], [ -72.688416, -48.864776 ], [ -72.6395673, -48.8661626 ], [ -72.5312445, -48.7974779 ], [ -72.5899357, -48.4934919 ], [ -72.5369168, -48.4823886 ], [ -72.5040245, -48.517515 ], [ -72.443338, -48.513254 ], [ -72.3745239, -48.4497224 ], [ -72.4050762, -48.4142685 ], [ -72.3472124, -48.3890464 ], [ -72.380425, -48.3495947 ], [ -72.2791208, -48.3604233 ], [ -72.228044, -48.3184795 ], [ -72.3154632, -48.2354593 ], [ -72.3013768, -48.1543672 ], [ -72.3612917, -48.0725613 ], [ -72.444509, -48.0633712 ], [ -72.4250173, -47.9663733 ], [ -72.5275957, -47.9382051 ], [ -72.4687206, -47.8123668 ], [ -72.5221586, -47.7412892 ], [ -72.482731, -47.758868 ], [ -72.4432295, -47.7460203 ], [ -72.4200298, -47.6606929 ], [ -72.3126647, -47.5957136 ], [ -72.2921061, -47.5122421 ], [ -72.341503, -47.4552391 ], [ -72.2445805, -47.4045789 ], [ -72.1976004, -47.4164571 ], [ -72.1300427, -47.3294831 ], [ -72.0483987, -47.3399717 ], [ -71.9967583, -47.2949556 ], [ -72.0193643, -47.1978022 ], [ -71.864842, -47.2310417 ], [ -71.8925799, -47.2137875 ], [ -71.8598861, -47.1320753 ], [ -71.9551973, -47.0768574 ], [ -71.8802035, -47.0110244 ], [ -71.9582938, -46.9733572 ], [ -71.971004, -46.9039624 ], [ -71.9313802, -46.8669227 ], [ -71.9553685, -46.81521 ], [ -71.832331, -46.7961056 ], [ -71.6453898, -46.6843073 ], [ -71.6687146, -46.5290882 ], [ -71.7569615, -46.345572 ], [ -71.7274703, -46.272411 ], [ -71.7782147, -46.1982338 ], [ -71.8600896, -46.1938985 ], [ -71.8666168, -46.157086 ], [ -71.9006576, -46.1648703 ], [ -71.9154967, -46.1399484 ], [ -71.7152945, -46.0893169 ], [ -71.6161328, -45.9770145 ], [ -71.6577496, -45.883573 ], [ -71.7688228, -45.8459895 ], [ -71.7422593, -45.8061366 ], [ -71.8019313, -45.7197838 ], [ -71.7723262, -45.6953576 ], [ -71.7968622, -45.6645421 ], [ -71.7262579, -45.5771036 ], [ -71.7627779, -45.5758901 ], [ -71.7456678, -45.5410861 ], [ -71.6822458, -45.5130622 ], [ -71.5611837, -45.5235154 ], [ -71.4691461, -45.4939387 ], [ -71.534478, -45.4329478 ], [ -71.5278096, -45.3916853 ], [ -71.438252, -45.3958207 ], [ -71.4471958, -45.3662916 ], [ -71.3493445, -45.3318332 ], [ -71.31985, -45.2929151 ], [ -71.4174734, -45.1579189 ], [ -71.4874858, -45.1441158 ], [ -71.491769, -45.1079416 ], [ -71.5267237, -45.1033752 ], [ -71.505225, -45.0718626 ], [ -71.5579708, -45.0304349 ], [ -71.5597156, -44.9774462 ], [ -71.7415386, -44.9589149 ], [ -71.7535342, -44.9266817 ], [ -71.7806986, -44.9431998 ], [ -71.8153495, -44.9197026 ], [ -71.8793611, -44.9595211 ], [ -71.9780565, -44.9039328 ], [ -72.0348857, -44.9040181 ], [ -72.0672176, -44.8503358 ], [ -72.0269619, -44.8060544 ], [ -72.0659878, -44.7588572 ], [ -71.8570447, -44.801984 ], [ -71.7849311, -44.7516132 ], [ -71.662796, -44.7876091 ], [ -71.4726383, -44.7367735 ], [ -71.3962576, -44.7905731 ], [ -71.2926559, -44.8138918 ], [ -71.2054324, -44.7507765 ], [ -71.1948189, -44.685383 ], [ -71.2354126, -44.6408691 ], [ -71.2008057, -44.5916138 ], [ -71.0985107, -44.5883789 ], [ -71.0913086, -44.5339966 ], [ -71.1616821, -44.4992065 ], [ -71.1293945, -44.4719849 ], [ -71.2459717, -44.4174805 ], [ -71.3489525, -44.4248731 ], [ -71.3861123, -44.3855479 ], [ -71.6558109, -44.4099404 ], [ -71.7168916, -44.3812203 ], [ -71.8134026, -44.417983 ], [ -71.839802, -44.3504655 ], [ -71.786117, -44.3310135 ], [ -71.8293799, -44.2658995 ], [ -71.778864, -44.223212 ], [ -71.8477252, -44.1584471 ], [ -71.8498667, -44.1142129 ], [ -71.7798392, -44.1118573 ], [ -71.7364616, -44.0714064 ], [ -71.8225631, -44.0104137 ], [ -71.8078956, -43.9551562 ], [ -71.8584233, -43.9286574 ], [ -71.9636295, -43.9253712 ], [ -71.9632255, -43.9648734 ], [ -72.0137037, -43.9659575 ], [ -72.0430099, -43.9363782 ], [ -72.0971783, -43.9464603 ], [ -72.080087, -43.8978778 ], [ -72.1185094, -43.8775107 ], [ -72.1801959, -43.8951625 ], [ -72.1928116, -43.8425344 ], [ -72.2809534, -43.8332587 ], [ -72.2423562, -43.8078239 ], [ -72.3020589, -43.7821648 ], [ -72.271487, -43.7612751 ], [ -72.3381662, -43.6739319 ], [ -72.4755928, -43.735075 ], [ -72.5028743, -43.7974882 ], [ -72.6111156, -43.7548802 ], [ -72.6620645, -43.7776869 ], [ -72.763001, -43.7702949 ], [ -72.8004633, -43.7406622 ], [ -72.7666574, -43.6919449 ], [ -72.8233386, -43.6436669 ], [ -72.8559011, -43.7412029 ], [ -72.9369481, -43.6973075 ], [ -73.0481203, -43.7385395 ], [ -72.9388902, -43.7515716 ], [ -72.9328002, -43.7893716 ], [ -72.9214802, -43.7616216 ], [ -72.8380602, -43.7702016 ], [ -72.81622, -43.65337 ], [ -72.8159301, -43.8070116 ], [ -72.725989, -43.8391984 ], [ -72.8289802, -43.8232516 ], [ -72.8594102, -43.7879416 ], [ -72.9396002, -43.8085816 ], [ -72.9552302, -43.7619916 ], [ -72.9552931, -43.8317469 ], [ -72.9781802, -43.7659916 ], [ -72.9804202, -43.8149916 ], [ -73.0596302, -43.8803516 ], [ -73.0295702, -43.9156916 ], [ -73.1217802, -43.9735816 ], [ -73.0863202, -44.0827916 ], [ -73.1284302, -44.1054516 ], [ -73.1529602, -44.0633516 ], [ -73.1935302, -44.0581916 ], [ -73.2111602, -44.1192716 ], [ -73.1779002, -44.1523516 ], [ -73.2610302, -44.1068416 ], [ -73.2438902, -44.1645016 ], [ -73.2831202, -44.1625716 ], [ -73.2551202, -44.1952216 ], [ -73.2257502, -44.1779016 ], [ -73.2266602, -44.1963116 ], [ -73.1710902, -44.2002916 ], [ -73.0951002, -44.1248016 ], [ -73.0995302, -44.2327616 ], [ -73.1315202, -44.1970016 ], [ -73.1834902, -44.2486816 ], [ -73.0861802, -44.2732816 ], [ -73.0667902, -44.2335316 ], [ -73.0484802, -44.2719516 ], [ -72.9123402, -44.3220816 ], [ -72.8957102, -44.2958516 ], [ -72.8583836, -44.2942041 ], [ -72.9132702, -44.3709816 ], [ -72.7631501, -44.3805016 ], [ -72.8084002, -44.4014116 ], [ -72.7029601, -44.4452116 ], [ -72.7456001, -44.4637516 ], [ -72.6738401, -44.5112016 ], [ -72.6458047, -44.4137376 ], [ -72.5569603, -44.3260703 ], [ -72.5602268, -44.3637762 ], [ -72.6030308, -44.3855153 ], [ -72.6065863, -44.4692787 ], [ -72.54288, -44.5289075 ], [ -72.5829801, -44.5027716 ], [ -72.6461001, -44.5311616 ], [ -72.6641431, -44.6237163 ], [ -72.7173649, -44.6631342 ], [ -72.6833228, -44.736396 ], [ -72.7460309, -44.7472092 ], [ -72.8810066, -44.8433274 ], [ -72.9717479, -44.8583624 ], [ -73.1077402, -44.9538616 ], [ -73.1267102, -44.9305716 ], [ -73.2180502, -44.9627016 ], [ -73.3576902, -44.9558316 ], [ -73.3632502, -45.0665016 ], [ -73.3381802, -45.0930216 ], [ -73.2686202, -45.0700616 ], [ -73.3205902, -45.0988116 ], [ -73.2740402, -45.1498016 ], [ -73.3357108, -45.1636195 ], [ -73.2957109, -45.1835038 ], [ -73.3098102, -45.2024616 ], [ -73.4248403, -45.1882916 ], [ -73.4423664, -45.2612554 ], [ -73.3106102, -45.2876216 ], [ -73.2728602, -45.2464416 ], [ -73.2061002, -45.2399416 ], [ -73.0061902, -45.3969816 ], [ -72.9140202, -45.4254516 ], [ -72.8748902, -45.3897916 ], [ -72.8033502, -45.3784416 ], [ -72.7914538, -45.4491832 ], [ -72.8266502, -45.4480616 ], [ -72.83353, -45.4846443 ], [ -72.8437592, -45.4597829 ], [ -72.8803884, -45.4769546 ], [ -73.0105502, -45.4462816 ], [ -73.1057802, -45.3944016 ], [ -73.1484902, -45.3158716 ], [ -73.1969302, -45.2920416 ], [ -73.3284202, -45.3464916 ], [ -73.3009902, -45.4123416 ], [ -73.3290602, -45.3496516 ], [ -73.3779603, -45.3840716 ], [ -73.3703903, -45.4329216 ], [ -73.3916203, -45.4906316 ], [ -73.3932703, -45.4070316 ], [ -73.4871403, -45.4583316 ], [ -73.5621408, -45.7815732 ], [ -73.4701929, -45.7443576 ], [ -73.3682303, -45.6397816 ], [ -73.2765502, -45.5921716 ], [ -73.2373802, -45.5906916 ], [ -73.2753902, -45.6038016 ], [ -73.2779702, -45.6466016 ], [ -73.1317002, -45.6518016 ], [ -73.1707202, -45.6850516 ], [ -73.2138202, -45.6668116 ], [ -73.3815303, -45.7002916 ], [ -73.5316103, -45.8256316 ], [ -73.5162903, -45.8529116 ], [ -73.5940799, -45.9258552 ], [ -73.5621505, -45.9478241 ], [ -73.6365003, -45.9761516 ], [ -73.6021902, -46.13082 ], [ -73.6384802, -46.19534 ], [ -73.6099802, -46.22068 ], [ -73.6492402, -46.21886 ], [ -73.6724102, -46.3293 ], [ -73.5766302, -46.25773 ], [ -73.5684002, -46.23056 ], [ -73.6050102, -46.22224 ], [ -73.5387002, -46.18537 ], [ -73.4066401, -46.02193 ], [ -73.3532586, -46.0161983 ], [ -73.3645995, -45.9977617 ], [ -73.3371631, -46.0357436 ], [ -73.3870301, -46.04415 ], [ -73.4654202, -46.13036 ], [ -73.4338701, -46.15452 ], [ -73.4806602, -46.15246 ], [ -73.5239502, -46.20001 ], [ -73.5568802, -46.27273 ], [ -73.5345502, -46.29623 ], [ -73.4574202, -46.29952 ], [ -73.5697802, -46.30276 ], [ -73.6011602, -46.34038 ], [ -73.5950002, -46.31077 ], [ -73.7064502, -46.40502 ], [ -73.7589602, -46.39971 ], [ -73.7209902, -46.41401 ], [ -73.7619002, -46.47196 ], [ -73.7437402, -46.49243 ], [ -73.8061003, -46.5754 ], [ -73.8574103, -46.58751 ], [ -73.9127203, -46.52772 ], [ -73.8940985, -46.4771909 ], [ -73.8450948, -46.5286885 ], [ -73.8621575, -46.4551298 ], [ -73.770894, -46.3799641 ], [ -73.7225902, -46.2663 ], [ -73.7257302, -46.23229 ], [ -73.8112203, -46.20036 ], [ -73.8591103, -46.13599 ], [ -73.9509603, -46.14397 ], [ -73.9914203, -46.22518 ], [ -73.9375603, -46.22451 ], [ -73.8261003, -46.34869 ], [ -73.9771103, -46.28139 ], [ -73.9712503, -46.26062 ], [ -73.9244303, -46.28323 ], [ -73.9412203, -46.22619 ], [ -73.9874503, -46.23163 ], [ -73.9967603, -46.26466 ], [ -74.0055203, -46.23357 ], [ -74.0411304, -46.23562 ], [ -74.0023403, -46.2212 ], [ -73.9991503, -46.18289 ], [ -74.2923205, -46.26101 ], [ -74.4469606, -46.19451 ], [ -74.4321306, -46.15297 ], [ -74.4055506, -46.20464 ], [ -74.2870405, -46.25097 ], [ -74.1537704, -46.22318 ], [ -73.9825603, -46.14704 ], [ -73.9445803, -46.03405 ], [ -73.9998003, -46.01953 ], [ -74.0065105, -45.9860616 ], [ -74.0447204, -46.01823 ], [ -74.0201304, -46.03108 ], [ -74.0448404, -46.10043 ], [ -74.0097103, -46.09405 ], [ -74.0527804, -46.12329 ], [ -74.1382404, -46.15042 ], [ -74.3054205, -46.14704 ], [ -74.3360905, -46.12166 ], [ -74.3040405, -46.14095 ], [ -74.1261704, -46.14008 ], [ -74.0568604, -46.10686 ], [ -74.0545504, -46.07574 ], [ -74.0826304, -46.08205 ], [ -74.0559504, -46.07461 ], [ -74.0577904, -46.0165 ], [ -74.2595171, -46.034534 ], [ -74.1048304, -46.01538 ], [ -74.0071205, -45.9717516 ], [ -74.0294905, -45.9113916 ], [ -74.1635406, -45.9458016 ], [ -74.0767205, -45.9137416 ], [ -74.1410806, -45.8914616 ], [ -74.2581906, -45.9035916 ], [ -74.0600105, -45.8603216 ], [ -74.1052905, -45.8071316 ], [ -74.2654406, -45.8340116 ], [ -74.2653506, -45.8761616 ], [ -74.2978207, -45.8449916 ], [ -74.2842907, -45.8114216 ], [ -74.3147707, -45.8210216 ], [ -74.3400807, -45.7948116 ], [ -74.3326207, -45.8200516 ], [ -74.3503007, -45.7993816 ], [ -74.4100607, -45.8237016 ], [ -74.4354508, -45.8037716 ], [ -74.4099115, -45.8463536 ], [ -74.4521408, -45.8394616 ], [ -74.4543508, -45.8607516 ], [ -74.3235607, -45.9860916 ], [ -74.3903207, -45.9549616 ], [ -74.4253006, -46.05038 ], [ -74.4731606, -46.02293 ], [ -74.4276208, -45.9870616 ], [ -74.4310908, -45.9203616 ], [ -74.4794908, -45.9594416 ], [ -74.4599008, -45.9061516 ], [ -74.5463709, -45.9212216 ], [ -74.4869208, -45.8914916 ], [ -74.5234608, -45.8395316 ], [ -74.5709509, -45.8783416 ], [ -74.5639109, -45.8368516 ], [ -74.6278309, -45.8309416 ], [ -74.650211, -45.8817216 ], [ -74.702371, -45.9028816 ], [ -74.684391, -45.8162216 ], [ -74.7957111, -45.8323516 ], [ -74.7814619, -45.8818613 ], [ -74.8580012, -45.8791016 ], [ -74.8382612, -45.9019016 ], [ -74.9397313, -45.8663116 ], [ -74.7855311, -45.9534316 ], [ -74.9126113, -45.9213616 ], [ -74.9459113, -45.8875416 ], [ -74.9610913, -45.9201716 ], [ -75.0225614, -45.8576116 ], [ -75.0881715, -45.8936716 ], [ -75.0735815, -45.9337516 ], [ -75.0330614, -45.9437316 ], [ -75.0609115, -45.9679116 ], [ -74.9981114, -45.9865916 ], [ -74.9734614, -45.9523716 ], [ -74.9107413, -45.9693916 ], [ -74.9675414, -45.9562016 ], [ -74.9871314, -45.9927916 ], [ -75.0337614, -45.9916316 ], [ -74.8709111, -46.01844 ], [ -74.8892911, -45.98861 ], [ -74.862381, -46.01678 ], [ -74.806831, -45.9954 ], [ -74.857641, -46.0265 ], [ -74.9376711, -46.01345 ], [ -75.0576213, -46.03998 ], [ -75.0146912, -46.11282 ], [ -74.8703511, -46.11175 ], [ -74.828601, -46.06924 ], [ -74.850151, -46.03365 ], [ -74.808531, -46.05549 ], [ -74.7237009, -46.00913 ], [ -74.7000709, -45.97099 ], [ -74.7379409, -45.96067 ], [ -74.7070609, -45.96462 ], [ -74.6723608, -45.90476 ], [ -74.6657008, -46.00618 ], [ -74.7067409, -46.03236 ], [ -74.6236008, -46.03137 ], [ -74.5908607, -46.05163 ], [ -74.5748907, -46.02627 ], [ -74.5494207, -46.05026 ], [ -74.5908007, -46.0555 ], [ -74.6317608, -46.03946 ], [ -74.7502209, -46.05429 ], [ -74.7533309, -46.16638 ], [ -74.6440608, -46.1766 ], [ -74.7399709, -46.18931 ], [ -74.7355309, -46.22738 ], [ -74.786361, -46.16877 ], [ -74.8740311, -46.1602 ], [ -74.828551, -46.19171 ], [ -74.8929511, -46.17419 ], [ -74.8752111, -46.18934 ], [ -74.9187811, -46.23315 ], [ -74.855931, -46.30083 ], [ -75.0026512, -46.21414 ], [ -75.0434313, -46.22461 ], [ -75.0672013, -46.27704 ], [ -75.0009512, -46.29081 ], [ -75.1040713, -46.29015 ], [ -75.1024413, -46.32304 ], [ -74.8731411, -46.37257 ], [ -75.0179812, -46.37397 ], [ -75.1757815, -46.30446 ], [ -75.1507914, -46.32529 ], [ -75.1772915, -46.38049 ], [ -75.2220715, -46.36923 ], [ -75.2619316, -46.3913399 ], [ -75.2492816, -46.4093999 ], [ -75.2953917, -46.4028499 ], [ -75.3122417, -46.4370499 ], [ -75.3367117, -46.4320999 ], [ -75.3194825, -46.4495458 ], [ -75.3505918, -46.4379999 ], [ -75.3198118, -46.49789 ], [ -75.3843918, -46.4965299 ], [ -75.400832, -46.5368999 ], [ -75.4143419, -46.5167699 ], [ -75.5026921, -46.5244999 ], [ -75.4225119, -46.5818599 ], [ -75.4865121, -46.5692499 ], [ -75.4531221, -46.62217 ], [ -75.5018721, -46.5906799 ], [ -75.5961823, -46.5870799 ], [ -75.5923023, -46.6427799 ], [ -75.6275424, -46.6480999 ], [ -75.6495025, -46.7194399 ], [ -75.6394725, -46.8061099 ], [ -75.5819423, -46.8252299 ], [ -75.5748423, -46.8853799 ], [ -75.4981121, -46.9053599 ], [ -75.5065721, -46.9421499 ], [ -75.440792, -46.9687499 ], [ -75.2528216, -46.9026999 ], [ -75.3124517, -46.8512799 ], [ -75.3894219, -46.8791699 ], [ -75.2958017, -46.8126099 ], [ -75.3267718, -46.7772899 ] ], [ [ -75.2840417, -46.4505699 ], [ -75.2861417, -46.4619199 ], [ -75.3095264, -46.4532409 ], [ -75.2840417, -46.4505699 ] ], [ [ -74.7507111, -45.8724716 ], [ -74.7727611, -45.8858516 ], [ -74.7797179, -45.8826611 ], [ -74.7507111, -45.8724716 ] ], [ [ -74.1727563, -48.6391356 ], [ -74.1949744, -48.6664772 ], [ -74.2342916, -48.6739756 ], [ -74.1727563, -48.6391356 ] ], [ [ -74.6929609, -46.81567 ], [ -74.6800009, -46.80722 ], [ -74.6456177, -46.8321256 ], [ -74.6929609, -46.81567 ] ] ], [ [ [ -75.2586816, -46.8439499 ], [ -75.2845117, -46.8185199 ], [ -75.2630465, -46.8722251 ], [ -75.2586816, -46.8439499 ] ] ], [ [ [ -73.4651553, -45.2057783 ], [ -73.5101014, -45.1979211 ], [ -73.5129938, -45.2352074 ], [ -73.4439111, -45.2599833 ], [ -73.4651553, -45.2057783 ] ] ], [ [ [ -75.3423818, -46.7666299 ], [ -75.3569618, -46.7637799 ], [ -75.369096, -46.7755473 ], [ -75.3423818, -46.7666299 ] ] ], [ [ [ -73.0905002, -44.3742316 ], [ -73.0913202, -44.4303816 ], [ -73.1176102, -44.4175116 ], [ -73.0983102, -44.4592516 ], [ -73.1634002, -44.3991316 ], [ -73.2473102, -44.4364316 ], [ -73.2474002, -44.5019016 ], [ -73.1248402, -44.5454416 ], [ -73.1149802, -44.5674616 ], [ -73.1374702, -44.5842316 ], [ -73.1816802, -44.5524916 ], [ -73.2785002, -44.5421116 ], [ -73.2835102, -44.5854716 ], [ -73.2121102, -44.6370316 ], [ -73.3089902, -44.6019816 ], [ -73.3533602, -44.6341116 ], [ -73.3762902, -44.5981016 ], [ -73.3502402, -44.5861416 ], [ -73.3956403, -44.5987116 ], [ -73.3865703, -44.5671316 ], [ -73.4517003, -44.6389116 ], [ -73.4442703, -44.6593816 ], [ -73.4275703, -44.6423616 ], [ -73.4290203, -44.7337716 ], [ -73.3896203, -44.7513316 ], [ -73.3478202, -44.7352016 ], [ -73.3905303, -44.7602816 ], [ -73.3637102, -44.7994616 ], [ -73.2587402, -44.7428416 ], [ -73.2623302, -44.7800016 ], [ -73.1918102, -44.8086316 ], [ -73.1735902, -44.7900116 ], [ -73.1601902, -44.8081616 ], [ -73.2489602, -44.8112816 ], [ -73.2767202, -44.7911316 ], [ -73.3262302, -44.8217516 ], [ -73.3911903, -44.8155616 ], [ -73.2893002, -44.9194416 ], [ -73.2878702, -44.8954216 ], [ -73.2172302, -44.9375116 ], [ -73.0418802, -44.8798016 ], [ -72.9536212, -44.7891088 ], [ -72.8203632, -44.7343077 ], [ -72.7941202, -44.6692216 ], [ -72.9612902, -44.6284716 ], [ -72.9681002, -44.5835216 ], [ -72.9017502, -44.6304316 ], [ -72.804699, -44.6470809 ], [ -72.6888233, -44.5390643 ], [ -72.7777001, -44.4479416 ], [ -72.8671602, -44.4271516 ], [ -72.9831802, -44.5767816 ], [ -72.8990802, -44.4469816 ], [ -72.9108302, -44.4148216 ], [ -72.9387202, -44.3985616 ], [ -72.9405402, -44.4245216 ], [ -72.9587902, -44.3733216 ], [ -73.0014302, -44.3675716 ], [ -73.0905002, -44.3742316 ] ], [ [ -73.0365702, -44.4173816 ], [ -73.0330102, -44.4542216 ], [ -73.0037502, -44.4965216 ], [ -73.0758802, -44.4306516 ], [ -73.0365702, -44.4173816 ] ] ], [ [ [ -72.8415602, -44.4110616 ], [ -72.8001802, -44.4180616 ], [ -72.8220802, -44.3975216 ], [ -72.8415602, -44.4110616 ] ] ], [ [ [ -73.0763002, -44.3432616 ], [ -73.1344402, -44.3477916 ], [ -73.1084802, -44.3821516 ], [ -73.0857502, -44.3472116 ], [ -73.0457602, -44.3663016 ], [ -72.9799702, -44.3544716 ], [ -72.9970202, -44.3153316 ], [ -73.0765602, -44.3166316 ], [ -73.0763002, -44.3432616 ] ] ], [ [ [ -73.0862902, -44.3184616 ], [ -73.1667002, -44.3046216 ], [ -73.1454202, -44.3381016 ], [ -73.1465402, -44.3198716 ], [ -73.0862902, -44.3184616 ] ] ], [ [ [ -73.2426902, -43.9124816 ], [ -73.2655602, -43.9693516 ], [ -73.2171202, -44.0222316 ], [ -73.1832402, -44.0182416 ], [ -73.2100902, -44.0344816 ], [ -73.1439702, -44.0302416 ], [ -73.1152802, -43.9016416 ], [ -73.1317502, -43.8844316 ], [ -73.2426902, -43.9124816 ] ] ], [ [ [ -73.1404602, -44.5513616 ], [ -73.1436202, -44.5695716 ], [ -73.1279602, -44.5693216 ], [ -73.1404602, -44.5513616 ] ] ], [ [ [ -73.2873102, -44.3399816 ], [ -73.2532602, -44.3997116 ], [ -73.1515002, -44.3836916 ], [ -73.1895302, -44.3236216 ], [ -73.2193202, -44.3325716 ], [ -73.2379202, -44.3097616 ], [ -73.2873102, -44.3399816 ] ] ], [ [ [ -73.2169802, -44.2452016 ], [ -73.1955202, -44.2561116 ], [ -73.2014502, -44.2401816 ], [ -73.2169802, -44.2452016 ] ] ], [ [ [ -73.2337302, -44.2347116 ], [ -73.2069302, -44.2308516 ], [ -73.2315602, -44.2163316 ], [ -73.2337302, -44.2347116 ] ] ], [ [ [ -73.2720002, -44.0059616 ], [ -73.2573502, -44.0182916 ], [ -73.2321402, -44.0492616 ], [ -73.2376702, -44.0197016 ], [ -73.2720002, -44.0059616 ] ] ], [ [ [ -73.3356902, -44.5104816 ], [ -73.3574702, -44.5717016 ], [ -73.3276402, -44.5824616 ], [ -73.3389102, -44.5388916 ], [ -73.3097902, -44.5194716 ], [ -73.3356902, -44.5104816 ] ] ], [ [ [ -73.4251112, -45.3184454 ], [ -73.4261641, -45.3381596 ], [ -73.3802684, -45.3353844 ], [ -73.3245504, -45.3013426 ], [ -73.4251112, -45.3184454 ] ] ], [ [ [ -73.4205634, -45.075541 ], [ -73.4425281, -45.1153605 ], [ -73.424977, -45.0950053 ], [ -73.4170653, -45.1432893 ], [ -73.3307041, -45.1564531 ], [ -73.386244, -45.0683322 ], [ -73.4205634, -45.075541 ] ] ], [ [ [ -73.4236403, -45.0461716 ], [ -73.4368903, -45.0851016 ], [ -73.4030403, -45.0432716 ], [ -73.4236403, -45.0461716 ] ] ], [ [ [ -73.4602203, -45.0003016 ], [ -73.4703503, -45.0437916 ], [ -73.4341603, -44.9855216 ], [ -73.4602203, -45.0003016 ] ] ], [ [ [ -73.4657803, -45.0703716 ], [ -73.4580703, -45.1039116 ], [ -73.4408403, -45.0426516 ], [ -73.4657803, -45.0703716 ] ] ], [ [ [ -73.5390503, -44.1082416 ], [ -73.5173503, -44.1782516 ], [ -73.4950503, -44.1800516 ], [ -73.4438103, -44.1272716 ], [ -73.5390503, -44.1082416 ] ] ], [ [ [ -73.5812003, -45.3262916 ], [ -73.5762503, -45.3617116 ], [ -73.4803903, -45.3605116 ], [ -73.4558603, -45.3364616 ], [ -73.5812003, -45.3262916 ] ] ], [ [ [ -73.4765103, -44.2723016 ], [ -73.4902403, -44.2952916 ], [ -73.4758903, -44.2934716 ], [ -73.4765103, -44.2723016 ] ] ], [ [ [ -73.4930323, -45.1727085 ], [ -73.4794604, -45.1743604 ], [ -73.4881025, -45.1616478 ], [ -73.4930323, -45.1727085 ] ] ], [ [ [ -73.5700001, -47.8313124 ], [ -73.5379845, -47.8584898 ], [ -73.4848309, -47.869664 ], [ -73.5085085, -47.8353328 ], [ -73.5700001, -47.8313124 ] ] ], [ [ [ -73.519762, -48.1761523 ], [ -73.4850329, -48.1725732 ], [ -73.5077851, -48.1571265 ], [ -73.519762, -48.1761523 ] ] ], [ [ [ -73.5011103, -45.0133116 ], [ -73.4855303, -45.0112516 ], [ -73.4891003, -44.9983316 ], [ -73.5011103, -45.0133116 ] ] ], [ [ [ -73.5539646, -45.2530346 ], [ -73.5902355, -45.3027624 ], [ -73.5358202, -45.3161245 ], [ -73.4857038, -45.2656746 ], [ -73.5539646, -45.2530346 ] ] ], [ [ [ -73.4909003, -44.9259516 ], [ -73.5093203, -44.9543616 ], [ -73.4881103, -44.9411416 ], [ -73.4909003, -44.9259516 ] ] ], [ [ [ -73.5187403, -45.0925616 ], [ -73.4927603, -45.0998016 ], [ -73.5207603, -45.0675716 ], [ -73.5187403, -45.0925616 ] ] ], [ [ [ -73.5279601, -45.1638204 ], [ -73.5030003, -45.1509926 ], [ -73.5354773, -45.1409897 ], [ -73.5279601, -45.1638204 ] ] ], [ [ [ -73.5063603, -45.0397416 ], [ -73.5091903, -45.0164716 ], [ -73.5500203, -45.0244616 ], [ -73.5063603, -45.0397416 ] ] ], [ [ [ -73.5245901, -45.2030961 ], [ -73.5128835, -45.187466 ], [ -73.535858, -45.1823124 ], [ -73.5245901, -45.2030961 ] ] ], [ [ [ -73.6142667, -48.0394668 ], [ -73.6134632, -48.0741527 ], [ -73.5247395, -48.1118389 ], [ -73.5445607, -48.0737333 ], [ -73.6142667, -48.0394668 ] ] ], [ [ [ -73.6122603, -44.0398716 ], [ -73.5734503, -44.0385116 ], [ -73.5545903, -44.0863916 ], [ -73.5264403, -44.0761916 ], [ -73.5769403, -44.0182616 ], [ -73.6122603, -44.0398716 ] ] ], [ [ [ -73.5742803, -45.4066116 ], [ -73.5274003, -45.4136716 ], [ -73.5439203, -45.4000616 ], [ -73.5742803, -45.4066116 ] ] ], [ [ [ -73.5857903, -44.1509216 ], [ -73.5383803, -44.1429116 ], [ -73.5565203, -44.1201516 ], [ -73.5857903, -44.1509216 ] ] ], [ [ [ -73.7947904, -45.6712216 ], [ -73.7494904, -45.7619116 ], [ -73.7038204, -45.7633016 ], [ -73.6948804, -45.7419416 ], [ -73.7574504, -45.6823051 ], [ -73.6242503, -45.7690616 ], [ -73.5875403, -45.7351716 ], [ -73.5897403, -45.6627716 ], [ -73.6725303, -45.6070116 ], [ -73.5580403, -45.6454816 ], [ -73.5904003, -45.6023016 ], [ -73.5427703, -45.4851016 ], [ -73.5693103, -45.4521716 ], [ -73.6713703, -45.4350616 ], [ -73.7534104, -45.5189116 ], [ -73.7697704, -45.6043716 ], [ -73.7952304, -45.6053616 ], [ -73.7935504, -45.6673616 ], [ -73.7594459, -45.682009 ], [ -73.7947904, -45.6712216 ] ] ], [ [ [ -73.5556002, -46.20417 ], [ -73.5864802, -46.21643 ], [ -73.5522302, -46.21778 ], [ -73.5556002, -46.20417 ] ] ], [ [ [ -73.6157403, -44.4384816 ], [ -73.5819603, -44.4609416 ], [ -73.6244403, -44.4377416 ], [ -73.6510403, -44.4482316 ], [ -73.6356403, -44.4802216 ], [ -73.5668903, -44.4827616 ], [ -73.5635403, -44.4385516 ], [ -73.6157403, -44.4384816 ] ] ], [ [ [ -73.7301504, -44.5516816 ], [ -73.8091104, -44.5708316 ], [ -73.7902404, -44.6610616 ], [ -73.8328604, -44.5862716 ], [ -73.8806904, -44.5957816 ], [ -73.8193104, -44.6317616 ], [ -73.8367704, -44.6515216 ], [ -73.7733104, -44.6902016 ], [ -73.7445204, -44.7521616 ], [ -73.6051003, -44.7122316 ], [ -73.5865203, -44.7295816 ], [ -73.5637903, -44.7070616 ], [ -73.6037603, -44.6703416 ], [ -73.6659601, -44.7032592 ], [ -73.5839803, -44.5924416 ], [ -73.6297203, -44.5980316 ], [ -73.6851903, -44.5538816 ], [ -73.6312803, -44.5818716 ], [ -73.6103603, -44.5589316 ], [ -73.6854703, -44.5293216 ], [ -73.7432504, -44.5334116 ], [ -73.7301504, -44.5516816 ] ] ], [ [ [ -73.6951503, -44.4803716 ], [ -73.6374803, -44.5114516 ], [ -73.6893503, -44.5064416 ], [ -73.6691903, -44.5281716 ], [ -73.5933403, -44.5373116 ], [ -73.5735503, -44.5132216 ], [ -73.6951503, -44.4803716 ] ] ], [ [ [ -73.5933103, -44.3239616 ], [ -73.5938703, -44.3537816 ], [ -73.5750103, -44.3412816 ], [ -73.5933103, -44.3239616 ] ] ], [ [ [ -73.7369104, -43.9922816 ], [ -73.6976203, -44.0454616 ], [ -73.6572103, -44.0520716 ], [ -73.6941003, -44.0689116 ], [ -73.6640303, -44.0869116 ], [ -73.6441503, -44.0699816 ], [ -73.6581203, -44.1349216 ], [ -73.6150303, -44.1308616 ], [ -73.5759803, -44.0655516 ], [ -73.6505803, -44.0239416 ], [ -73.5975103, -44.0025716 ], [ -73.6888303, -43.9342516 ], [ -73.7369104, -43.9922816 ] ] ], [ [ [ -73.6121203, -44.7344816 ], [ -73.7356204, -44.7541416 ], [ -73.7303604, -44.8062416 ], [ -73.6346403, -44.8497916 ], [ -73.5876303, -44.8139616 ], [ -73.6089503, -44.7912316 ], [ -73.5800303, -44.7472916 ], [ -73.6121203, -44.7344816 ] ] ], [ [ [ -73.6266631, -47.8163801 ], [ -73.6676302, -47.80681 ], [ -73.7152402, -47.82024 ], [ -73.6789702, -47.84535 ], [ -73.5866339, -47.8108102 ], [ -73.6137434, -47.7963476 ], [ -73.6266631, -47.8163801 ] ] ], [ [ [ -73.6280942, -47.8412009 ], [ -73.5907881, -47.8522516 ], [ -73.5887071, -47.8342253 ], [ -73.6280942, -47.8412009 ] ] ], [ [ [ -73.6488713, -45.2651744 ], [ -73.6226127, -45.2802623 ], [ -73.6059585, -45.2457328 ], [ -73.6488713, -45.2651744 ] ] ], [ [ [ -73.6605103, -45.4312916 ], [ -73.6082503, -45.4270816 ], [ -73.6603203, -45.4194616 ], [ -73.6605103, -45.4312916 ] ] ], [ [ [ -73.6531703, -44.2107916 ], [ -73.6200303, -44.2016516 ], [ -73.6149203, -44.1799916 ], [ -73.6531703, -44.2107916 ] ] ], [ [ [ -73.6321803, -44.3906216 ], [ -73.6515603, -44.4089216 ], [ -73.6162903, -44.3966916 ], [ -73.6321803, -44.3906216 ] ] ], [ [ [ -73.7477653, -47.9276274 ], [ -73.66909, -47.9273903 ], [ -73.6807894, -47.9470356 ], [ -73.7375276, -47.9436002 ], [ -73.6572604, -47.9837542 ], [ -73.6835265, -47.9933572 ], [ -73.6655989, -47.9954528 ], [ -73.6221119, -47.9668437 ], [ -73.6678677, -47.9257305 ], [ -73.6190132, -47.9226628 ], [ -73.6423474, -47.8815764 ], [ -73.7266009, -47.8689465 ], [ -73.7477653, -47.9276274 ] ] ], [ [ [ -73.6601303, -44.8775916 ], [ -73.6297403, -44.8876416 ], [ -73.6275303, -44.8640116 ], [ -73.6601303, -44.8775916 ] ] ], [ [ [ -73.6514603, -45.8020816 ], [ -73.6278303, -45.7934016 ], [ -73.6352403, -45.7698316 ], [ -73.6514603, -45.8020816 ] ] ], [ [ [ -73.6719103, -44.3579116 ], [ -73.6367003, -44.3626616 ], [ -73.6475203, -44.3787116 ], [ -73.6860303, -44.3553416 ], [ -73.7937004, -44.3744616 ], [ -73.6641903, -44.4424616 ], [ -73.6417703, -44.4154316 ], [ -73.7165803, -44.3883216 ], [ -73.6288903, -44.3795116 ], [ -73.6287903, -44.3470516 ], [ -73.6719103, -44.3579116 ] ] ], [ [ [ -73.6638403, -44.2396116 ], [ -73.7445104, -44.2526616 ], [ -73.7160603, -44.3074016 ], [ -73.6320903, -44.2625616 ], [ -73.6638403, -44.2396116 ] ] ], [ [ [ -73.6561703, -43.9327516 ], [ -73.6490603, -43.9498416 ], [ -73.6411503, -43.9298516 ], [ -73.6561703, -43.9327516 ] ] ], [ [ [ -73.7230233, -45.0309708 ], [ -73.7069417, -45.0107381 ], [ -73.6638023, -45.0445791 ], [ -73.6424147, -45.018901 ], [ -73.7186908, -44.9839682 ], [ -73.7230233, -45.0309708 ] ] ], [ [ [ -73.9217103, -46.0915 ], [ -73.8647403, -46.09671 ], [ -73.8288303, -46.14145 ], [ -73.7487602, -46.14198 ], [ -73.8188103, -46.15922 ], [ -73.7261474, -46.2090283 ], [ -73.6960448, -46.1754199 ], [ -73.7197025, -46.1452397 ], [ -73.6791122, -46.1557176 ], [ -73.6454316, -46.0754416 ], [ -73.7433912, -46.032 ], [ -73.7685902, -46.07239 ], [ -73.7606602, -46.03649 ], [ -73.8298704, -45.9971116 ], [ -73.9043203, -46.00368 ], [ -73.9217103, -46.0915 ] ] ], [ [ [ -73.6670302, -46.04221 ], [ -73.6479502, -46.06231 ], [ -73.6542902, -46.0362 ], [ -73.6670302, -46.04221 ] ] ], [ [ [ -73.7181404, -45.8027816 ], [ -73.8117704, -45.8401416 ], [ -73.7757204, -45.8529716 ], [ -73.7649604, -45.8295416 ], [ -73.7747904, -45.8604116 ], [ -73.8655504, -45.8564616 ], [ -73.9221104, -45.9507716 ], [ -73.8879804, -45.9956716 ], [ -73.8186604, -45.9820116 ], [ -73.7960004, -45.9452716 ], [ -73.8347004, -45.9244116 ], [ -73.8071904, -45.9387916 ], [ -73.7511504, -45.8948916 ], [ -73.7816504, -45.9028516 ], [ -73.8061335, -45.8795341 ], [ -73.704168, -45.8776221 ], [ -73.6788141, -45.8936318 ], [ -73.7634704, -45.9563616 ], [ -73.7088104, -45.9110316 ], [ -73.7374604, -45.8938216 ], [ -73.8001603, -46.00294 ], [ -73.6716302, -46.03681 ], [ -73.6587057, -45.916655 ], [ -73.6849112, -45.9073785 ], [ -73.6489994, -45.8876983 ], [ -73.7181404, -45.8027816 ] ] ], [ [ [ -73.6943803, -44.1874716 ], [ -73.7021303, -44.1582116 ], [ -73.7207303, -44.1963816 ], [ -73.6552803, -44.2021116 ], [ -73.6510803, -44.1545616 ], [ -73.6943803, -44.1874716 ] ] ], [ [ [ -73.6966303, -44.3279316 ], [ -73.6821803, -44.3427016 ], [ -73.6524103, -44.3357416 ], [ -73.6593603, -44.3143116 ], [ -73.6966303, -44.3279316 ] ] ], [ [ [ -73.6836603, -44.9740616 ], [ -73.6562003, -44.9777416 ], [ -73.6657703, -44.9612616 ], [ -73.6836603, -44.9740616 ] ] ], [ [ [ -73.6811603, -43.8782916 ], [ -73.6698303, -43.8874316 ], [ -73.6629203, -43.8757616 ], [ -73.6811603, -43.8782916 ] ] ], [ [ [ -73.8223804, -44.9845616 ], [ -73.8124504, -45.0003016 ], [ -73.8752604, -44.9906416 ], [ -73.9512704, -45.0285016 ], [ -74.0289805, -45.0285616 ], [ -74.0353905, -45.0499416 ], [ -74.0588405, -45.0308516 ], [ -74.0967105, -45.0502316 ], [ -74.0995405, -45.0293416 ], [ -74.1769906, -45.0325416 ], [ -74.2345606, -45.0769816 ], [ -74.2173806, -45.1654616 ], [ -74.1502506, -45.1647416 ], [ -74.1511906, -45.0510716 ], [ -74.1327305, -45.1619816 ], [ -74.0877605, -45.1692316 ], [ -74.0404305, -45.1343816 ], [ -74.0716105, -45.1771016 ], [ -74.0126505, -45.2019416 ], [ -73.9588805, -45.1891116 ], [ -73.8447504, -45.2064816 ], [ -73.9804205, -45.1949416 ], [ -74.0069605, -45.2101516 ], [ -73.9758505, -45.2559616 ], [ -73.8098304, -45.2366816 ], [ -73.7575362, -45.3025764 ], [ -73.7511562, -45.2831851 ], [ -73.6872313, -45.2869824 ], [ -73.720469, -45.2328194 ], [ -73.6698096, -45.1769751 ], [ -73.6941763, -45.172913 ], [ -73.7083603, -45.0574016 ], [ -73.7314204, -45.0512816 ], [ -73.7168104, -45.0762316 ], [ -73.7834704, -45.0390016 ], [ -73.7486104, -45.0417916 ], [ -73.8223804, -44.9845616 ] ] ], [ [ [ -73.7123504, -44.8714316 ], [ -73.7093302, -44.8637172 ], [ -73.7356804, -44.8601116 ], [ -73.7123504, -44.8714316 ] ] ], [ [ [ -73.6996503, -44.8759116 ], [ -73.6728303, -44.8687116 ], [ -73.7056334, -44.864223 ], [ -73.6996503, -44.8759116 ] ] ], [ [ [ -73.7050503, -43.9315416 ], [ -73.6864703, -43.9325116 ], [ -73.7006503, -43.9193716 ], [ -73.7050503, -43.9315416 ] ] ], [ [ [ -73.7559604, -44.4935816 ], [ -73.7487704, -44.5185016 ], [ -73.6951203, -44.5236916 ], [ -73.6960803, -44.5040116 ], [ -73.7559604, -44.4935816 ] ] ], [ [ [ -73.7336304, -44.3485616 ], [ -73.7006103, -44.3515016 ], [ -73.6970303, -44.3364216 ], [ -73.7116403, -44.3298116 ], [ -73.7336304, -44.3485616 ] ] ], [ [ [ -73.7243003, -47.9877063 ], [ -73.7023866, -47.9929294 ], [ -73.7106439, -47.9760145 ], [ -73.7243003, -47.9877063 ] ] ], [ [ [ -73.7291404, -45.3076316 ], [ -73.7375904, -45.3226016 ], [ -73.7069004, -45.3117216 ], [ -73.7291404, -45.3076316 ] ] ], [ [ [ -73.7464804, -44.0360516 ], [ -73.7324303, -44.0623216 ], [ -73.7206603, -44.0323116 ], [ -73.7464804, -44.0360516 ] ] ], [ [ [ -73.7440104, -45.3379216 ], [ -73.7232904, -45.3459816 ], [ -73.7316904, -45.3313916 ], [ -73.7440104, -45.3379216 ] ] ], [ [ [ -73.7537704, -44.2377516 ], [ -73.7243003, -44.2248216 ], [ -73.7403004, -44.2158416 ], [ -73.7537704, -44.2377516 ] ] ], [ [ [ -73.7551004, -44.8845316 ], [ -73.7245204, -44.8882816 ], [ -73.7643104, -44.8730316 ], [ -73.7551004, -44.8845316 ] ] ], [ [ [ -73.9108104, -44.8205716 ], [ -73.8355604, -44.8394016 ], [ -73.8651104, -44.8498616 ], [ -73.7958504, -44.8963516 ], [ -73.9179804, -44.8648016 ], [ -73.8834604, -44.9162616 ], [ -73.8252804, -44.9606016 ], [ -73.7628504, -44.9559016 ], [ -73.7413804, -44.9341916 ], [ -73.7661604, -44.9048116 ], [ -73.7247104, -44.9087116 ], [ -73.7648404, -44.8867916 ], [ -73.7934304, -44.8032216 ], [ -73.8271104, -44.7738616 ], [ -73.9074204, -44.7865916 ], [ -73.9108104, -44.8205716 ] ] ], [ [ [ -73.7582504, -45.4046816 ], [ -73.7440404, -45.4137416 ], [ -73.7257404, -45.3919416 ], [ -73.7582504, -45.4046816 ] ] ], [ [ [ -73.7781804, -43.8551916 ], [ -73.8896504, -43.8594716 ], [ -73.8904904, -43.8780816 ], [ -73.8474204, -43.9032016 ], [ -73.7376861, -43.9002018 ], [ -73.7739204, -43.8216716 ], [ -73.7781804, -43.8551916 ] ] ], [ [ [ -73.7595704, -44.8306316 ], [ -73.7384404, -44.8278916 ], [ -73.7512604, -44.8039616 ], [ -73.7595704, -44.8306316 ] ] ], [ [ [ -73.7920604, -44.9823816 ], [ -73.7531904, -45.0221216 ], [ -73.7550204, -44.9827216 ], [ -73.7920604, -44.9823816 ] ] ], [ [ [ -74.1804316, -47.7948483 ], [ -74.2373411, -47.7787721 ], [ -74.3127949, -47.8016415 ], [ -74.155096, -47.8870603 ], [ -74.3287367, -47.8088069 ], [ -74.4201583, -47.8545626 ], [ -74.3378639, -47.883573 ], [ -74.4260116, -47.8608584 ], [ -74.4698113, -47.8883089 ], [ -74.3197818, -47.9237544 ], [ -74.3397805, -47.9015289 ], [ -74.2597386, -47.9637394 ], [ -74.0897271, -47.9263018 ], [ -73.9584803, -47.94334 ], [ -73.8601403, -47.89079 ], [ -73.8954503, -47.93047 ], [ -73.7741903, -47.92863 ], [ -73.7459902, -47.86076 ], [ -73.8044203, -47.84038 ], [ -73.8502103, -47.8674 ], [ -73.8283703, -47.8735 ], [ -73.8541703, -47.87023 ], [ -73.9572003, -47.81836 ], [ -74.021021, -47.8093422 ], [ -74.0063859, -47.8280877 ], [ -74.1948629, -47.7781795 ], [ -74.1804316, -47.7948483 ] ], [ [ -73.9671503, -47.83036 ], [ -74.0496502, -47.864376 ], [ -74.018258, -47.8862141 ], [ -74.0499601, -47.9283378 ], [ -74.0661175, -47.8638504 ], [ -74.141974, -47.8821896 ], [ -73.9671503, -47.83036 ] ] ], [ [ [ -73.7627204, -44.8007316 ], [ -73.7489304, -44.7994816 ], [ -73.7643204, -44.7769616 ], [ -73.7627204, -44.8007316 ] ] ], [ [ [ -73.7666504, -44.5245816 ], [ -73.7499104, -44.5276516 ], [ -73.7573004, -44.5121516 ], [ -73.7666504, -44.5245816 ] ] ], [ [ [ -73.8899004, -44.4033716 ], [ -73.9002204, -44.4543316 ], [ -73.7532104, -44.4526816 ], [ -73.7951104, -44.3995916 ], [ -73.8241304, -44.4409616 ], [ -73.8199204, -44.4107616 ], [ -73.8780804, -44.4381116 ], [ -73.8053304, -44.3996916 ], [ -73.8193504, -44.3739616 ], [ -73.8899004, -44.4033716 ] ] ], [ [ [ -73.8523504, -43.9229416 ], [ -73.7863504, -43.9482916 ], [ -73.7540304, -43.9150816 ], [ -73.8404604, -43.9062816 ], [ -73.8523504, -43.9229416 ] ] ], [ [ [ -74.1686206, -45.3016516 ], [ -74.0885305, -45.3674916 ], [ -74.1022105, -45.3100316 ], [ -73.9822805, -45.3740416 ], [ -73.7553704, -45.3510416 ], [ -73.8043704, -45.2499916 ], [ -73.9816505, -45.2639116 ], [ -74.0189905, -45.2068116 ], [ -74.1461506, -45.2244916 ], [ -74.1197205, -45.2263216 ], [ -74.1573506, -45.2411816 ], [ -74.1068505, -45.3135216 ], [ -74.1328886, -45.3274297 ], [ -74.1686206, -45.3016516 ] ] ], [ [ [ -73.8318404, -44.4988316 ], [ -73.7925104, -44.5175716 ], [ -73.7596504, -44.4980516 ], [ -73.7927004, -44.4824216 ], [ -73.8318404, -44.4988316 ] ] ], [ [ [ -73.8167904, -45.7673316 ], [ -73.8844804, -45.8218516 ], [ -73.8237504, -45.8215416 ], [ -73.8842604, -45.8517116 ], [ -73.8254204, -45.8492216 ], [ -73.8142404, -45.8214016 ], [ -73.7627504, -45.8076316 ], [ -73.8167904, -45.7673316 ] ] ], [ [ [ -73.8385004, -44.2843316 ], [ -73.8342804, -44.3167216 ], [ -73.8453904, -44.2950816 ], [ -73.8877204, -44.3006716 ], [ -73.8691304, -44.3193516 ], [ -73.8752704, -44.3416316 ], [ -73.8022304, -44.3572516 ], [ -73.7667504, -44.3404516 ], [ -73.7806804, -44.2684316 ], [ -73.8385004, -44.2843316 ] ] ], [ [ [ -74.0571205, -45.4311416 ], [ -74.0623105, -45.4484616 ], [ -73.9598005, -45.4593216 ], [ -74.0649205, -45.4570516 ], [ -74.1001505, -45.4971716 ], [ -74.0642705, -45.5229416 ], [ -74.1012205, -45.5187816 ], [ -74.1225705, -45.5503716 ], [ -74.1024905, -45.5940016 ], [ -74.0729205, -45.5693016 ], [ -74.1047005, -45.5573916 ], [ -74.0303505, -45.5359816 ], [ -74.0490405, -45.5183416 ], [ -73.9382004, -45.5082616 ], [ -73.9837005, -45.5260716 ], [ -73.9042304, -45.5428016 ], [ -73.8815404, -45.5082616 ], [ -73.9064404, -45.5519616 ], [ -73.8381504, -45.5747416 ], [ -73.7753604, -45.4631016 ], [ -73.8281104, -45.4513016 ], [ -73.8624304, -45.4862716 ], [ -73.8622604, -45.4653016 ], [ -73.9614705, -45.4677816 ], [ -73.9227904, -45.4555716 ], [ -74.0571205, -45.4311416 ] ] ], [ [ [ -73.9269204, -43.9575216 ], [ -73.8657804, -43.9886616 ], [ -73.8026604, -43.9953716 ], [ -73.7790404, -43.9736816 ], [ -73.8949904, -43.9315416 ], [ -73.9269204, -43.9575216 ] ] ], [ [ [ -73.8266904, -43.7996816 ], [ -73.9091504, -43.8004016 ], [ -73.8794904, -43.8173416 ], [ -73.8998704, -43.8402316 ], [ -73.9758204, -43.8443116 ], [ -74.0720705, -43.8044416 ], [ -74.1587205, -43.8614316 ], [ -74.0748405, -43.9059416 ], [ -74.0045105, -43.8875316 ], [ -74.0009205, -43.9196616 ], [ -73.9384204, -43.9535516 ], [ -73.9159604, -43.9064916 ], [ -73.8622904, -43.9149916 ], [ -73.9384204, -43.8846816 ], [ -73.9420704, -43.8510716 ], [ -73.8090504, -43.8513616 ], [ -73.7836504, -43.8347616 ], [ -73.8078004, -43.7927816 ], [ -73.8661904, -43.7737016 ], [ -73.8266904, -43.7996816 ] ] ], [ [ [ -73.7934104, -45.3695816 ], [ -73.9779205, -45.3842316 ], [ -74.0386705, -45.4153016 ], [ -73.8774604, -45.4517316 ], [ -73.7885504, -45.4149316 ], [ -73.7934104, -45.3695816 ] ] ], [ [ [ -73.8664303, -47.84271 ], [ -73.8470203, -47.8537 ], [ -73.7960803, -47.82235 ], [ -73.8664303, -47.84271 ] ] ], [ [ [ -73.8150404, -45.6244716 ], [ -73.8081604, -45.6591516 ], [ -73.7974904, -45.6165916 ], [ -73.8150404, -45.6244716 ] ] ], [ [ [ -73.8488904, -44.2145416 ], [ -73.8411704, -44.2502516 ], [ -73.8011204, -44.2305416 ], [ -73.8234404, -44.2107916 ], [ -73.8488904, -44.2145416 ] ] ], [ [ [ -73.9955305, -44.1439316 ], [ -73.9576104, -44.1898416 ], [ -73.8992904, -44.1829416 ], [ -73.8333404, -44.2032516 ], [ -73.8019004, -44.1854016 ], [ -73.8285904, -44.1483316 ], [ -73.8136604, -44.1821216 ], [ -73.8392504, -44.1654016 ], [ -73.8505704, -44.1875316 ], [ -73.8502104, -44.1588516 ], [ -73.8966704, -44.1751016 ], [ -73.8394604, -44.1213416 ], [ -73.8717004, -44.1352916 ], [ -73.8729704, -44.1106116 ], [ -73.9242804, -44.0954216 ], [ -73.9955305, -44.1439316 ] ] ], [ [ [ -73.9321204, -44.7301116 ], [ -73.8975104, -44.7451216 ], [ -73.8159604, -44.7434116 ], [ -73.8441604, -44.7159216 ], [ -73.9321204, -44.7301116 ] ] ], [ [ [ -73.8729703, -47.97129 ], [ -73.8427503, -47.9776 ], [ -73.8213603, -47.95809 ], [ -73.8729703, -47.97129 ] ] ], [ [ [ -73.8948004, -44.5138716 ], [ -73.8351304, -44.5130816 ], [ -73.8301604, -44.4832416 ], [ -73.8907904, -44.4834716 ], [ -73.8948004, -44.5138716 ] ] ], [ [ [ -73.8933004, -44.3960116 ], [ -73.8329904, -44.3712216 ], [ -73.8678604, -44.3574116 ], [ -73.8933004, -44.3960116 ] ] ], [ [ [ -74.2944806, -44.5993216 ], [ -74.2831006, -44.6300616 ], [ -74.3989707, -44.6163916 ], [ -74.4031807, -44.6439416 ], [ -74.3342507, -44.6324416 ], [ -74.4116907, -44.6570016 ], [ -74.3815707, -44.7048216 ], [ -74.2756106, -44.6952016 ], [ -74.0833905, -44.7384916 ], [ -74.3044906, -44.7094216 ], [ -74.3678407, -44.7223216 ], [ -74.3379707, -44.7758916 ], [ -74.2439906, -44.8070716 ], [ -73.9841805, -44.7216116 ], [ -73.9876205, -44.6593516 ], [ -73.9501004, -44.6551816 ], [ -73.9719105, -44.7087816 ], [ -73.8397904, -44.7004516 ], [ -73.8678304, -44.6634916 ], [ -73.9095104, -44.6605916 ], [ -73.8642304, -44.6579716 ], [ -73.9218967, -44.6150962 ], [ -73.8844404, -44.6252116 ], [ -73.8986304, -44.5665316 ], [ -73.9900105, -44.5967016 ], [ -73.9436087, -44.6092327 ], [ -74.2944806, -44.5993216 ] ] ], [ [ [ -73.8881104, -44.2919116 ], [ -73.8401204, -44.2603716 ], [ -73.9323304, -44.2522216 ], [ -73.8881104, -44.2919116 ] ] ], [ [ [ -73.9054304, -44.0812716 ], [ -73.8416504, -44.0877816 ], [ -73.8483004, -44.0715916 ], [ -73.9054304, -44.0812716 ] ] ], [ [ [ -73.8932004, -45.7694516 ], [ -73.8928104, -45.7861516 ], [ -73.8496604, -45.7513516 ], [ -73.8932004, -45.7694516 ] ] ], [ [ [ -74.0663905, -44.1667216 ], [ -74.0450905, -44.1548916 ], [ -74.0441905, -44.1891316 ], [ -74.0140305, -44.1919916 ], [ -73.9810605, -44.2281716 ], [ -74.0485505, -44.1922516 ], [ -74.0634305, -44.1678516 ], [ -74.0943705, -44.1829616 ], [ -74.0585905, -44.2965616 ], [ -73.9711004, -44.3252616 ], [ -74.0125905, -44.3366716 ], [ -73.946133, -44.3221021 ], [ -73.8835704, -44.3410016 ], [ -73.8725204, -44.3174416 ], [ -73.9380304, -44.2575316 ], [ -73.9742705, -44.2688816 ], [ -73.9593076, -44.3019323 ], [ -74.0493105, -44.2377616 ], [ -73.9690204, -44.2608516 ], [ -73.8542904, -44.2220316 ], [ -73.8870104, -44.1968916 ], [ -73.9289504, -44.1977816 ], [ -73.9260004, -44.2179116 ], [ -73.9738704, -44.1946416 ], [ -74.0182805, -44.1366416 ], [ -74.0663905, -44.1667216 ] ] ], [ [ [ -73.9735605, -45.5384316 ], [ -74.0982705, -45.5990616 ], [ -74.0354205, -45.7236616 ], [ -73.9658505, -45.7368516 ], [ -73.8795304, -45.7101116 ], [ -73.8586004, -45.6145516 ], [ -73.8883604, -45.5729316 ], [ -73.9734105, -45.5588916 ], [ -73.9735605, -45.5384316 ] ] ], [ [ [ -73.8902703, -47.96225 ], [ -73.8630003, -47.96068 ], [ -73.8669403, -47.94724 ], [ -73.8902703, -47.96225 ] ] ], [ [ [ -73.9397703, -46.12815 ], [ -73.8697903, -46.11841 ], [ -73.9200803, -46.09346 ], [ -73.9397703, -46.12815 ] ] ], [ [ [ -74.0328705, -45.7695916 ], [ -74.0942705, -45.7995116 ], [ -74.0384205, -45.8356716 ], [ -74.0301805, -45.8119916 ], [ -74.0327805, -45.8570016 ], [ -74.0009405, -45.8426616 ], [ -73.9962205, -45.9346716 ], [ -73.9315704, -45.8694716 ], [ -73.9264504, -45.7971416 ], [ -73.9553305, -45.7877816 ], [ -73.8725304, -45.7487316 ], [ -74.0390905, -45.7425416 ], [ -74.0328705, -45.7695916 ] ] ], [ [ [ -73.8895204, -45.8020416 ], [ -73.8868704, -45.7870516 ], [ -73.9156104, -45.7889316 ], [ -73.8895204, -45.8020416 ] ] ], [ [ [ -74.0529705, -44.3916816 ], [ -73.9247704, -44.4534916 ], [ -73.8880204, -44.3545616 ], [ -73.9629804, -44.3592116 ], [ -73.9580204, -44.3382816 ], [ -74.0077505, -44.3561716 ], [ -74.0785305, -44.2971916 ], [ -74.0529705, -44.3916816 ] ] ], [ [ [ -74.2472606, -44.9319016 ], [ -74.3841407, -44.9878216 ], [ -74.3572707, -45.0243016 ], [ -74.2655206, -45.0374816 ], [ -74.1879906, -45.0003016 ], [ -74.0214105, -44.9981916 ], [ -74.1215504, -44.95229 ], [ -74.0135505, -44.9925016 ], [ -73.8918804, -44.9643716 ], [ -73.9525804, -44.8947716 ], [ -74.0592805, -44.8958616 ], [ -74.0862105, -44.8667616 ], [ -74.2032606, -44.8770016 ], [ -74.2472606, -44.9319016 ] ] ], [ [ [ -73.9160904, -44.5363916 ], [ -73.9023104, -44.5440916 ], [ -73.9077204, -44.5260416 ], [ -73.9160904, -44.5363916 ] ] ], [ [ [ -74.1831706, -44.4199916 ], [ -74.0773605, -44.4686816 ], [ -74.1428905, -44.4519716 ], [ -74.1293205, -44.4709416 ], [ -73.9473004, -44.4994316 ], [ -73.9580804, -44.5155316 ], [ -74.0837205, -44.5177116 ], [ -74.1146405, -44.5073616 ], [ -73.9744805, -44.5049316 ], [ -74.1210305, -44.4905216 ], [ -74.1216605, -44.5161316 ], [ -74.0921405, -44.5444216 ], [ -74.0333205, -44.5602816 ], [ -73.9219504, -44.5396616 ], [ -73.9720805, -44.4469516 ], [ -73.9745905, -44.4647416 ], [ -74.1831706, -44.4199916 ] ] ], [ [ [ -73.9934805, -44.7704316 ], [ -74.1887406, -44.8210116 ], [ -74.0152505, -44.8625516 ], [ -73.9292904, -44.8336216 ], [ -73.9316904, -44.7885116 ], [ -73.9934805, -44.7704316 ] ] ], [ [ [ -73.9464704, -44.0689216 ], [ -73.9306304, -44.0560416 ], [ -73.9396704, -44.0441116 ], [ -73.9464704, -44.0689216 ] ] ], [ [ [ -73.9815005, -45.9971416 ], [ -73.9531603, -46.01287 ], [ -73.9734905, -45.9482316 ], [ -73.9815005, -45.9971416 ] ] ], [ [ [ -74.0771605, -45.3429516 ], [ -74.0466805, -45.4098716 ], [ -73.9721905, -45.3793616 ], [ -74.0771605, -45.3429516 ] ] ], [ [ [ -74.1966986, -48.364077 ], [ -74.1998762, -48.3924819 ], [ -74.1317543, -48.4265243 ], [ -74.1487275, -48.4398984 ], [ -73.9935504, -48.496 ], [ -74.0051627, -48.3930121 ], [ -74.0626099, -48.3978791 ], [ -74.1161459, -48.3505695 ], [ -74.1966986, -48.364077 ] ] ], [ [ [ -74.0090605, -43.8034716 ], [ -73.9848104, -43.8036216 ], [ -74.0010805, -43.7836416 ], [ -74.0090605, -43.8034716 ] ] ], [ [ [ -74.0451205, -43.8068516 ], [ -74.0246705, -43.8158716 ], [ -74.0167505, -43.7976516 ], [ -74.0451205, -43.8068516 ] ] ], [ [ [ -74.0487605, -44.0989816 ], [ -74.0269105, -44.0956016 ], [ -74.0559805, -44.0867416 ], [ -74.0487605, -44.0989816 ] ] ], [ [ [ -74.0279416, -47.8122774 ], [ -74.028201, -47.7821335 ], [ -74.1403452, -47.7828098 ], [ -74.0279416, -47.8122774 ] ] ], [ [ [ -74.1328306, -45.8874616 ], [ -74.0593405, -45.9064216 ], [ -74.0323405, -45.8824316 ], [ -74.0475997, -45.8701417 ], [ -74.1328306, -45.8874616 ] ] ], [ [ [ -74.1236005, -44.1311316 ], [ -74.1560505, -44.1700916 ], [ -74.1220605, -44.1790016 ], [ -74.0448505, -44.1151916 ], [ -74.1236005, -44.1311316 ] ] ], [ [ [ -74.1334705, -44.0832716 ], [ -74.0849605, -44.0767116 ], [ -74.1078005, -44.1003816 ], [ -74.0636605, -44.0702516 ], [ -74.1334705, -44.0832716 ] ] ], [ [ [ -74.0984005, -45.7533916 ], [ -74.0649105, -45.7600916 ], [ -74.0998105, -45.7409916 ], [ -74.0984005, -45.7533916 ] ] ], [ [ [ -74.0932505, -45.7822716 ], [ -74.0715105, -45.7708216 ], [ -74.0862805, -45.7612416 ], [ -74.0932505, -45.7822716 ] ] ], [ [ [ -74.1166505, -44.3161216 ], [ -74.1878006, -44.3803816 ], [ -74.0734005, -44.4174116 ], [ -74.1166505, -44.3161216 ] ] ], [ [ [ -74.1125605, -45.4213716 ], [ -74.0823005, -45.4367016 ], [ -74.1046505, -45.4015216 ], [ -74.1125605, -45.4213716 ] ] ], [ [ [ -74.1111805, -45.4643316 ], [ -74.1012005, -45.4749516 ], [ -74.0921305, -45.4621316 ], [ -74.1111805, -45.4643316 ] ] ], [ [ [ -74.1383105, -44.2278816 ], [ -74.1631505, -44.2653916 ], [ -74.2003506, -44.2489416 ], [ -74.1137805, -44.3068116 ], [ -74.1001805, -44.2577716 ], [ -74.1383105, -44.2278816 ] ] ], [ [ [ -74.2021306, -44.0603716 ], [ -74.1547105, -44.0690116 ], [ -74.1100905, -44.0436216 ], [ -74.2021306, -44.0603716 ] ] ], [ [ [ -74.1297805, -45.4634516 ], [ -74.1130905, -45.4459416 ], [ -74.1309205, -45.4412516 ], [ -74.1297805, -45.4634516 ] ] ], [ [ [ -74.2807906, -45.7140416 ], [ -74.2935307, -45.7479316 ], [ -74.3224907, -45.7518816 ], [ -74.2644406, -45.8227016 ], [ -74.1799806, -45.8066816 ], [ -74.1872206, -45.7885016 ], [ -74.1134505, -45.8024916 ], [ -74.1465606, -45.7473216 ], [ -74.2094906, -45.7508616 ], [ -74.2148206, -45.7759416 ], [ -74.2221806, -45.7498716 ], [ -74.2871707, -45.7563916 ], [ -74.1897806, -45.7441516 ], [ -74.1935006, -45.7246916 ], [ -74.2807906, -45.7140416 ] ] ], [ [ [ -74.1373706, -45.4285016 ], [ -74.1140805, -45.4049316 ], [ -74.1623706, -45.4074916 ], [ -74.1373706, -45.4285016 ] ] ], [ [ [ -74.1455306, -45.7309216 ], [ -74.1148705, -45.7415416 ], [ -74.1366506, -45.7197116 ], [ -74.1455306, -45.7309216 ] ] ], [ [ [ -74.3657407, -44.5062416 ], [ -74.3125711, -44.5758821 ], [ -74.116701, -44.5562221 ], [ -74.1858506, -44.4681016 ], [ -74.2168306, -44.4996016 ], [ -74.3028576, -44.4938211 ], [ -74.2032506, -44.4642116 ], [ -74.2463606, -44.4041116 ], [ -74.3006606, -44.3887116 ], [ -74.4128107, -44.4700516 ], [ -74.3988807, -44.4309816 ], [ -74.4873708, -44.4169716 ], [ -74.5591908, -44.4788816 ], [ -74.5169508, -44.5156316 ], [ -74.3869107, -44.5444816 ], [ -74.3803507, -44.5044016 ], [ -74.4439807, -44.4820416 ], [ -74.3657407, -44.5062416 ] ] ], [ [ [ -74.1735106, -45.3219316 ], [ -74.2034306, -45.3855016 ], [ -74.1255305, -45.3647616 ], [ -74.1735106, -45.3219316 ] ] ], [ [ [ -74.1764406, -44.2076616 ], [ -74.1258405, -44.2091816 ], [ -74.1815606, -44.1880816 ], [ -74.1764406, -44.2076616 ] ] ], [ [ [ -74.1541705, -44.1136916 ], [ -74.1654405, -44.1417416 ], [ -74.1333105, -44.1088816 ], [ -74.1541705, -44.1136916 ] ] ], [ [ [ -74.2352608, -48.3002692 ], [ -74.3074621, -48.2779856 ], [ -74.3688799, -48.3312554 ], [ -74.2160693, -48.4161137 ], [ -74.3796058, -48.3318463 ], [ -74.4462373, -48.3548465 ], [ -74.2634476, -48.419967 ], [ -74.2342255, -48.4457239 ], [ -74.2899866, -48.4289461 ], [ -74.2268263, -48.4688446 ], [ -74.1405511, -48.4275116 ], [ -74.2153481, -48.390743 ], [ -74.2352608, -48.3002692 ] ] ], [ [ [ -74.2417406, -44.0034216 ], [ -74.1476605, -44.0051716 ], [ -74.2089406, -43.9881316 ], [ -74.2417406, -44.0034216 ] ] ], [ [ [ -74.1688206, -45.4534116 ], [ -74.1490406, -45.4706116 ], [ -74.1582406, -45.4479716 ], [ -74.1688206, -45.4534116 ] ] ], [ [ [ -74.1746312, -45.5478804 ], [ -74.1849006, -45.5074516 ], [ -74.2290106, -45.4880516 ], [ -74.1746312, -45.5478804 ] ] ], [ [ [ -74.1582606, -45.5658916 ], [ -74.1719706, -45.5187616 ], [ -74.1808506, -45.5140216 ], [ -74.1746241, -45.5478883 ], [ -74.1582606, -45.5658916 ] ] ], [ [ [ -74.2275505, -47.15211 ], [ -74.1660204, -47.17157 ], [ -74.1817905, -47.13609 ], [ -74.2275505, -47.15211 ] ] ], [ [ [ -74.2023106, -44.0977916 ], [ -74.1675005, -44.0867616 ], [ -74.3417207, -44.0750516 ], [ -74.2023106, -44.0977916 ] ] ], [ [ [ -74.2858906, -44.0255116 ], [ -74.2280406, -44.0430416 ], [ -74.1716906, -44.0271416 ], [ -74.2439206, -44.0131416 ], [ -74.2858906, -44.0255116 ] ] ], [ [ [ -74.3532507, -44.1189016 ], [ -74.1953206, -44.1378116 ], [ -74.1777106, -44.1215316 ], [ -74.3533707, -44.0931316 ], [ -74.3532507, -44.1189016 ] ] ], [ [ [ -74.3901307, -45.4467116 ], [ -74.4612208, -45.5697416 ], [ -74.4398608, -45.6014116 ], [ -74.4162107, -45.5895216 ], [ -74.4249408, -45.6216316 ], [ -74.4848508, -45.6083616 ], [ -74.4252708, -45.6904616 ], [ -74.4632008, -45.7079616 ], [ -74.4410508, -45.7335616 ], [ -74.4877808, -45.7290516 ], [ -74.4489008, -45.7838516 ], [ -74.3653907, -45.7749616 ], [ -74.3393707, -45.7503016 ], [ -74.3865807, -45.7388516 ], [ -74.3065807, -45.7381216 ], [ -74.2888807, -45.7146216 ], [ -74.3903107, -45.7111216 ], [ -74.4187607, -45.6902516 ], [ -74.3714807, -45.7078016 ], [ -74.3204207, -45.7032916 ], [ -74.3437907, -45.6754816 ], [ -74.3094607, -45.6963816 ], [ -74.3300207, -45.6735716 ], [ -74.2985607, -45.6955616 ], [ -74.1931506, -45.6889216 ], [ -74.1780406, -45.6285116 ], [ -74.2648406, -45.4869816 ], [ -74.3901307, -45.4467116 ] ] ], [ [ [ -74.3988107, -45.2442016 ], [ -74.290908, -45.3272746 ], [ -74.2336006, -45.4000916 ], [ -74.3201407, -45.2504916 ], [ -74.2724906, -45.2880816 ], [ -74.2940506, -45.2351016 ], [ -74.2544306, -45.2150416 ], [ -74.2615106, -45.3119316 ], [ -74.2222506, -45.3613116 ], [ -74.1894106, -45.2809516 ], [ -74.2353306, -45.2761816 ], [ -74.1910606, -45.2750616 ], [ -74.1944406, -45.2227216 ], [ -74.3892507, -45.1600316 ], [ -74.3988107, -45.2442016 ] ] ], [ [ [ -74.2467706, -44.8658316 ], [ -74.2143206, -44.8572816 ], [ -74.2327206, -44.8510216 ], [ -74.2467706, -44.8658316 ] ] ], [ [ [ -74.3214506, -44.2008316 ], [ -74.2185306, -44.2356616 ], [ -74.2559706, -44.1996316 ], [ -74.3214506, -44.2008316 ] ] ], [ [ [ -74.3042006, -44.1691616 ], [ -74.3671907, -44.1810116 ], [ -74.2315706, -44.1630716 ], [ -74.2671006, -44.1318316 ], [ -74.3596807, -44.1359816 ], [ -74.3042006, -44.1691616 ] ] ], [ [ [ -74.3100406, -44.2251616 ], [ -74.4190707, -44.2526416 ], [ -74.3437407, -44.3037816 ], [ -74.2319406, -44.3038716 ], [ -74.3100406, -44.2251616 ] ] ], [ [ [ -74.4668904, -48.3720434 ], [ -74.4536923, -48.4309019 ], [ -74.3969744, -48.4586735 ], [ -74.412034, -48.513343 ], [ -74.3600133, -48.5371488 ], [ -74.2345389, -48.4721521 ], [ -74.4668904, -48.3720434 ] ] ], [ [ [ -74.3126205, -46.7836 ], [ -74.2405105, -46.78726 ], [ -74.2611749, -46.7826263 ], [ -74.3126205, -46.7836 ] ] ], [ [ [ -74.3828407, -44.3438116 ], [ -74.3583307, -44.3861916 ], [ -74.2442106, -44.3727616 ], [ -74.3284607, -44.3208216 ], [ -74.3828407, -44.3438116 ] ] ], [ [ [ -74.3815807, -45.0700516 ], [ -74.4140507, -45.0535016 ], [ -74.4186907, -45.1138316 ], [ -74.2466106, -45.1663716 ], [ -74.2623306, -45.0931616 ], [ -74.3224907, -45.1425616 ], [ -74.3797007, -45.0742016 ], [ -74.3173607, -45.1277216 ], [ -74.3333407, -45.0860216 ], [ -74.2948906, -45.0790016 ], [ -74.3006907, -45.0996116 ], [ -74.2764406, -45.0737916 ], [ -74.3748107, -45.0410616 ], [ -74.3815807, -45.0700516 ] ] ], [ [ [ -74.3706806, -47.03872 ], [ -74.4493206, -47.07462 ], [ -74.4282206, -47.16876 ], [ -74.2661705, -47.07979 ], [ -74.2475905, -47.0428 ], [ -74.3706806, -47.03872 ] ] ], [ [ [ -74.3252154, -48.2168834 ], [ -74.2819093, -48.2578102 ], [ -74.2553188, -48.2507313 ], [ -74.3252154, -48.2168834 ] ] ], [ [ [ -74.2705906, -44.8678016 ], [ -74.2941106, -44.9146116 ], [ -74.2571406, -44.8971616 ], [ -74.2705906, -44.8678016 ] ] ], [ [ [ -74.5052908, -45.3029916 ], [ -74.5209808, -45.3305516 ], [ -74.4604408, -45.3804216 ], [ -74.3404507, -45.4265616 ], [ -74.2620006, -45.4105316 ], [ -74.3181707, -45.3125216 ], [ -74.3924507, -45.2826516 ], [ -74.5052908, -45.3029916 ] ] ], [ [ [ -74.3648751, -48.5537866 ], [ -74.390472, -48.5411505 ], [ -74.3898277, -48.5677754 ], [ -74.2678611, -48.5123104 ], [ -74.3648751, -48.5537866 ] ] ], [ [ [ -74.3421607, -47.5961459 ], [ -74.3560935, -47.6277498 ], [ -74.3308219, -47.631434 ], [ -74.3619653, -47.650023 ], [ -74.2782757, -47.6086928 ], [ -74.3506693, -47.5621912 ], [ -74.3421607, -47.5961459 ] ] ], [ [ [ -74.4569908, -44.8968016 ], [ -74.3985807, -44.9624716 ], [ -74.2955306, -44.9140916 ], [ -74.3059507, -44.8924516 ], [ -74.3287107, -44.9173016 ], [ -74.4569908, -44.8968016 ] ] ], [ [ [ -74.4283107, -44.7122816 ], [ -74.4917308, -44.7262316 ], [ -74.4941408, -44.7146116 ], [ -74.5346808, -44.7419916 ], [ -74.4487708, -44.8419416 ], [ -74.4216707, -44.8312916 ], [ -74.3832207, -44.8602416 ], [ -74.2989706, -44.8407416 ], [ -74.3995807, -44.7730616 ], [ -74.4283107, -44.7122816 ] ] ], [ [ [ -74.4697714, -48.1445086 ], [ -74.5516881, -48.1369932 ], [ -74.5483401, -48.1593812 ], [ -74.5245904, -48.1399153 ], [ -74.4853788, -48.1685821 ], [ -74.5524512, -48.1720549 ], [ -74.5315576, -48.273646 ], [ -74.4741024, -48.2023216 ], [ -74.4167432, -48.1840361 ], [ -74.5155694, -48.2774175 ], [ -74.4788076, -48.3364985 ], [ -74.4040949, -48.3293242 ], [ -74.3070559, -48.2640029 ], [ -74.4765128, -48.1218081 ], [ -74.5523958, -48.1049524 ], [ -74.4697714, -48.1445086 ] ] ], [ [ [ -74.3641107, -44.9074916 ], [ -74.3216407, -44.9035216 ], [ -74.3310207, -44.8679516 ], [ -74.3641107, -44.9074916 ] ] ], [ [ [ -74.3626507, -44.2061916 ], [ -74.3270207, -44.2127216 ], [ -74.3229307, -44.1991316 ], [ -74.3626507, -44.2061916 ] ] ], [ [ [ -74.3755806, -46.86486 ], [ -74.3555706, -46.89408 ], [ -74.3288705, -46.86578 ], [ -74.3755806, -46.86486 ] ] ], [ [ [ -74.4338908, -45.7947516 ], [ -74.3736807, -45.8047816 ], [ -74.3298407, -45.7895816 ], [ -74.3400007, -45.7703116 ], [ -74.4338908, -45.7947516 ] ] ], [ [ [ -74.3848148, -47.7619136 ], [ -74.4684996, -47.8087129 ], [ -74.4777601, -47.884519 ], [ -74.3386327, -47.7888282 ], [ -74.3848148, -47.7619136 ] ] ], [ [ [ -74.3687907, -44.1584416 ], [ -74.3424207, -44.1610116 ], [ -74.3685407, -44.1387316 ], [ -74.3687907, -44.1584416 ] ] ], [ [ [ -74.3564707, -44.8698316 ], [ -74.3855407, -44.8971516 ], [ -74.3669007, -44.9009716 ], [ -74.3564707, -44.8698316 ] ] ], [ [ [ -74.3827707, -44.5532516 ], [ -74.3647807, -44.5541516 ], [ -74.3727007, -44.5418016 ], [ -74.3827707, -44.5532516 ] ] ], [ [ [ -74.4218507, -44.3944316 ], [ -74.3690707, -44.3895616 ], [ -74.4027207, -44.3544716 ], [ -74.4218507, -44.3944316 ] ] ], [ [ [ -74.4048807, -44.8963116 ], [ -74.3974807, -44.8835416 ], [ -74.4291907, -44.8869416 ], [ -74.4048807, -44.8963116 ] ] ], [ [ [ -74.4176707, -44.3298916 ], [ -74.4095507, -44.3476416 ], [ -74.4067807, -44.3245516 ], [ -74.4176707, -44.3298916 ] ] ], [ [ [ -74.5005708, -45.4478016 ], [ -74.5449209, -45.5436216 ], [ -74.4848108, -45.6020916 ], [ -74.4591208, -45.5937916 ], [ -74.4699608, -45.5239016 ], [ -74.4068607, -45.4415016 ], [ -74.5005708, -45.4478016 ] ] ], [ [ [ -74.4445606, -47.18244 ], [ -74.4287106, -47.18709 ], [ -74.4240706, -47.17117 ], [ -74.4445606, -47.18244 ] ] ], [ [ [ -74.7154331, -48.1516413 ], [ -74.6960502, -48.2169708 ], [ -74.7535023, -48.2516043 ], [ -74.7600747, -48.3465826 ], [ -74.6963128, -48.4243276 ], [ -74.6691426, -48.4166956 ], [ -74.65833, -48.4645399 ], [ -74.70261, -48.4936492 ], [ -74.7069611, -48.5435508 ], [ -74.742455, -48.4588088 ], [ -74.7582712, -48.524622 ], [ -74.7621058, -48.3822088 ], [ -74.7936823, -48.3776232 ], [ -74.8219806, -48.4131534 ], [ -74.8440442, -48.3914993 ], [ -74.9704868, -48.4770881 ], [ -74.9589744, -48.5715948 ], [ -74.9045189, -48.6080493 ], [ -74.8877745, -48.5496319 ], [ -74.8944921, -48.615064 ], [ -74.7212176, -48.6323692 ], [ -74.6727797, -48.610619 ], [ -74.6473159, -48.6558246 ], [ -74.5857991, -48.6566331 ], [ -74.5507493, -48.6914259 ], [ -74.4572517, -48.6745954 ], [ -74.4398805, -48.5777782 ], [ -74.4692551, -48.5594612 ], [ -74.4679574, -48.587056 ], [ -74.4875256, -48.5656795 ], [ -74.4717527, -48.6267846 ], [ -74.5282628, -48.5775637 ], [ -74.5562454, -48.5862927 ], [ -74.5312218, -48.5683938 ], [ -74.5657959, -48.5364117 ], [ -74.5534271, -48.4598472 ], [ -74.5958357, -48.4169562 ], [ -74.6445662, -48.4142329 ], [ -74.5825451, -48.3907689 ], [ -74.5494106, -48.4078927 ], [ -74.5544534, -48.3197269 ], [ -74.6278093, -48.2785189 ], [ -74.6284189, -48.2171707 ], [ -74.6683192, -48.2627849 ], [ -74.6457738, -48.2155384 ], [ -74.6808893, -48.1904317 ], [ -74.6543553, -48.1904629 ], [ -74.6576677, -48.1556727 ], [ -74.6534747, -48.1901551 ], [ -74.6347477, -48.1734191 ], [ -74.6890558, -48.1208659 ], [ -74.7154331, -48.1516413 ] ] ], [ [ [ -74.6157709, -44.6066716 ], [ -74.6330409, -44.6596016 ], [ -74.669181, -44.6510916 ], [ -74.676381, -44.6746616 ], [ -74.4340007, -44.6915916 ], [ -74.4584708, -44.6306316 ], [ -74.6157709, -44.6066716 ] ] ], [ [ [ -74.4694208, -45.2632516 ], [ -74.4385408, -45.2668416 ], [ -74.4472908, -45.2541416 ], [ -74.4694208, -45.2632516 ] ] ], [ [ [ -74.4468724, -48.4634454 ], [ -74.4650986, -48.4910434 ], [ -74.4401022, -48.4915839 ], [ -74.4468724, -48.4634454 ] ] ], [ [ [ -74.5, -45.6957216 ], [ -74.4854508, -45.7206516 ], [ -74.4586708, -45.6642716 ], [ -74.5, -45.6957216 ] ] ], [ [ [ -74.5050387, -48.103074 ], [ -74.4641774, -48.1170652 ], [ -74.4673183, -48.1019318 ], [ -74.5050387, -48.103074 ] ] ], [ [ [ -74.4878008, -45.7406316 ], [ -74.5776209, -45.7928216 ], [ -74.4672408, -45.8122716 ], [ -74.4878008, -45.7406316 ] ] ], [ [ [ -74.4982108, -45.6280616 ], [ -74.5113308, -45.6845016 ], [ -74.4735608, -45.6556516 ], [ -74.4982108, -45.6280616 ] ] ], [ [ [ -74.5699009, -45.2103716 ], [ -74.5211408, -45.2361616 ], [ -74.4862908, -45.2155616 ], [ -74.4971308, -45.1556916 ], [ -74.5699009, -45.2103716 ] ] ], [ [ [ -74.5497009, -45.7496616 ], [ -74.5044208, -45.7385416 ], [ -74.5133708, -45.7084016 ], [ -74.5497009, -45.7496616 ] ] ], [ [ [ -74.608774, -47.9071095 ], [ -74.6025038, -47.9629805 ], [ -74.5077736, -47.9161086 ], [ -74.5445662, -47.8916536 ], [ -74.608774, -47.9071095 ] ] ], [ [ [ -74.5087008, -45.5827916 ], [ -74.653031, -45.6485816 ], [ -74.681201, -45.7145216 ], [ -74.6292009, -45.7641116 ], [ -74.6010309, -45.7324116 ], [ -74.6222009, -45.7662416 ], [ -74.5711309, -45.7518916 ], [ -74.5087008, -45.5827916 ] ] ], [ [ [ -74.5393605, -47.7997093 ], [ -74.6183321, -47.8010398 ], [ -74.6102427, -47.8472669 ], [ -74.5260255, -47.8775183 ], [ -74.5131024, -47.8228764 ], [ -74.5393605, -47.7997093 ] ] ], [ [ [ -74.5453754, -48.5447411 ], [ -74.5327055, -48.5643709 ], [ -74.5291442, -48.5155983 ], [ -74.5453754, -48.5447411 ] ] ], [ [ [ -74.5534509, -45.2900616 ], [ -74.5919709, -45.2797016 ], [ -74.5648909, -45.2983816 ], [ -74.5918309, -45.2973716 ], [ -74.5596709, -45.3089216 ], [ -74.5508609, -45.2835616 ], [ -74.5890709, -45.2672416 ], [ -74.5534509, -45.2900616 ] ] ], [ [ [ -74.6087808, -46.9208 ], [ -74.5923808, -46.94286 ], [ -74.5660707, -46.91515 ], [ -74.6087808, -46.9208 ] ] ], [ [ [ -74.6244909, -45.3193416 ], [ -74.5695809, -45.3454116 ], [ -74.5835309, -45.3252016 ], [ -74.6244909, -45.3193416 ] ] ], [ [ [ -74.7005461, -47.8183223 ], [ -74.6864174, -47.8835929 ], [ -74.6850866, -47.8551265 ], [ -74.6023878, -47.8716776 ], [ -74.6401386, -47.7958127 ], [ -74.7005461, -47.8183223 ] ] ], [ [ [ -74.6324509, -45.2895416 ], [ -74.6071509, -45.3038616 ], [ -74.6425009, -45.2716516 ], [ -74.6324509, -45.2895416 ] ] ], [ [ [ -74.6543321, -47.9173192 ], [ -74.6256968, -47.9050779 ], [ -74.6711833, -47.8849451 ], [ -74.6543321, -47.9173192 ] ] ], [ [ [ -74.6858057, -47.789953 ], [ -74.6473341, -47.7771627 ], [ -74.6902808, -47.7734803 ], [ -74.6858057, -47.789953 ] ] ], [ [ [ -74.7606731, -47.9150079 ], [ -74.7429311, -47.9987635 ], [ -74.6948007, -48.0145213 ], [ -74.6773084, -47.9722243 ], [ -74.732875, -47.9080448 ], [ -74.7606731, -47.9150079 ] ] ], [ [ [ -74.7011139, -48.0256612 ], [ -74.7411814, -48.0080779 ], [ -74.6995045, -48.0529751 ], [ -74.7011139, -48.0256612 ] ] ], [ [ [ -74.7477668, -48.022998 ], [ -74.7152481, -48.1001134 ], [ -74.6936938, -48.0620265 ], [ -74.7477668, -48.022998 ] ] ], [ [ [ -74.8052211, -44.5429416 ], [ -74.8239211, -44.5759316 ], [ -74.7809111, -44.6741316 ], [ -74.714501, -44.6503716 ], [ -74.714961, -44.5733716 ], [ -74.8052211, -44.5429416 ] ] ], [ [ [ -74.7348764, -47.5846268 ], [ -74.7161711, -47.5805235 ], [ -74.7309637, -47.5712764 ], [ -74.7348764, -47.5846268 ] ] ], [ [ [ -74.8347612, -45.5937716 ], [ -74.8569412, -45.6576716 ], [ -74.723821, -45.7181516 ], [ -74.7592311, -45.6462016 ], [ -74.8307412, -45.6197116 ], [ -74.7658911, -45.6255316 ], [ -74.8347612, -45.5937716 ] ] ], [ [ [ -74.8038344, -48.0802692 ], [ -74.7584532, -48.0811099 ], [ -74.7319623, -48.1161083 ], [ -74.7568134, -48.048614 ], [ -74.8038344, -48.0802692 ] ] ], [ [ [ -75.2136744, -48.0753156 ], [ -75.1725225, -48.1269803 ], [ -75.1540472, -48.1108695 ], [ -75.1599839, -48.1513685 ], [ -75.1089826, -48.1396709 ], [ -75.1606794, -48.1577791 ], [ -75.150105, -48.1812708 ], [ -75.0699383, -48.1509645 ], [ -75.1523051, -48.1871209 ], [ -75.1076654, -48.1837924 ], [ -75.1468878, -48.2105036 ], [ -75.1414084, -48.2259822 ], [ -75.1007831, -48.2045563 ], [ -75.1288671, -48.2290328 ], [ -75.1050267, -48.2451837 ], [ -75.0416488, -48.2022812 ], [ -75.0906207, -48.2416728 ], [ -75.0262226, -48.2448228 ], [ -75.1106766, -48.2627604 ], [ -75.0384127, -48.2564743 ], [ -75.044629, -48.282336 ], [ -75.0612302, -48.2597889 ], [ -75.1056981, -48.2718655 ], [ -75.0595763, -48.3361142 ], [ -75.0463619, -48.3155186 ], [ -75.0069384, -48.3196505 ], [ -75.0486945, -48.3291248 ], [ -75.0103655, -48.3886599 ], [ -74.968872, -48.3767793 ], [ -75.0089832, -48.3932893 ], [ -74.9766881, -48.4468477 ], [ -74.8224201, -48.3445316 ], [ -74.829763, -48.3795727 ], [ -74.7772742, -48.3663873 ], [ -74.770361, -48.3059666 ], [ -74.8003721, -48.3104619 ], [ -74.7763087, -48.2688988 ], [ -74.8072948, -48.26134 ], [ -74.7684424, -48.2394515 ], [ -74.7918831, -48.2363237 ], [ -74.8458583, -48.2924871 ], [ -74.7933127, -48.230454 ], [ -74.7598025, -48.2412686 ], [ -74.7471954, -48.2212182 ], [ -74.7840389, -48.2062545 ], [ -74.7390398, -48.2131169 ], [ -74.7369333, -48.1708855 ], [ -74.90136, -48.2597066 ], [ -74.8257388, -48.2016871 ], [ -74.8795051, -48.2310152 ], [ -74.9211922, -48.1972785 ], [ -74.8774441, -48.2225085 ], [ -74.8384492, -48.1601041 ], [ -74.940174, -48.1594304 ], [ -74.878403, -48.1417283 ], [ -74.9051398, -48.1480707 ], [ -74.884949, -48.1359273 ], [ -74.9781835, -48.0834274 ], [ -75.0480941, -48.0794785 ], [ -74.9351669, -48.1207645 ], [ -75.0362462, -48.0940537 ], [ -75.096979, -48.1070836 ], [ -75.0728621, -48.0773594 ], [ -75.2136744, -48.0753156 ] ] ], [ [ [ -74.8235303, -48.1612071 ], [ -74.8241642, -48.2074392 ], [ -74.7436964, -48.1422454 ], [ -74.7743396, -48.1229292 ], [ -74.8235303, -48.1612071 ] ] ], [ [ [ -75.1153861, -47.9273216 ], [ -75.2054248, -47.9836824 ], [ -75.1727166, -47.9772237 ], [ -75.1961357, -47.9853239 ], [ -75.1079907, -47.9623755 ], [ -75.0815567, -47.9784271 ], [ -75.2002987, -47.9999684 ], [ -75.2180521, -48.0302522 ], [ -75.0912307, -48.0039235 ], [ -75.0732885, -48.0138248 ], [ -75.0769637, -47.9792064 ], [ -75.0225849, -47.9782642 ], [ -75.0781281, -48.0418138 ], [ -75.1010962, -48.011014 ], [ -75.2115359, -48.0472397 ], [ -75.1049046, -48.0313096 ], [ -75.1529249, -48.0467338 ], [ -75.1284266, -48.0582807 ], [ -75.0890269, -48.0329664 ], [ -75.1161963, -48.0607143 ], [ -75.0796185, -48.0436453 ], [ -75.0957419, -48.0652749 ], [ -74.9908594, -48.0637049 ], [ -74.8694475, -48.1132498 ], [ -74.8288044, -48.1586722 ], [ -74.7891634, -48.1336659 ], [ -74.7944182, -48.1002132 ], [ -74.8570169, -48.1260798 ], [ -74.8337843, -48.1017076 ], [ -74.8996416, -48.0938213 ], [ -75.0000013, -48.0308043 ], [ -74.8289168, -48.0838036 ], [ -74.7549053, -48.0413028 ], [ -74.768966, -48.011447 ], [ -74.9326561, -47.9736474 ], [ -75.0134538, -47.8976388 ], [ -75.0565043, -47.9342887 ], [ -75.1306721, -47.9412427 ], [ -75.0560861, -47.8792682 ], [ -75.2150716, -47.9476871 ], [ -75.1153861, -47.9273216 ] ], [ [ -75.0084882, -47.9780199 ], [ -74.9264369, -48.0124236 ], [ -74.9828293, -48.0057792 ], [ -75.0084882, -47.9780199 ] ], [ [ -75.1375411, -47.9687488 ], [ -75.1091458, -47.9572923 ], [ -75.1082159, -47.9613843 ], [ -75.1375411, -47.9687488 ] ] ], [ [ [ -74.8381689, -47.8106337 ], [ -74.8631166, -47.7999641 ], [ -74.8680601, -47.823653 ], [ -74.8194718, -47.8495428 ], [ -74.8658607, -47.830219 ], [ -74.8361155, -47.8541467 ], [ -74.8638475, -47.8446413 ], [ -74.877976, -47.8694728 ], [ -74.8673032, -47.8463757 ], [ -74.9013951, -47.8401795 ], [ -74.8938824, -47.8672788 ], [ -74.9327073, -47.8771439 ], [ -74.8829749, -47.8954472 ], [ -74.9306004, -47.8877408 ], [ -74.9252491, -47.9090864 ], [ -74.8537773, -47.9320249 ], [ -74.9267706, -47.9172353 ], [ -74.949695, -47.9460505 ], [ -74.7667711, -47.9944899 ], [ -74.7869251, -47.9294817 ], [ -74.8449235, -47.9431469 ], [ -74.7801005, -47.9133716 ], [ -74.8256186, -47.8833597 ], [ -74.7622061, -47.8959257 ], [ -74.7628093, -47.8107607 ], [ -74.8385694, -47.7913856 ], [ -74.8381689, -47.8106337 ] ] ], [ [ [ -74.8434612, -45.6833016 ], [ -74.8185411, -45.6929316 ], [ -74.8372112, -45.6742716 ], [ -74.8434612, -45.6833016 ] ] ], [ [ [ -75.0575838, -47.6919221 ], [ -75.0369496, -47.7304694 ], [ -74.9287778, -47.7785433 ], [ -74.8933536, -47.7492574 ], [ -74.8887963, -47.7692652 ], [ -74.8469581, -47.7508447 ], [ -74.8821682, -47.7288066 ], [ -74.8939476, -47.7489643 ], [ -74.9114053, -47.6958051 ], [ -74.9559672, -47.679556 ], [ -74.9307455, -47.7432787 ], [ -74.9722926, -47.6784699 ], [ -75.0575838, -47.6919221 ] ] ], [ [ [ -74.8662512, -45.6712716 ], [ -74.8833912, -45.6919916 ], [ -74.8508412, -45.6950116 ], [ -74.8662512, -45.6712716 ] ] ], [ [ [ -74.886583, -47.7027303 ], [ -74.8620283, -47.6999148 ], [ -74.8955843, -47.6945776 ], [ -74.886583, -47.7027303 ] ] ], [ [ [ -74.9144452, -47.8086024 ], [ -74.8893514, -47.8191902 ], [ -74.8977477, -47.7998656 ], [ -74.9144452, -47.8086024 ] ] ], [ [ [ -74.9068213, -45.6176716 ], [ -74.9358913, -45.6288616 ], [ -74.8987212, -45.6565016 ], [ -74.9068213, -45.6176716 ] ] ], [ [ [ -74.9519298, -47.8412308 ], [ -74.9114283, -47.8343285 ], [ -74.9285541, -47.8157264 ], [ -74.9519298, -47.8412308 ] ] ], [ [ [ -74.9680839, -47.8328868 ], [ -74.953635, -47.8378916 ], [ -74.9410113, -47.8187018 ], [ -74.9680839, -47.8328868 ] ] ], [ [ [ -75.0023007, -47.9049992 ], [ -74.9511173, -47.9473754 ], [ -74.9416246, -47.9057156 ], [ -74.9827384, -47.8692136 ], [ -75.0023007, -47.9049992 ] ] ], [ [ [ -74.9751612, -46.181 ], [ -74.9502212, -46.17815 ], [ -74.9667512, -46.16123 ], [ -74.9751612, -46.181 ] ] ], [ [ [ -74.9609666, -47.8696113 ], [ -74.9548528, -47.853693 ], [ -74.9873655, -47.8457086 ], [ -74.9609666, -47.8696113 ] ] ], [ [ [ -74.9683111, -47.792575 ], [ -74.9725461, -47.7831842 ], [ -74.9906659, -47.7930167 ], [ -74.9683111, -47.792575 ] ] ], [ [ [ -74.9945514, -45.7967216 ], [ -74.9691813, -45.8094416 ], [ -74.9682413, -45.7872816 ], [ -74.9945514, -45.7967216 ] ] ], [ [ [ -75.0386513, -46.17987 ], [ -74.9897712, -46.17979 ], [ -74.9813012, -46.15845 ], [ -74.9919712, -46.15136 ], [ -75.0386513, -46.17987 ] ] ], [ [ [ -75.128018, -47.6828439 ], [ -75.0956823, -47.6971192 ], [ -75.1766355, -47.7437063 ], [ -75.2251803, -47.722656 ], [ -75.2699077, -47.7566727 ], [ -75.2613245, -47.7129886 ], [ -75.3557671, -47.7311973 ], [ -75.3296153, -47.7624058 ], [ -75.3521241, -47.7820672 ], [ -75.2878014, -47.7576192 ], [ -75.2221947, -47.7770631 ], [ -75.1666415, -47.8393113 ], [ -75.0452879, -47.8139803 ], [ -74.9895195, -47.7782407 ], [ -75.0376204, -47.7593244 ], [ -75.1354755, -47.7789195 ], [ -75.0397351, -47.7497144 ], [ -75.0897656, -47.6924632 ], [ -75.0769423, -47.6643874 ], [ -75.128018, -47.6828439 ] ] ], [ [ [ -75.0181484, -47.8855297 ], [ -75.0102412, -47.8994658 ], [ -75.001964, -47.8749963 ], [ -75.0181484, -47.8855297 ] ] ], [ [ [ -75.0040467, -47.8537133 ], [ -75.0459655, -47.8697009 ], [ -75.0289063, -47.9031999 ], [ -75.0040467, -47.8537133 ] ] ], [ [ [ -75.3865182, -48.3087347 ], [ -75.4987959, -48.3774129 ], [ -75.4727836, -48.4080666 ], [ -75.4277274, -48.3918431 ], [ -75.447852, -48.4133296 ], [ -75.4222597, -48.415155 ], [ -75.3604668, -48.377745 ], [ -75.287834, -48.3824016 ], [ -75.2627926, -48.3284664 ], [ -75.2119508, -48.3104252 ], [ -75.2764465, -48.3878443 ], [ -75.2397926, -48.3778049 ], [ -75.2600028, -48.4002792 ], [ -75.2245624, -48.4128733 ], [ -75.1973962, -48.3840412 ], [ -75.1670456, -48.3977978 ], [ -75.1988823, -48.3977609 ], [ -75.2571647, -48.468229 ], [ -75.227337, -48.5118995 ], [ -75.1864004, -48.4947761 ], [ -75.2387111, -48.523959 ], [ -75.2159514, -48.5567892 ], [ -75.2289, -48.5816344 ], [ -75.1630607, -48.5640315 ], [ -75.224837, -48.5974161 ], [ -75.2174712, -48.6220769 ], [ -75.104957, -48.5961408 ], [ -75.2121915, -48.6353912 ], [ -75.193897, -48.6569452 ], [ -75.1733138, -48.6465819 ], [ -75.1966342, -48.6602403 ], [ -75.1726546, -48.6880958 ], [ -75.0070182, -48.5923566 ], [ -75.0069093, -48.5293313 ], [ -75.0484913, -48.4715068 ], [ -75.0961737, -48.5119024 ], [ -75.0592667, -48.4469018 ], [ -75.0197212, -48.4711851 ], [ -75.0748214, -48.3831775 ], [ -75.1551081, -48.4317693 ], [ -75.1081502, -48.3915416 ], [ -75.1377249, -48.3912681 ], [ -75.0899112, -48.3737335 ], [ -75.1279272, -48.3249745 ], [ -75.1464135, -48.3343378 ], [ -75.1488102, -48.28843 ], [ -75.200571, -48.3028243 ], [ -75.158461, -48.2774313 ], [ -75.1803195, -48.237396 ], [ -75.2145541, -48.2453811 ], [ -75.2028749, -48.2043278 ], [ -75.2421396, -48.238915 ], [ -75.2017584, -48.1832446 ], [ -75.2013853, -48.1566849 ], [ -75.2543465, -48.1887209 ], [ -75.2063709, -48.1391917 ], [ -75.2244424, -48.1072767 ], [ -75.3055497, -48.1672751 ], [ -75.2369607, -48.0895873 ], [ -75.2812923, -48.070074 ], [ -75.3226905, -48.131003 ], [ -75.2919692, -48.0666236 ], [ -75.3356515, -48.0680577 ], [ -75.2820544, -48.0628782 ], [ -75.2859841, -48.0129823 ], [ -75.3463307, -48.0036033 ], [ -75.4138882, -48.1192069 ], [ -75.3775327, -48.0428617 ], [ -75.4024612, -48.0784452 ], [ -75.4152616, -48.0332338 ], [ -75.4252764, -48.0645373 ], [ -75.4391458, -48.0403239 ], [ -75.4651879, -48.0755707 ], [ -75.4605004, -48.0431316 ], [ -75.5314203, -48.0895787 ], [ -75.5156003, -48.1654145 ], [ -75.4513528, -48.1813963 ], [ -75.4843791, -48.2141574 ], [ -75.449898, -48.2423536 ], [ -75.3411089, -48.1765708 ], [ -75.3918118, -48.2146486 ], [ -75.3589094, -48.2136964 ], [ -75.4041134, -48.2373414 ], [ -75.4289723, -48.3124795 ], [ -75.3922971, -48.3042441 ], [ -75.4356217, -48.3258683 ], [ -75.3865182, -48.3087347 ] ], [ [ -75.4089133, -48.3352619 ], [ -75.3820583, -48.3129636 ], [ -75.3173112, -48.210694 ], [ -75.3613002, -48.3191852 ], [ -75.2992103, -48.2609853 ], [ -75.3490962, -48.3250984 ], [ -75.316036, -48.3269263 ], [ -75.4089133, -48.3352619 ] ] ], [ [ [ -75.2051217, -44.8109715 ], [ -75.1526316, -44.8635616 ], [ -75.1587416, -44.9299716 ], [ -75.0297814, -44.9022316 ], [ -75.0177914, -44.8400616 ], [ -75.0647215, -44.8272916 ], [ -75.0960215, -44.7732916 ], [ -75.1376716, -44.7628816 ], [ -75.2051217, -44.8109715 ] ] ], [ [ [ -75.1017087, -47.875914 ], [ -75.1278922, -47.8572941 ], [ -75.1247309, -47.8822773 ], [ -75.1673673, -47.8983304 ], [ -75.1388349, -47.9092257 ], [ -75.0543462, -47.8638237 ], [ -75.0907808, -47.8526652 ], [ -75.1017087, -47.875914 ] ] ], [ [ [ -75.2285316, -46.7279499 ], [ -75.1486315, -46.77793 ], [ -75.1230514, -46.775 ], [ -75.1455314, -46.73525 ], [ -75.2101315, -46.71374 ], [ -75.2285316, -46.7279499 ] ] ], [ [ [ -75.2172316, -46.6963799 ], [ -75.1304114, -46.73392 ], [ -75.1392414, -46.70021 ], [ -75.2172316, -46.6963799 ] ] ], [ [ [ -75.1672437, -47.719918 ], [ -75.1427539, -47.7165377 ], [ -75.1476233, -47.7064398 ], [ -75.1672437, -47.719918 ] ] ], [ [ [ -75.1589686, -47.865933 ], [ -75.186415, -47.8958682 ], [ -75.2115578, -47.9136227 ], [ -75.1820371, -47.904987 ], [ -75.1589686, -47.865933 ] ] ], [ [ [ -75.2310623, -47.8548021 ], [ -75.2042763, -47.8492572 ], [ -75.2015805, -47.8346617 ], [ -75.2310623, -47.8548021 ] ] ], [ [ [ -75.2437665, -47.9561887 ], [ -75.2446302, -47.9719538 ], [ -75.2063765, -47.9504088 ], [ -75.2437665, -47.9561887 ] ] ], [ [ [ -75.2390104, -48.6173862 ], [ -75.3413566, -48.7142925 ], [ -75.2766529, -48.6885146 ], [ -75.3269275, -48.7170892 ], [ -75.2917134, -48.7235903 ], [ -75.2116671, -48.694 ], [ -75.2390104, -48.6173862 ] ] ], [ [ [ -75.2348616, -46.7791099 ], [ -75.2188116, -46.78064 ], [ -75.2288916, -46.7646899 ], [ -75.2348616, -46.7791099 ] ] ], [ [ [ -75.2627817, -46.7080399 ], [ -75.2189516, -46.71844 ], [ -75.2449216, -46.6992699 ], [ -75.2627817, -46.7080399 ] ] ], [ [ [ -75.2221916, -46.69273 ], [ -75.2191916, -46.6788 ], [ -75.2381416, -46.6775799 ], [ -75.2221916, -46.69273 ] ] ], [ [ [ -75.3697741, -48.4461326 ], [ -75.350421, -48.4071885 ], [ -75.471545, -48.4684327 ], [ -75.4660773, -48.4493238 ], [ -75.5450192, -48.4145316 ], [ -75.5511639, -48.453675 ], [ -75.5989652, -48.4501336 ], [ -75.5757328, -48.5955765 ], [ -75.4930723, -48.6079036 ], [ -75.3215661, -48.5235448 ], [ -75.4903731, -48.6116813 ], [ -75.4408847, -48.6179461 ], [ -75.3267478, -48.5602592 ], [ -75.4357478, -48.6245013 ], [ -75.405251, -48.6305342 ], [ -75.5359115, -48.6182181 ], [ -75.5622573, -48.6433585 ], [ -75.4623605, -48.6814042 ], [ -75.2661885, -48.5896637 ], [ -75.2648826, -48.5615835 ], [ -75.2322185, -48.5878792 ], [ -75.2485591, -48.5156946 ], [ -75.3204123, -48.522511 ], [ -75.2575012, -48.4984754 ], [ -75.2740339, -48.4760728 ], [ -75.2539533, -48.420942 ], [ -75.2912635, -48.4293674 ], [ -75.2969486, -48.4980758 ], [ -75.3459929, -48.4734421 ], [ -75.3071412, -48.4699947 ], [ -75.2874393, -48.4077579 ], [ -75.3387346, -48.4179804 ], [ -75.3445017, -48.4624735 ], [ -75.3697741, -48.4461326 ] ], [ [ -75.3453594, -48.4690911 ], [ -75.4178901, -48.5070338 ], [ -75.4049826, -48.478236 ], [ -75.3453594, -48.4690911 ] ] ], [ [ [ -75.2393076, -47.9799026 ], [ -75.2285284, -47.9864875 ], [ -75.2251337, -47.9726702 ], [ -75.2393076, -47.9799026 ] ] ], [ [ [ -75.2511667, -48.5852695 ], [ -75.4474246, -48.679143 ], [ -75.4542082, -48.701614 ], [ -75.5937413, -48.6501531 ], [ -75.6021007, -48.7514943 ], [ -75.5223976, -48.7710871 ], [ -75.397154, -48.6994161 ], [ -75.4238211, -48.7384121 ], [ -75.3599991, -48.7147091 ], [ -75.3444107, -48.6849854 ], [ -75.2500767, -48.6193706 ], [ -75.2511667, -48.5852695 ] ] ], [ [ [ -75.2851017, -46.6997499 ], [ -75.2638917, -46.7107899 ], [ -75.2700317, -46.6953599 ], [ -75.2851017, -46.6997499 ] ] ], [ [ [ -75.3068118, -46.7050599 ], [ -75.2717116, -46.7162399 ], [ -75.3045417, -46.6933799 ], [ -75.3068118, -46.7050599 ] ] ], [ [ [ -75.3201718, -46.7078399 ], [ -75.3444018, -46.6902899 ], [ -75.3005717, -46.6849099 ], [ -75.3587019, -46.6920099 ], [ -75.3201718, -46.7078399 ] ] ], [ [ [ -75.4914956, -48.2793596 ], [ -75.4931495, -48.3221487 ], [ -75.4423566, -48.3218206 ], [ -75.4780799, -48.3001214 ], [ -75.431997, -48.3089904 ], [ -75.408283, -48.2356713 ], [ -75.4914956, -48.2793596 ] ] ], [ [ [ -75.4817512, -48.0283536 ], [ -75.4670739, -48.0399738 ], [ -75.4254092, -48.0326989 ], [ -75.4379512, -48.0190097 ], [ -75.4817512, -48.0283536 ] ] ], [ [ [ -75.5476746, -48.3619567 ], [ -75.537079, -48.3567785 ], [ -75.5515316, -48.3397611 ], [ -75.5476746, -48.3619567 ] ] ] ] } },
{ "type": "Feature", "properties": { "geo_id": "region:12", "nombre": "MAGALLANES Y DE LA ANTÁRTICA CHILENA" }, "geometry": { "type": "MultiPolygon", "coordinates": [ [ [ [ -66.6540725, -55.2061142 ], [ -66.6449156, -55.2873682 ], [ -66.503867, -55.2718148 ], [ -66.4791822, -55.2235312 ], [ -66.4165538, -55.2213892 ], [ -66.4310543, -55.1935066 ], [ -66.5244225, -55.1730005 ], [ -66.6540725, -55.2061142 ] ] ], [ [ [ -66.8071179, -55.3182181 ], [ -66.7764422, -55.3229341 ], [ -66.8029803, -55.3026669 ], [ -66.8071179, -55.3182181 ] ] ], [ [ [ -66.8083764, -55.5680122 ], [ -66.7864374, -55.5712404 ], [ -66.7850016, -55.559259 ], [ -66.8083764, -55.5680122 ] ] ], [ [ [ -67.0356105, -54.9877007 ], [ -67.0441761, -55.0284703 ], [ -66.8582043, -55.1166027 ], [ -66.8307253, -55.0952214 ], [ -66.8409266, -55.1175762 ], [ -66.8137308, -55.1181219 ], [ -66.8605243, -55.0280717 ], [ -67.0356105, -54.9877007 ] ] ], [ [ [ -66.9955419, -55.2317278 ], [ -67.0617448, -55.2761671 ], [ -67.0368164, -55.3368147 ], [ -66.8574739, -55.3420213 ], [ -66.8562692, -55.3122485 ], [ -66.8167793, -55.3024916 ], [ -66.8575709, -55.281096 ], [ -66.8655289, -55.2254681 ], [ -66.9955419, -55.2317278 ] ] ], [ [ [ -67.9771266, -54.8933636 ], [ -68.2264452, -54.9017291 ], [ -68.2060678, -54.9171877 ], [ -68.3293804, -54.921136 ], [ -68.3782221, -54.9477494 ], [ -68.3058349, -55.001204 ], [ -68.1993098, -54.9985325 ], [ -68.2107702, -54.9719113 ], [ -68.1972623, -54.9980802 ], [ -68.1730964, -54.9924976 ], [ -68.1552884, -55.1448701 ], [ -68.1244439, -55.1707927 ], [ -68.0528096, -55.1772774 ], [ -68.1165387, -55.1722993 ], [ -68.1157271, -55.2237119 ], [ -68.041271, -55.2371982 ], [ -67.9558781, -55.2215714 ], [ -67.9249928, -55.187369 ], [ -67.9156821, -55.2004905 ], [ -67.8650237, -55.18808 ], [ -67.7314028, -55.2379092 ], [ -67.8796199, -55.2196067 ], [ -67.8561328, -55.2567935 ], [ -67.7446187, -55.2500494 ], [ -67.6135638, -55.278287 ], [ -67.5965525, -55.1982218 ], [ -67.5050386, -55.1767618 ], [ -67.4175759, -55.2080469 ], [ -67.4688889, -55.2694021 ], [ -67.4353892, -55.3172161 ], [ -67.2601072, -55.3310328 ], [ -67.0869001, -55.2106667 ], [ -67.0461176, -55.1592388 ], [ -67.05231, -55.0828194 ], [ -67.1673769, -54.9729182 ], [ -67.2999743, -54.9367868 ], [ -67.2832307, -54.9280361 ], [ -67.6469282, -54.9347855 ], [ -67.6093614, -54.9241669 ], [ -67.7099795, -54.9408333 ], [ -67.7728519, -54.9156076 ], [ -67.9771266, -54.8933636 ] ] ], [ [ [ -67.165839, -55.8403352 ], [ -67.168576, -55.8812232 ], [ -67.0654683, -55.9076362 ], [ -67.1139199, -55.870181 ], [ -67.0842779, -55.8604162 ], [ -67.1198948, -55.8432208 ], [ -67.073597, -55.8351321 ], [ -67.0865868, -55.8159365 ], [ -67.165839, -55.8403352 ] ] ], [ [ [ -67.2095715, -55.7575247 ], [ -67.2635017, -55.7974743 ], [ -67.2136885, -55.8063835 ], [ -67.2085634, -55.7832131 ], [ -67.1544777, -55.781612 ], [ -67.1616284, -55.7609777 ], [ -67.2095715, -55.7575247 ] ] ], [ [ [ -67.4203517, -55.8279517 ], [ -67.3565075, -55.821716 ], [ -67.3478815, -55.866643 ], [ -67.2913352, -55.8661388 ], [ -67.2562475, -55.8925224 ], [ -67.1954714, -55.8808795 ], [ -67.2874041, -55.8115261 ], [ -67.4203517, -55.8279517 ] ] ], [ [ [ -67.3495076, -55.9362882 ], [ -67.294812, -55.9453884 ], [ -67.3164362, -55.9676128 ], [ -67.2920117, -55.9807622 ], [ -67.2125577, -55.9654079 ], [ -67.2784548, -55.9231651 ], [ -67.3495076, -55.9362882 ] ] ], [ [ [ -67.4666099, -55.583809 ], [ -67.4982684, -55.62144 ], [ -67.4538743, -55.6177011 ], [ -67.4230864, -55.638337 ], [ -67.4138589, -55.7153272 ], [ -67.4414764, -55.6821177 ], [ -67.5087001, -55.676216 ], [ -67.507885, -55.647329 ], [ -67.5487491, -55.6463635 ], [ -67.553856, -55.7104203 ], [ -67.5084315, -55.7107973 ], [ -67.5717591, -55.7210862 ], [ -67.5742748, -55.7379795 ], [ -67.5266628, -55.7318707 ], [ -67.4927544, -55.760305 ], [ -67.4652905, -55.7384118 ], [ -67.4490994, -55.773632 ], [ -67.3952349, -55.7398258 ], [ -67.3501603, -55.7946885 ], [ -67.2624199, -55.7853445 ], [ -67.2474986, -55.7550843 ], [ -67.2962356, -55.7537234 ], [ -67.3164612, -55.7264811 ], [ -67.2564235, -55.7256816 ], [ -67.2723238, -55.7067116 ], [ -67.3267594, -55.6889786 ], [ -67.367475, -55.720508 ], [ -67.3924584, -55.6964633 ], [ -67.3222246, -55.6401345 ], [ -67.3781786, -55.6358114 ], [ -67.3400006, -55.6148975 ], [ -67.3788667, -55.6020679 ], [ -67.3606858, -55.5844671 ], [ -67.3816895, -55.5659184 ], [ -67.4666099, -55.583809 ] ] ], [ [ [ -67.4221671, -55.8997003 ], [ -67.4045789, -55.8961214 ], [ -67.4289447, -55.8762807 ], [ -67.4221671, -55.8997003 ] ] ], [ [ [ -67.4679514, -55.8145991 ], [ -67.5040814, -55.8283191 ], [ -67.4678142, -55.8415652 ], [ -67.4679514, -55.8145991 ] ] ], [ [ [ -67.6062258, -55.8051899 ], [ -67.5703321, -55.836802 ], [ -67.6680079, -55.814264 ], [ -67.7293662, -55.8338281 ], [ -67.826535, -55.8155426 ], [ -67.9152029, -55.8385547 ], [ -67.9076479, -55.8733336 ], [ -67.8726001, -55.8842817 ], [ -67.8264267, -55.868417 ], [ -67.8138108, -55.8955453 ], [ -67.7548667, -55.847333 ], [ -67.7006301, -55.8872456 ], [ -67.6958015, -55.8546281 ], [ -67.6599185, -55.8636743 ], [ -67.6387123, -55.8446016 ], [ -67.6535743, -55.9041887 ], [ -67.6184612, -55.9149037 ], [ -67.6171982, -55.8766543 ], [ -67.5591318, -55.8964004 ], [ -67.539439, -55.8714689 ], [ -67.5722213, -55.8590569 ], [ -67.506093, -55.8255702 ], [ -67.5289839, -55.8072377 ], [ -67.6062258, -55.8051899 ] ] ], [ [ [ -67.6354205, -55.6192048 ], [ -67.6028762, -55.6498831 ], [ -67.6927313, -55.6614895 ], [ -67.6790071, -55.6980138 ], [ -67.5911782, -55.6811298 ], [ -67.5465975, -55.6301605 ], [ -67.6066305, -55.5916379 ], [ -67.6354205, -55.6192048 ] ] ], [ [ [ -67.6981372, -55.5099343 ], [ -67.6693744, -55.5727018 ], [ -67.6963903, -55.5684809 ], [ -67.7451027, -55.6210856 ], [ -67.6523711, -55.6139224 ], [ -67.6171941, -55.5806962 ], [ -67.5645611, -55.5977386 ], [ -67.6109495, -55.5777952 ], [ -67.6092008, -55.5302164 ], [ -67.6600551, -55.4980517 ], [ -67.6981372, -55.5099343 ] ] ], [ [ [ -67.8175903, -55.2813991 ], [ -67.8138624, -55.2685429 ], [ -67.8414186, -55.2783119 ], [ -67.8175903, -55.2813991 ] ] ], [ [ [ -67.905365, -55.212547 ], [ -67.9783445, -55.2474254 ], [ -67.9289762, -55.2469839 ], [ -67.905365, -55.212547 ] ] ], [ [ [ -68.0314642, -55.5640346 ], [ -67.9725264, -55.5475594 ], [ -68.03075, -55.5385811 ], [ -68.0314642, -55.5640346 ] ] ], [ [ [ -69.7249867, -55.3299111 ], [ -69.7876649, -55.3369127 ], [ -69.7523764, -55.3427784 ], [ -69.7884043, -55.3459863 ], [ -69.684919, -55.3615247 ], [ -69.6054111, -55.3392477 ], [ -69.6677481, -55.357221 ], [ -69.611505, -55.3819821 ], [ -69.6103703, -55.3647974 ], [ -69.5347427, -55.3539483 ], [ -69.5830164, -55.3797849 ], [ -69.5003613, -55.3599033 ], [ -69.6106049, -55.3921969 ], [ -69.5264904, -55.4186989 ], [ -69.4803946, -55.3794224 ], [ -69.4217119, -55.3679908 ], [ -69.4809214, -55.4096243 ], [ -69.349813, -55.4001465 ], [ -69.4609731, -55.4148208 ], [ -69.4841461, -55.4411251 ], [ -69.4221084, -55.4487974 ], [ -69.3950589, -55.4331288 ], [ -69.4253872, -55.4540472 ], [ -69.3691302, -55.487477 ], [ -69.3947393, -55.5246298 ], [ -69.3582196, -55.5551953 ], [ -69.3436135, -55.4893079 ], [ -69.3173743, -55.5011508 ], [ -69.3463398, -55.4707181 ], [ -69.3308653, -55.4220319 ], [ -69.3066801, -55.4220181 ], [ -69.288737, -55.5175613 ], [ -69.2052047, -55.5209894 ], [ -69.1793342, -55.4916777 ], [ -69.0937846, -55.5385068 ], [ -69.104686, -55.5122944 ], [ -69.0709745, -55.5102014 ], [ -69.1254598, -55.5053311 ], [ -69.1059552, -55.4943252 ], [ -69.1384891, -55.4890737 ], [ -69.0996322, -55.4894998 ], [ -69.1479344, -55.4810776 ], [ -69.072533, -55.4762702 ], [ -69.152501, -55.4592957 ], [ -69.1747741, -55.4862023 ], [ -69.2068949, -55.4833975 ], [ -69.1947425, -55.4622723 ], [ -69.2576455, -55.4680046 ], [ -69.2032894, -55.4503397 ], [ -69.261625, -55.45177 ], [ -69.233205, -55.44819 ], [ -69.247441, -55.43281 ], [ -69.1799574, -55.4323068 ], [ -69.2092119, -55.4245921 ], [ -69.1889738, -55.4142418 ], [ -69.2320175, -55.4190732 ], [ -69.1928717, -55.4040077 ], [ -69.2834614, -55.3902762 ], [ -69.2446916, -55.3815265 ], [ -69.2773964, -55.3746369 ], [ -69.2497995, -55.3545104 ], [ -69.3329059, -55.341175 ], [ -69.2901857, -55.3248251 ], [ -69.3469308, -55.3276388 ], [ -69.3346551, -55.3087312 ], [ -69.397881, -55.3070423 ], [ -69.402707, -55.3387673 ], [ -69.4358238, -55.3451371 ], [ -69.3987063, -55.3122627 ], [ -69.4574865, -55.3085522 ], [ -69.405725, -55.2861845 ], [ -69.4598409, -55.2915553 ], [ -69.4018831, -55.2639656 ], [ -69.485314, -55.2660056 ], [ -69.3892527, -55.2553574 ], [ -69.383947, -55.2808206 ], [ -69.2962705, -55.2564318 ], [ -69.3251289, -55.2454796 ], [ -69.2193925, -55.2510128 ], [ -69.2814501, -55.1890712 ], [ -69.227386, -55.1903284 ], [ -69.1923595, -55.2319432 ], [ -69.1577135, -55.2322517 ], [ -69.0970769, -55.264335 ], [ -69.0744952, -55.253745 ], [ -69.1291471, -55.204886 ], [ -69.0865967, -55.161449 ], [ -69.1041225, -55.2087948 ], [ -69.052373, -55.2418347 ], [ -69.048163, -55.2786764 ], [ -68.9665721, -55.269566 ], [ -68.9530333, -55.2842849 ], [ -68.9279234, -55.2476658 ], [ -68.9528536, -55.2317355 ], [ -68.8888596, -55.2360216 ], [ -68.7748108, -55.1873083 ], [ -68.8568207, -55.23439 ], [ -68.8084738, -55.2471515 ], [ -68.8699878, -55.2841299 ], [ -68.8374174, -55.3230375 ], [ -68.9329929, -55.4058574 ], [ -68.7515322, -55.344776 ], [ -68.7212329, -55.3524222 ], [ -68.7809846, -55.3726371 ], [ -68.6848693, -55.3876074 ], [ -68.7507375, -55.3868861 ], [ -68.7638519, -55.4061462 ], [ -68.8025533, -55.3852425 ], [ -68.8511093, -55.3910551 ], [ -68.9297449, -55.4293886 ], [ -68.9313035, -55.4468536 ], [ -68.8938109, -55.4497135 ], [ -68.9132744, -55.4643606 ], [ -68.8338995, -55.4593811 ], [ -68.8787233, -55.4815674 ], [ -68.8037954, -55.4874277 ], [ -68.7782774, -55.5136245 ], [ -68.7259674, -55.4984812 ], [ -68.784417, -55.4743143 ], [ -68.7322772, -55.4718686 ], [ -68.773642, -55.4373719 ], [ -68.7280843, -55.4367673 ], [ -68.6945599, -55.4729887 ], [ -68.6080544, -55.4677146 ], [ -68.6073214, -55.4514996 ], [ -68.5640317, -55.4696827 ], [ -68.5992326, -55.4289038 ], [ -68.5612062, -55.4278316 ], [ -68.6115133, -55.4038405 ], [ -68.5684786, -55.4105672 ], [ -68.5489968, -55.4376458 ], [ -68.5325063, -55.4070204 ], [ -68.5308621, -55.4632485 ], [ -68.4056589, -55.4965261 ], [ -68.33825, -55.4571834 ], [ -68.3179781, -55.4673219 ], [ -68.3339616, -55.4924454 ], [ -68.3106334, -55.4827135 ], [ -68.2649865, -55.5280453 ], [ -68.2149937, -55.5331817 ], [ -68.2748948, -55.6252375 ], [ -68.2366715, -55.6334367 ], [ -68.1243822, -55.5925441 ], [ -68.1458493, -55.6149261 ], [ -68.1362352, -55.6396589 ], [ -68.1124314, -55.6314306 ], [ -68.1335298, -55.6658399 ], [ -68.1022329, -55.6988355 ], [ -68.0648444, -55.7159636 ], [ -67.9832227, -55.6761655 ], [ -68.0295069, -55.6492698 ], [ -67.9834006, -55.6381358 ], [ -67.9769833, -55.6111031 ], [ -68.0228004, -55.6137866 ], [ -67.9757544, -55.5889642 ], [ -68.037862, -55.5805661 ], [ -68.041479, -55.5494603 ], [ -68.0898126, -55.5273767 ], [ -68.0225499, -55.4773804 ], [ -68.1684856, -55.4783522 ], [ -68.1103805, -55.4203922 ], [ -68.1334624, -55.3898302 ], [ -68.2052657, -55.4109187 ], [ -68.2328468, -55.3828547 ], [ -68.3058639, -55.4090508 ], [ -68.2659778, -55.3743954 ], [ -68.3023203, -55.3809754 ], [ -68.3099646, -55.3521561 ], [ -68.385849, -55.3408168 ], [ -68.4924831, -55.3409036 ], [ -68.5322574, -55.3698318 ], [ -68.5749963, -55.3754416 ], [ -68.521864, -55.337622 ], [ -68.5777047, -55.331411 ], [ -68.6114741, -55.3498545 ], [ -68.6004075, -55.3061461 ], [ -68.6607314, -55.2918276 ], [ -68.6199111, -55.2897894 ], [ -68.63058, -55.2741605 ], [ -68.7244211, -55.278004 ], [ -68.644932, -55.2555954 ], [ -68.5341526, -55.3221172 ], [ -68.4464674, -55.3061576 ], [ -68.4847523, -55.2903313 ], [ -68.4650076, -55.2839173 ], [ -68.3833812, -55.3092987 ], [ -68.1727669, -55.2926026 ], [ -68.2272588, -55.2553227 ], [ -68.327196, -55.2350093 ], [ -68.2445732, -55.226798 ], [ -68.3432462, -55.2116156 ], [ -68.3442644, -55.1828662 ], [ -68.4992068, -55.1957832 ], [ -68.7893023, -55.153421 ], [ -68.7536958, -55.1783489 ], [ -68.710312, -55.1730601 ], [ -68.7353059, -55.1876797 ], [ -68.9703879, -55.1167055 ], [ -68.9654422, -55.075997 ], [ -69.0687392, -55.0804493 ], [ -69.0102302, -55.0257955 ], [ -69.0021052, -55.0490239 ], [ -68.7488407, -55.144041 ], [ -68.6152483, -55.1645229 ], [ -68.5371948, -55.1339298 ], [ -68.5623947, -55.0973787 ], [ -68.6391264, -55.1007171 ], [ -68.5565833, -55.0856584 ], [ -68.4929251, -55.1163927 ], [ -68.4055314, -55.0921396 ], [ -68.4455268, -55.0245817 ], [ -68.4106059, -55.0631429 ], [ -68.3249892, -55.0776247 ], [ -68.3037295, -55.0328111 ], [ -68.4012221, -54.9502879 ], [ -68.5178021, -54.9238632 ], [ -68.7139677, -54.9501226 ], [ -68.8078079, -54.9883459 ], [ -68.9805006, -54.9921518 ], [ -69.0191638, -55.0147885 ], [ -69.0736705, -54.994354 ], [ -69.194902, -55.0057667 ], [ -69.1679274, -55.0376931 ], [ -69.2250814, -55.000705 ], [ -69.3755339, -55.0306154 ], [ -69.3196716, -55.0747395 ], [ -69.3856326, -55.0542361 ], [ -69.4577336, -55.0789597 ], [ -69.3948859, -55.0501918 ], [ -69.4072391, -55.0340497 ], [ -69.5432777, -55.0490382 ], [ -69.5163785, -55.1646191 ], [ -69.5430023, -55.1865154 ], [ -69.5830208, -55.1857428 ], [ -69.528554, -55.1590089 ], [ -69.5697008, -55.0534489 ], [ -69.6592993, -55.0729131 ], [ -69.6731097, -55.0919181 ], [ -69.6336674, -55.1101026 ], [ -69.6801511, -55.1196742 ], [ -69.658717, -55.103841 ], [ -69.7037062, -55.0731251 ], [ -69.8100598, -55.080642 ], [ -69.8214051, -55.10587 ], [ -69.8340738, -55.0841711 ], [ -69.9135825, -55.0929828 ], [ -69.9392261, -55.1120215 ], [ -69.8791068, -55.1263163 ], [ -69.9406285, -55.1154504 ], [ -69.9718756, -55.1479728 ], [ -69.9025799, -55.1471509 ], [ -69.9794317, -55.1645354 ], [ -69.9725933, -55.131371 ], [ -70.0014753, -55.1276884 ], [ -70.0328489, -55.1571703 ], [ -70.0078077, -55.167227 ], [ -70.0383141, -55.1744772 ], [ -69.9379373, -55.1816553 ], [ -69.9052974, -55.2024901 ], [ -69.8465475, -55.1872058 ], [ -69.8251558, -55.2034517 ], [ -69.8930219, -55.218963 ], [ -69.9717012, -55.2031834 ], [ -69.8602243, -55.2289691 ], [ -69.8879658, -55.2603397 ], [ -69.9731117, -55.2577564 ], [ -69.9459826, -55.2724356 ], [ -69.8383377, -55.2654422 ], [ -69.8952782, -55.2890406 ], [ -69.8544585, -55.3057757 ], [ -69.8181593, -55.282206 ], [ -69.7537306, -55.2802214 ], [ -69.7901338, -55.26041 ], [ -69.7699509, -55.2306078 ], [ -69.7372973, -55.2551264 ], [ -69.7692263, -55.2659713 ], [ -69.7326172, -55.2797141 ], [ -69.6482121, -55.2532528 ], [ -69.6830358, -55.233884 ], [ -69.6354359, -55.2504714 ], [ -69.5618128, -55.2080153 ], [ -69.4805312, -55.1945372 ], [ -69.5250592, -55.2372112 ], [ -69.5662362, -55.23042 ], [ -69.6631629, -55.2793315 ], [ -69.5929491, -55.2809192 ], [ -69.6725626, -55.2957046 ], [ -69.5247483, -55.3051187 ], [ -69.7451135, -55.3093088 ], [ -69.7249867, -55.3299111 ] ] ], [ [ [ -68.3276594, -55.1685845 ], [ -68.3224003, -55.196457 ], [ -68.2085441, -55.2217605 ], [ -68.2398971, -55.1687924 ], [ -68.289359, -55.1554673 ], [ -68.3276594, -55.1685845 ] ] ], [ [ [ -68.2835558, -55.0084822 ], [ -68.2229937, -55.0508063 ], [ -68.2165844, -55.0139321 ], [ -68.2835558, -55.0084822 ] ] ], [ [ [ -68.3144383, -55.5386664 ], [ -68.3033688, -55.548418 ], [ -68.2845301, -55.5302198 ], [ -68.3144383, -55.5386664 ] ] ], [ [ [ -68.3484785, -55.4781841 ], [ -68.3313304, -55.4780212 ], [ -68.344215, -55.4676933 ], [ -68.3484785, -55.4781841 ] ] ], [ [ [ -68.3972699, -55.5122468 ], [ -68.3854989, -55.5371454 ], [ -68.3730733, -55.5159593 ], [ -68.3972699, -55.5122468 ] ] ], [ [ [ -68.4186551, -55.5181903 ], [ -68.4254569, -55.5459834 ], [ -68.4048748, -55.5376815 ], [ -68.4186551, -55.5181903 ] ] ], [ [ [ -68.4451947, -55.150325 ], [ -68.4092719, -55.1299376 ], [ -68.4876592, -55.1366137 ], [ -68.4451947, -55.150325 ] ] ], [ [ [ -74.4657599, -50.081031 ], [ -74.5244455, -50.0789114 ], [ -74.4809018, -50.1251749 ], [ -74.4984935, -50.1425148 ], [ -74.5524146, -50.1548573 ], [ -74.519453, -50.1129364 ], [ -74.5741543, -50.1038669 ], [ -74.68204, -50.1613719 ], [ -74.7039371, -50.2042882 ], [ -74.6406667, -50.2212496 ], [ -74.5740124, -50.1716909 ], [ -74.6341872, -50.2347118 ], [ -74.5348648, -50.2282529 ], [ -74.5430119, -50.2660787 ], [ -74.4626586, -50.2654027 ], [ -74.5479846, -50.298098 ], [ -74.4794525, -50.3378964 ], [ -74.4229631, -50.3137137 ], [ -74.4740082, -50.3488556 ], [ -74.3325977, -50.3787875 ], [ -74.2941831, -50.3031734 ], [ -74.3245711, -50.2391035 ], [ -74.3059843, -50.2269256 ], [ -74.2634116, -50.2719371 ], [ -74.2807695, -50.3111454 ], [ -74.2505555, -50.302009 ], [ -74.2718795, -50.323403 ], [ -74.2492389, -50.3156682 ], [ -74.1762507, -50.3389251 ], [ -74.1292045, -50.329816 ], [ -74.1768384, -50.3440794 ], [ -74.2489202, -50.3171943 ], [ -74.3252684, -50.4051979 ], [ -74.2590612, -50.4180391 ], [ -74.3083521, -50.4255498 ], [ -74.245956, -50.446712 ], [ -74.1999753, -50.4405875 ], [ -74.1973088, -50.4241911 ], [ -74.2588251, -50.4365033 ], [ -74.2151736, -50.413007 ], [ -74.1714257, -50.43118 ], [ -74.1577913, -50.4057994 ], [ -74.1005944, -50.4119402 ], [ -74.0651757, -50.3643258 ], [ -73.9598071, -50.3596795 ], [ -73.9792629, -50.3828648 ], [ -74.0506276, -50.3774192 ], [ -74.0876185, -50.4174714 ], [ -74.1583443, -50.4320385 ], [ -74.0452183, -50.4942398 ], [ -74.020767, -50.4950559 ], [ -74.0144773, -50.4547271 ], [ -74.0067301, -50.5138105 ], [ -73.8744777, -50.5412379 ], [ -73.8611933, -50.5576568 ], [ -73.9706276, -50.5324222 ], [ -73.9866741, -50.598039 ], [ -73.9958379, -50.5311643 ], [ -74.1635802, -50.4800996 ], [ -74.1480846, -50.5140234 ], [ -74.1048763, -50.5098203 ], [ -74.1024765, -50.5286651 ], [ -74.138183, -50.517191 ], [ -74.1455826, -50.5355368 ], [ -74.1812458, -50.510151 ], [ -74.1761349, -50.4680104 ], [ -74.2977066, -50.4678798 ], [ -74.2309916, -50.5580583 ], [ -74.1288398, -50.5407583 ], [ -74.0868058, -50.5799274 ], [ -74.0909359, -50.6044441 ], [ -74.160855, -50.5486472 ], [ -74.2275835, -50.5866819 ], [ -74.1298509, -50.7572705 ], [ -74.1247886, -50.687697 ], [ -74.0518825, -50.6909573 ], [ -74.0474462, -50.7271323 ], [ -74.125367, -50.7654964 ], [ -74.0299118, -50.8503952 ], [ -74.00891, -50.8218898 ], [ -73.9315924, -50.8453069 ], [ -73.9085228, -50.7929097 ], [ -73.8774261, -50.8021861 ], [ -73.8223373, -50.774758 ], [ -73.8305666, -50.6787844 ], [ -73.7664478, -50.5212729 ], [ -73.7100621, -50.4886369 ], [ -73.6322298, -50.4929813 ], [ -73.5578813, -50.3768565 ], [ -73.5730343, -50.4729001 ], [ -73.6301907, -50.5034056 ], [ -73.6985843, -50.4928694 ], [ -73.7460912, -50.5429726 ], [ -73.6551287, -50.6152718 ], [ -73.5776239, -50.6245494 ], [ -73.5588733, -50.5924857 ], [ -73.5686889, -50.6367548 ], [ -73.5316278, -50.6579256 ], [ -73.3507218, -50.6798336 ], [ -73.5326147, -50.6654816 ], [ -73.5310164, -50.7139606 ], [ -73.5567237, -50.6612068 ], [ -73.592894, -50.6533215 ], [ -73.6082084, -50.6753939 ], [ -73.6402784, -50.6326924 ], [ -73.7982657, -50.6831595 ], [ -73.7880491, -50.7996544 ], [ -73.7169439, -50.8273628 ], [ -73.7585868, -50.8328699 ], [ -73.8339682, -50.7988845 ], [ -73.8772803, -50.8452459 ], [ -73.7620009, -50.9345157 ], [ -73.6710001, -50.9304603 ], [ -73.6992828, -50.9575956 ], [ -73.8705693, -50.9387748 ], [ -73.8449572, -50.9268982 ], [ -73.8841426, -50.868068 ], [ -73.9422203, -50.877747 ], [ -73.9235758, -50.9052348 ], [ -73.9550482, -50.8858937 ], [ -74.157943, -50.8760917 ], [ -74.230656, -50.9211514 ], [ -74.2436188, -50.9669784 ], [ -74.1961147, -50.9588871 ], [ -74.233157, -50.9826736 ], [ -74.1795858, -51.0558809 ], [ -74.0952373, -50.9897285 ], [ -74.1205066, -50.9564415 ], [ -74.0805806, -50.9709313 ], [ -74.0662468, -50.937357 ], [ -74.0375992, -50.9495158 ], [ -74.0758373, -50.9815571 ], [ -74.033623, -51.000794 ], [ -74.0781182, -50.9989621 ], [ -74.144557, -51.0649908 ], [ -74.1274992, -51.0544521 ], [ -74.135631, -51.0886542 ], [ -74.1061288, -51.0929718 ], [ -74.1298792, -51.1065516 ], [ -74.1118532, -51.1938483 ], [ -74.071038, -51.1899136 ], [ -74.0684274, -51.2094719 ], [ -74.0013472, -51.2056917 ], [ -74.0171493, -51.143811 ], [ -73.9903434, -51.1097446 ], [ -73.8885806, -51.2557049 ], [ -73.7491035, -51.1745011 ], [ -73.8252891, -51.0632048 ], [ -73.7240292, -51.1635056 ], [ -73.711445, -51.1324857 ], [ -73.699381, -51.1530211 ], [ -73.6731676, -51.1408647 ], [ -73.7083323, -51.1769254 ], [ -73.6611582, -51.2116155 ], [ -73.6402434, -51.1986001 ], [ -73.6616018, -51.2149212 ], [ -73.6915282, -51.207603 ], [ -73.6681453, -51.2816987 ], [ -73.7202079, -51.18762 ], [ -73.7863569, -51.2216251 ], [ -73.6841052, -51.2953014 ], [ -73.714638, -51.3164844 ], [ -73.6791117, -51.4305172 ], [ -73.637953, -51.4528923 ], [ -73.5590708, -51.4494801 ], [ -73.6355917, -51.4593697 ], [ -73.6346934, -51.5117226 ], [ -73.5752585, -51.5141354 ], [ -73.5748808, -51.5436535 ], [ -73.6499844, -51.52173 ], [ -73.5840609, -51.6177921 ], [ -73.6205962, -51.632637 ], [ -73.6529467, -51.6049576 ], [ -73.6542513, -51.5440235 ], [ -73.808945, -51.3921814 ], [ -73.8585284, -51.4034252 ], [ -73.8993762, -51.3683185 ], [ -73.9133323, -51.4067783 ], [ -73.9593777, -51.4144173 ], [ -73.9029182, -51.4119015 ], [ -73.9362968, -51.44384 ], [ -73.869242, -51.482399 ], [ -73.9237808, -51.468008 ], [ -73.9207061, -51.5018539 ], [ -73.8833641, -51.5104141 ], [ -73.9230827, -51.5136814 ], [ -73.9147132, -51.5389252 ], [ -73.8063529, -51.529192 ], [ -73.7812331, -51.5482349 ], [ -73.8541168, -51.5445232 ], [ -73.8655113, -51.5773067 ], [ -73.8254569, -51.5927162 ], [ -73.9097141, -51.5704784 ], [ -73.9198135, -51.6241627 ], [ -73.8927444, -51.6068478 ], [ -73.8612941, -51.6178646 ], [ -73.8791717, -51.6325588 ], [ -73.736727, -51.6475677 ], [ -73.8238147, -51.6659889 ], [ -73.7735827, -51.6894112 ], [ -73.8074477, -51.700716 ], [ -73.7380526, -51.7189693 ], [ -73.7554477, -51.7367554 ], [ -73.7053511, -51.7934608 ], [ -73.6198752, -51.6422558 ], [ -73.6104872, -51.7196827 ], [ -73.5623972, -51.7176571 ], [ -73.5548308, -51.6796036 ], [ -73.5487387, -51.7141304 ], [ -73.4440817, -51.6755702 ], [ -73.556225, -51.7580051 ], [ -73.5450956, -51.7297306 ], [ -73.5940478, -51.7513046 ], [ -73.5437166, -51.7997665 ], [ -73.5, -51.7944864 ], [ -73.5416071, -51.8088932 ], [ -73.4790593, -51.8877569 ], [ -73.419582, -51.9006631 ], [ -73.4796642, -51.8985974 ], [ -73.369302, -52.0421083 ], [ -73.3993957, -52.0494647 ], [ -73.4715001, -51.9571611 ], [ -73.5282253, -51.9417572 ], [ -73.4911564, -51.9406111 ], [ -73.5948469, -51.8005638 ], [ -73.6444952, -51.8210678 ], [ -73.6404326, -51.8638439 ], [ -73.5467722, -51.9346542 ], [ -73.5932619, -51.9281845 ], [ -73.555278, -52.029217 ], [ -73.4277849, -52.0793579 ], [ -73.3949297, -52.1264413 ], [ -73.268728, -52.1606902 ], [ -73.3063405, -51.8462297 ], [ -73.3997918, -51.6381918 ], [ -73.3347865, -51.6974175 ], [ -73.2903835, -51.8702973 ], [ -73.2618456, -51.8832364 ], [ -73.2945846, -51.8757924 ], [ -73.2287757, -52.1008804 ], [ -73.1527561, -52.0957383 ], [ -73.1626654, -52.0117519 ], [ -73.1231282, -51.9381647 ], [ -72.970683, -51.885148 ], [ -72.9358746, -51.8917435 ], [ -72.9131497, -51.8502097 ], [ -72.983216, -51.7986565 ], [ -73.0978814, -51.8865873 ], [ -73.2104544, -51.8922525 ], [ -73.2197172, -51.8770301 ], [ -73.1165413, -51.8721517 ], [ -73.1041002, -51.8501889 ], [ -73.075593, -51.8632015 ], [ -73.0352338, -51.821925 ], [ -73.0723429, -51.7556954 ], [ -73.0272071, -51.8043533 ], [ -72.9998573, -51.7834974 ], [ -73.0904901, -51.6961678 ], [ -73.1390889, -51.7194536 ], [ -73.2251613, -51.6808262 ], [ -73.2832157, -51.692819 ], [ -73.2237586, -51.6729607 ], [ -73.2247438, -51.6464025 ], [ -73.2901892, -51.6110417 ], [ -73.2924751, -51.5712316 ], [ -73.2317377, -51.6242781 ], [ -73.2035284, -51.5966103 ], [ -73.1738968, -51.6844732 ], [ -73.1483253, -51.6694661 ], [ -73.1302068, -51.7021666 ], [ -73.0785742, -51.6798767 ], [ -72.9928021, -51.7254919 ], [ -72.9684734, -51.7727981 ], [ -72.9204119, -51.7405692 ], [ -72.9056015, -51.7695404 ], [ -72.8883238, -51.7492744 ], [ -72.8171613, -51.7603853 ], [ -72.7247071, -51.8352275 ], [ -72.7145714, -51.8128646 ], [ -72.6415079, -51.8294053 ], [ -72.5396237, -51.7660777 ], [ -72.5312298, -51.7173181 ], [ -72.608007, -51.7122055 ], [ -72.6443844, -51.6799483 ], [ -72.6879081, -51.6957618 ], [ -72.7490152, -51.6033484 ], [ -72.9274764, -51.5639856 ], [ -72.9994549, -51.5096272 ], [ -73.0339796, -51.5594359 ], [ -73.1115988, -51.6052131 ], [ -73.0338168, -51.5320568 ], [ -73.05521, -51.4930089 ], [ -73.1197232, -51.4949012 ], [ -73.1308947, -51.4772683 ], [ -73.2052002, -51.5114284 ], [ -73.2668729, -51.4904437 ], [ -73.2432035, -51.4593571 ], [ -73.1772814, -51.4663679 ], [ -73.0779713, -51.4135381 ], [ -73.0899837, -51.4496738 ], [ -73.0315288, -51.4964008 ], [ -72.9401401, -51.5038865 ], [ -72.9052493, -51.543845 ], [ -72.7059655, -51.5691987 ], [ -72.6666612, -51.6538843 ], [ -72.6896512, -51.5629549 ], [ -72.6415989, -51.6179086 ], [ -72.6469112, -51.6635652 ], [ -72.5140695, -51.7031117 ], [ -72.4527039, -51.7769967 ], [ -72.5120477, -51.836281 ], [ -72.4599787, -51.881067 ], [ -72.4646628, -51.9225255 ], [ -72.5328783, -51.9482938 ], [ -72.5750266, -51.9225192 ], [ -72.5717712, -51.9714754 ], [ -72.6236148, -51.9101861 ], [ -72.6655159, -51.9767048 ], [ -72.6634105, -52.0543099 ], [ -72.4740767, -52.2166688 ], [ -72.5195588, -52.2610045 ], [ -72.5191179, -52.3530039 ], [ -72.5605381, -52.3882914 ], [ -72.5927665, -52.3770426 ], [ -72.5843286, -52.4016444 ], [ -72.6232921, -52.4179372 ], [ -72.6351331, -52.3994435 ], [ -72.6769638, -52.4146613 ], [ -72.5464079, -52.4617112 ], [ -72.5190364, -52.4506351 ], [ -72.557107, -52.4871278 ], [ -72.6306984, -52.4396807 ], [ -72.6719869, -52.4378666 ], [ -72.6174994, -52.4596314 ], [ -72.7342621, -52.4335894 ], [ -72.9299344, -52.5056903 ], [ -72.991325, -52.4912385 ], [ -72.830005, -52.4412677 ], [ -72.8509532, -52.4056179 ], [ -72.7845374, -52.4280629 ], [ -72.7179285, -52.3508454 ], [ -72.6838394, -52.3458303 ], [ -72.6236022, -52.383091 ], [ -72.56503, -52.2295085 ], [ -72.5257046, -52.2202371 ], [ -72.6241342, -52.1142239 ], [ -72.6510688, -52.1062079 ], [ -72.6560766, -52.1368019 ], [ -72.7128127, -52.0913992 ], [ -72.727633, -51.9965934 ], [ -72.7710069, -51.9479973 ], [ -72.8226486, -51.9399543 ], [ -72.8978883, -51.9793887 ], [ -72.9108946, -52.0826074 ], [ -72.937324, -52.0314584 ], [ -72.958241, -52.0489068 ], [ -72.9784261, -52.1472993 ], [ -72.9128872, -52.2215619 ], [ -72.8367928, -52.0858727 ], [ -72.763728, -52.0576096 ], [ -72.7380516, -52.081894 ], [ -72.7951436, -52.1007974 ], [ -72.8150731, -52.0875478 ], [ -72.8779642, -52.2810067 ], [ -72.9142169, -52.269839 ], [ -72.9019766, -52.2967931 ], [ -72.9606182, -52.2786987 ], [ -72.997098, -52.3045207 ], [ -72.9317, -52.2250762 ], [ -72.996495, -52.181032 ], [ -73.0569613, -52.183209 ], [ -73.0896831, -52.2403527 ], [ -73.0998388, -52.2236199 ], [ -73.1338943, -52.2315985 ], [ -73.0577199, -52.1602653 ], [ -73.1406045, -52.1473581 ], [ -73.1187359, -52.13082 ], [ -73.012649, -52.1492885 ], [ -73.0035696, -52.0597327 ], [ -73.1231228, -52.1008504 ], [ -73.1538679, -52.1410037 ], [ -73.1636031, -52.118197 ], [ -73.22736, -52.1110695 ], [ -73.2522236, -52.2000785 ], [ -73.363211, -52.2216448 ], [ -73.4519868, -52.1329396 ], [ -73.5193633, -52.1397898 ], [ -73.471617, -52.1685115 ], [ -73.5322244, -52.1920606 ], [ -73.5411888, -52.1444669 ], [ -73.5854301, -52.1616484 ], [ -73.6649266, -52.0350519 ], [ -73.7024205, -52.0226612 ], [ -73.7333466, -52.0449628 ], [ -73.6267974, -52.1748506 ], [ -73.5909291, -52.1584836 ], [ -73.5987347, -52.208155 ], [ -73.5502829, -52.213463 ], [ -73.5992414, -52.2988702 ], [ -73.5338967, -52.3410543 ], [ -73.5782931, -52.3415292 ], [ -73.5495586, -52.3903984 ], [ -73.6441521, -52.3970216 ], [ -73.6402349, -52.4495332 ], [ -73.6019771, -52.4606952 ], [ -73.5854902, -52.4453761 ], [ -73.5970509, -52.4634176 ], [ -73.5568258, -52.4835173 ], [ -73.4957511, -52.4240088 ], [ -73.5396124, -52.4775109 ], [ -73.4672624, -52.4892202 ], [ -73.4524565, -52.5153014 ], [ -73.5372721, -52.4902448 ], [ -73.5383868, -52.515277 ], [ -73.5786878, -52.5245453 ], [ -73.5246178, -52.5884741 ], [ -73.6210689, -52.5513044 ], [ -73.5603327, -52.5914064 ], [ -73.6072547, -52.5785578 ], [ -73.6684615, -52.6347276 ], [ -73.6289622, -52.6606893 ], [ -73.54763, -52.6565017 ], [ -73.6127106, -52.69417 ], [ -73.6312682, -52.6782477 ], [ -73.7244245, -52.7456185 ], [ -73.6806393, -52.7358299 ], [ -73.7224505, -52.7563767 ], [ -73.6567101, -52.7573174 ], [ -73.6989514, -52.7890531 ], [ -73.632031, -52.785637 ], [ -73.653945, -52.7212574 ], [ -73.5751224, -52.7383288 ], [ -73.5345168, -52.6985044 ], [ -73.5045293, -52.7167271 ], [ -73.526874, -52.6715499 ], [ -73.464308, -52.6953522 ], [ -73.4407887, -52.6475186 ], [ -73.4133084, -52.6610888 ], [ -73.4293861, -52.686578 ], [ -73.358293, -52.6587148 ], [ -73.355565, -52.6209704 ], [ -73.4021081, -52.5991346 ], [ -73.3618348, -52.6130935 ], [ -73.3930762, -52.5797687 ], [ -73.3716739, -52.5630723 ], [ -73.3358015, -52.634641 ], [ -73.3121318, -52.6319611 ], [ -73.3051353, -52.7050015 ], [ -73.2218043, -52.6984948 ], [ -73.2679304, -52.7627016 ], [ -73.2907894, -52.7269377 ], [ -73.3009583, -52.7856926 ], [ -73.2509513, -52.7620917 ], [ -73.2432441, -52.8055329 ], [ -73.1933122, -52.7875125 ], [ -73.2536978, -52.8118211 ], [ -73.2477756, -52.8294421 ], [ -73.297322, -52.8008908 ], [ -73.314159, -52.8339151 ], [ -73.3581222, -52.8162133 ], [ -73.3919716, -52.8466564 ], [ -73.3574316, -52.8116602 ], [ -73.3910058, -52.7950599 ], [ -73.4131632, -52.8253388 ], [ -73.4756032, -52.8449802 ], [ -73.4211972, -52.8190104 ], [ -73.4937109, -52.7929499 ], [ -73.5730894, -52.8120985 ], [ -73.4409662, -52.8796844 ], [ -73.3638829, -52.8750335 ], [ -73.329374, -52.9221741 ], [ -73.2769522, -52.8937902 ], [ -73.3080555, -52.9207176 ], [ -73.2726149, -52.9382709 ], [ -73.2250413, -52.921459 ], [ -73.2297339, -52.9501078 ], [ -73.2743053, -52.9529083 ], [ -73.2337675, -52.9825644 ], [ -73.2932108, -52.9533167 ], [ -73.2834358, -52.9691893 ], [ -73.3209859, -52.9530695 ], [ -73.3367855, -52.9763808 ], [ -73.3871911, -52.9804623 ], [ -73.2849536, -53.0105127 ], [ -73.3743479, -52.9981301 ], [ -73.4488589, -53.0214869 ], [ -73.3715267, -53.0402045 ], [ -73.3828574, -53.0602265 ], [ -73.3402474, -53.0464513 ], [ -73.3762364, -53.0697731 ], [ -73.3284573, -53.0618812 ], [ -73.3342822, -53.08127 ], [ -73.24115, -53.0867251 ], [ -73.2110309, -53.1126521 ], [ -73.1628224, -53.0953963 ], [ -73.1992264, -53.0801163 ], [ -73.2005836, -53.0177401 ], [ -73.1336575, -53.0269001 ], [ -73.1824969, -53.0625914 ], [ -73.1372141, -53.1147501 ], [ -73.0251763, -53.0735245 ], [ -73.0421111, -53.0413347 ], [ -72.9852284, -53.0733437 ], [ -72.9397638, -53.0025565 ], [ -72.9755449, -52.9413082 ], [ -72.9349078, -52.9139627 ], [ -73.0407828, -52.8524538 ], [ -73.0099929, -52.8565283 ], [ -72.9012441, -52.9208689 ], [ -72.9629777, -52.9389465 ], [ -72.9147243, -53.0038078 ], [ -72.946083, -53.0163671 ], [ -72.9190468, -53.0529703 ], [ -72.8487301, -53.0365035 ], [ -72.9294289, -53.1056313 ], [ -72.9612759, -53.0980578 ], [ -72.972603, -53.1098243 ], [ -72.9414488, -53.1054615 ], [ -72.8458452, -53.1573961 ], [ -72.7930851, -53.1173584 ], [ -72.786098, -53.1364714 ], [ -72.7385742, -53.1382789 ], [ -72.7325655, -53.110026 ], [ -72.7152377, -53.1450646 ], [ -72.6604668, -53.1555662 ], [ -72.7200746, -53.1571253 ], [ -72.7040957, -53.1698489 ], [ -72.7857494, -53.1471999 ], [ -72.8037809, -53.1615277 ], [ -72.7476029, -53.1649229 ], [ -72.7566375, -53.1875756 ], [ -72.7168223, -53.2077646 ], [ -72.8096502, -53.1815902 ], [ -72.8541677, -53.1896841 ], [ -72.6823308, -53.2602868 ], [ -72.7356587, -53.2633719 ], [ -72.7191023, -53.3011581 ], [ -72.7687348, -53.3120174 ], [ -72.752965, -53.2430187 ], [ -72.8266959, -53.2152755 ], [ -72.8515692, -53.2268815 ], [ -72.8838168, -53.1975541 ], [ -72.9257116, -53.2135996 ], [ -72.9048833, -53.1894577 ], [ -72.9382158, -53.173128 ], [ -73.0259737, -53.1726386 ], [ -73.0232559, -53.1987368 ], [ -73.0413993, -53.1751503 ], [ -73.0879261, -53.1757424 ], [ -73.1211464, -53.2111182 ], [ -73.1618634, -53.1828804 ], [ -73.3140092, -53.1654244 ], [ -73.2053794, -53.2182028 ], [ -73.2596121, -53.2078831 ], [ -73.1945334, -53.2556595 ], [ -73.1609618, -53.2344598 ], [ -73.1711858, -53.2675257 ], [ -73.0371659, -53.3088538 ], [ -73.0481196, -53.2825104 ], [ -72.9354996, -53.3646234 ], [ -72.8769229, -53.3536709 ], [ -72.9083452, -53.3839012 ], [ -72.8097752, -53.386326 ], [ -72.7901494, -53.4368991 ], [ -72.761203, -53.3980228 ], [ -72.7240924, -53.4604286 ], [ -72.6565282, -53.480119 ], [ -72.6035389, -53.4640779 ], [ -72.6523478, -53.4857738 ], [ -72.584586, -53.4964205 ], [ -72.5768303, -53.5200005 ], [ -72.5328027, -53.4992585 ], [ -72.5567992, -53.5388159 ], [ -72.3865862, -53.5250002 ], [ -72.5202778, -53.4021634 ], [ -72.5557579, -53.3941372 ], [ -72.6160961, -53.4386872 ], [ -72.5811647, -53.3997287 ], [ -72.6777208, -53.3469898 ], [ -72.6436391, -53.3448513 ], [ -72.609779, -53.3802659 ], [ -72.5411341, -53.3773203 ], [ -72.5070513, -53.3508015 ], [ -72.5578435, -53.2721841 ], [ -72.4813537, -53.3092805 ], [ -72.4204484, -53.2589928 ], [ -72.6218769, -53.1964805 ], [ -72.5456192, -53.2016834 ], [ -72.5446577, -53.1801176 ], [ -72.5405458, -53.2189805 ], [ -72.4577088, -53.2393135 ], [ -72.5219557, -53.1875917 ], [ -72.4430072, -53.1920177 ], [ -72.431977, -53.2265249 ], [ -72.3594567, -53.2406454 ], [ -72.3182775, -53.2238499 ], [ -72.4024814, -53.1992176 ], [ -72.3639144, -53.180608 ], [ -72.2674289, -53.2147128 ], [ -72.204297, -53.1945049 ], [ -72.2466966, -53.1445112 ], [ -72.2737996, -53.1401888 ], [ -72.2705427, -53.159468 ], [ -72.3511, -53.1345223 ], [ -72.3269712, -53.1195998 ], [ -72.382946, -53.0857426 ], [ -72.4880365, -53.0770851 ], [ -72.4176544, -53.069877 ], [ -72.4023182, -53.0409234 ], [ -72.2345478, -53.1261525 ], [ -72.2324328, -53.1071893 ], [ -72.2896274, -53.094093 ], [ -72.2357649, -53.0990775 ], [ -72.2448553, -53.086331 ], [ -72.3577173, -53.0384549 ], [ -72.3164564, -53.0414857 ], [ -72.2171958, -53.0716592 ], [ -72.1298421, -53.145628 ], [ -72.0347728, -53.1369863 ], [ -71.9079661, -53.0027094 ], [ -71.8598896, -53.002613 ], [ -71.4845924, -52.8362188 ], [ -71.4099777, -52.833716 ], [ -71.3886449, -52.7965513 ], [ -71.4309165, -52.7401332 ], [ -71.4023217, -52.7458531 ], [ -71.395901, -52.722236 ], [ -71.4769611, -52.6463309 ], [ -71.7761357, -52.7031244 ], [ -71.9181233, -52.6869439 ], [ -71.9679231, -52.6470122 ], [ -72.0499181, -52.6829084 ], [ -72.1657952, -52.6480945 ], [ -72.2035672, -52.7042015 ], [ -72.43228, -52.8205747 ], [ -72.4229763, -52.881718 ], [ -72.4804621, -52.8257774 ], [ -72.5889796, -52.8625784 ], [ -72.5217685, -52.8078289 ], [ -72.5760127, -52.803628 ], [ -72.7171712, -52.9050255 ], [ -72.7150143, -52.8675345 ], [ -72.610979, -52.8063437 ], [ -72.6014383, -52.7708337 ], [ -72.6822367, -52.7234095 ], [ -72.8044111, -52.8262032 ], [ -72.7805922, -52.7864698 ], [ -72.9063083, -52.8448218 ], [ -73.0036627, -52.8535086 ], [ -72.9202575, -52.8137223 ], [ -72.9385883, -52.7920124 ], [ -72.8711797, -52.8171651 ], [ -72.6720891, -52.6805109 ], [ -72.7391632, -52.6369052 ], [ -72.7741225, -52.649802 ], [ -72.7561803, -52.6233254 ], [ -72.809627, -52.6475662 ], [ -72.7862977, -52.6219413 ], [ -72.8559767, -52.6184483 ], [ -72.9390259, -52.7212553 ], [ -72.9945634, -52.7569648 ], [ -72.8724829, -52.6194739 ], [ -72.9295861, -52.5879398 ], [ -72.8661429, -52.6078723 ], [ -72.8988688, -52.5849628 ], [ -72.8429369, -52.5739363 ], [ -72.8643196, -52.5420027 ], [ -72.7710226, -52.5778186 ], [ -72.6084328, -52.5231624 ], [ -72.6582163, -52.5582695 ], [ -72.5727419, -52.5893851 ], [ -72.5225262, -52.5451459 ], [ -72.4947353, -52.554017 ], [ -72.4019419, -52.508548 ], [ -72.381146, -52.5566675 ], [ -72.4898713, -52.5556365 ], [ -72.5629213, -52.6029113 ], [ -72.4313612, -52.6755456 ], [ -72.3993827, -52.6277996 ], [ -72.4442267, -52.6305717 ], [ -72.3523463, -52.5806619 ], [ -72.3219374, -52.5323962 ], [ -72.2372928, -52.5513405 ], [ -72.1568497, -52.5212765 ], [ -72.1379, -52.5447742 ], [ -72.1208808, -52.517327 ], [ -72.0342075, -52.5644115 ], [ -72.0286505, -52.5465679 ], [ -71.9685434, -52.5598737 ], [ -71.9226438, -52.5432989 ], [ -71.6369296, -52.577328 ], [ -71.5590707, -52.5628915 ], [ -71.3836299, -52.7201926 ], [ -71.3703905, -52.8032523 ], [ -71.2519525, -52.7924992 ], [ -71.1720961, -52.8088044 ], [ -71.1166084, -52.9109667 ], [ -71.2448117, -52.9881573 ], [ -71.358431, -53.1233848 ], [ -71.5916458, -53.1655439 ], [ -71.6138705, -53.204249 ], [ -71.7413055, -53.209694 ], [ -71.7685653, -53.2868803 ], [ -71.7477995, -53.3158322 ], [ -71.7838643, -53.3055961 ], [ -71.7487871, -53.4492095 ], [ -71.809356, -53.5154482 ], [ -71.9712296, -53.5656199 ], [ -72.0388938, -53.5403102 ], [ -72.0413643, -53.5517926 ], [ -72.12068, -53.5576288 ], [ -72.094372, -53.541654 ], [ -71.9160657, -53.5156112 ], [ -71.7659231, -53.4379751 ], [ -71.8276031, -53.3627906 ], [ -71.8253708, -53.2743757 ], [ -71.8691123, -53.2258829 ], [ -72.0209499, -53.2338981 ], [ -72.0447364, -53.2855332 ], [ -72.0181306, -53.3786156 ], [ -72.1790494, -53.4401017 ], [ -72.2201062, -53.4515756 ], [ -72.2852073, -53.4305628 ], [ -72.2015126, -53.4317176 ], [ -72.1539449, -53.3849882 ], [ -72.1128831, -53.3868379 ], [ -72.1182509, -53.2533083 ], [ -72.1767884, -53.2728811 ], [ -72.1706165, -53.2566582 ], [ -72.3076612, -53.2536975 ], [ -72.4437041, -53.3251861 ], [ -72.4217216, -53.3726993 ], [ -72.4539886, -53.3876198 ], [ -72.4625506, -53.371481 ], [ -72.4777953, -53.3991785 ], [ -72.3492762, -53.545171 ], [ -72.1109047, -53.683413 ], [ -72.0359741, -53.705604 ], [ -71.9997125, -53.6834763 ], [ -71.9401767, -53.719818 ], [ -71.9364938, -53.7033206 ], [ -71.8822494, -53.6815926 ], [ -71.9249539, -53.7005039 ], [ -71.8524662, -53.7480913 ], [ -71.4175326, -53.8497784 ], [ -71.3114575, -53.8959816 ], [ -70.9721519, -53.7853725 ], [ -70.9726712, -53.6731757 ], [ -70.9423817, -53.657063 ], [ -70.9515967, -53.6221749 ], [ -70.9116076, -53.6327153 ], [ -70.9886175, -53.3895554 ], [ -70.9347292, -53.3148114 ], [ -70.9379676, -53.2053535 ], [ -70.8537076, -53.1299786 ], [ -70.8788602, -53.10271 ], [ -70.8158293, -53.0066143 ], [ -70.8251502, -52.9609238 ], [ -70.7818008, -52.9373585 ], [ -70.8870576, -52.9113793 ], [ -70.8441478, -52.9082852 ], [ -70.8369188, -52.8591556 ], [ -70.8033273, -52.8507384 ], [ -70.8178432, -52.8210705 ], [ -70.7374494, -52.7879437 ], [ -70.8372716, -52.7740987 ], [ -70.8004105, -52.7753616 ], [ -70.7488332, -52.7109878 ], [ -70.7126754, -52.7593513 ], [ -70.6256059, -52.7032584 ], [ -70.5933874, -52.7158577 ], [ -70.5519451, -52.699813 ], [ -70.5875518, -52.6908693 ], [ -70.5735609, -52.6701258 ], [ -70.5019675, -52.6629692 ], [ -70.5656771, -52.7116152 ], [ -70.5333561, -52.7266148 ], [ -70.3190445, -52.640871 ], [ -70.2115392, -52.6522383 ], [ -70.166605, -52.5897761 ], [ -70.0219607, -52.5585054 ], [ -69.8549917, -52.4876361 ], [ -69.7821524, -52.5353771 ], [ -69.6702363, -52.5397394 ], [ -69.5413204, -52.4545526 ], [ -69.5464697, -52.4088709 ], [ -69.475621, -52.3969104 ], [ -69.465786, -52.2740717 ], [ -69.3485021, -52.2538085 ], [ -69.2219619, -52.1983359 ], [ -69.0757682, -52.2213017 ], [ -68.9240406, -52.3039853 ], [ -68.4853444, -52.3397648 ], [ -68.4329507, -52.3982715 ], [ -68.4184028, -52.3864167 ], [ -68.4185972, -52.3324778 ], [ -68.8379778, -52.2777389 ], [ -68.9868583, -52.2035833 ], [ -69.1901194, -52.1500444 ], [ -69.4865583, -52.1516333 ], [ -69.9954944, -52.0007083 ], [ -71.922545, -51.9999811 ], [ -72.0286414, -51.9678735 ], [ -71.9318841, -51.9201576 ], [ -71.9480525, -51.874008 ], [ -72.1218503, -51.7440384 ], [ -72.2972622, -51.6991533 ], [ -72.2831795, -51.638211 ], [ -72.3270047, -51.5873622 ], [ -72.4405806, -51.5851135 ], [ -72.4048413, -51.5134797 ], [ -72.3446118, -51.5206155 ], [ -72.3240793, -51.4749845 ], [ -72.3087827, -51.3660372 ], [ -72.3715244, -51.3363034 ], [ -72.269614, -51.283697 ], [ -72.2591416, -51.2527068 ], [ -72.3034901, -51.2013131 ], [ -72.3482198, -51.2039562 ], [ -72.4085241, -51.1075934 ], [ -72.3741808, -51.0230486 ], [ -72.265556, -51.0356635 ], [ -72.2467501, -50.8781795 ], [ -72.3494957, -50.751734 ], [ -72.2861292, -50.6591629 ], [ -72.3378472, -50.6493869 ], [ -72.3533446, -50.6178368 ], [ -72.4045079, -50.6369128 ], [ -72.4918434, -50.6008243 ], [ -72.5957733, -50.6817798 ], [ -72.7287875, -50.6140549 ], [ -72.8913532, -50.6698528 ], [ -73.0024621, -50.7633917 ], [ -73.0418865, -50.7612114 ], [ -73.0695898, -50.7892381 ], [ -73.1455025, -50.7818649 ], [ -73.2010099, -50.8203574 ], [ -73.149723, -50.7677816 ], [ -73.1984527, -50.7407377 ], [ -73.1450143, -50.6514245 ], [ -73.332881, -50.5706391 ], [ -73.3702011, -50.3723808 ], [ -73.4169376, -50.3816653 ], [ -73.4361078, -50.362775 ], [ -73.3625669, -50.3011497 ], [ -73.4519237, -50.2411574 ], [ -73.4304219, -50.1818872 ], [ -73.5215905, -50.1531172 ], [ -73.5141466, -50.1063091 ], [ -73.4755574, -50.089507 ], [ -73.497137, -50.0496454 ], [ -73.4622173, -50.0543076 ], [ -73.4355945, -50.0099298 ], [ -73.4457816, -49.9648262 ], [ -73.5605652, -49.9420828 ], [ -73.506832, -49.8918147 ], [ -73.4890134, -49.8143564 ], [ -73.4466127, -49.7930072 ], [ -73.6166667, -49.7894444 ], [ -73.6166667, -49.1583333 ], [ -73.231428, -49.1583333 ], [ -73.9680946, -48.7166459 ], [ -74.0260177, -48.7386899 ], [ -74.1534484, -48.7002371 ], [ -74.2584991, -48.7418007 ], [ -74.3019696, -48.7134372 ], [ -74.3039924, -48.7424472 ], [ -74.3251519, -48.7045329 ], [ -74.3250069, -48.7441814 ], [ -74.4041007, -48.8046378 ], [ -74.4013589, -48.8476961 ], [ -74.3415467, -48.8626042 ], [ -74.3974244, -48.8578892 ], [ -74.4030806, -48.8793619 ], [ -74.3246996, -48.9179453 ], [ -74.3681326, -48.9212531 ], [ -74.3629523, -48.9894941 ], [ -74.3803375, -48.9667266 ], [ -74.4195658, -48.9861829 ], [ -74.4154535, -49.0630918 ], [ -74.3806056, -49.0916671 ], [ -74.3440494, -49.0537536 ], [ -74.3684646, -49.1116938 ], [ -74.3074949, -49.1830401 ], [ -74.3614284, -49.1722037 ], [ -74.3433391, -49.3218724 ], [ -74.3903541, -49.3896169 ], [ -74.3282591, -49.4282179 ], [ -74.2862226, -49.4124938 ], [ -74.3078349, -49.4341747 ], [ -74.2653773, -49.4846303 ], [ -74.214794, -49.5349542 ], [ -74.1663667, -49.5432149 ], [ -74.0947451, -49.2677229 ], [ -74.1047404, -49.2258089 ], [ -74.1546499, -49.1979868 ], [ -74.1173866, -49.2126304 ], [ -74.1219396, -49.184533 ], [ -74.0760008, -49.2463484 ], [ -74.0318363, -49.2154453 ], [ -73.9750273, -49.2342712 ], [ -73.9180426, -49.3126101 ], [ -73.9079494, -49.2845258 ], [ -73.9010949, -49.3154467 ], [ -73.7866964, -49.3458876 ], [ -73.7693198, -49.3980654 ], [ -73.7919988, -49.3538419 ], [ -73.9211744, -49.3270374 ], [ -74.0060795, -49.2563442 ], [ -74.0475717, -49.2843058 ], [ -74.0741528, -49.5047068 ], [ -73.867074, -49.5303339 ], [ -73.8080906, -49.6445074 ], [ -73.7373032, -49.6494206 ], [ -73.724686, -49.6751473 ], [ -73.6765119, -49.681057 ], [ -73.7399057, -49.6734463 ], [ -73.7259558, -49.6984084 ], [ -73.6449945, -49.715666 ], [ -73.6954539, -49.8030207 ], [ -73.7022962, -49.7236228 ], [ -73.7920183, -49.6571994 ], [ -73.7617079, -49.6929437 ], [ -73.7890521, -49.71165 ], [ -73.7989584, -49.6670523 ], [ -73.8601539, -49.6473628 ], [ -73.8966538, -49.551656 ], [ -73.9646734, -49.5604533 ], [ -73.9724435, -49.6023037 ], [ -74.0126512, -49.6448169 ], [ -73.9819308, -49.5631146 ], [ -74.0732342, -49.5391421 ], [ -74.1506014, -49.5913521 ], [ -74.1365726, -49.5617178 ], [ -74.2099322, -49.5795221 ], [ -74.2287251, -49.6133888 ], [ -74.3069304, -49.6436554 ], [ -74.2800279, -49.7663332 ], [ -74.2498528, -49.7349688 ], [ -74.1454028, -49.722011 ], [ -74.060808, -49.7391203 ], [ -74.0210418, -49.7195324 ], [ -74.05088, -49.749584 ], [ -74.0205245, -49.7759324 ], [ -74.0682557, -49.7430719 ], [ -74.0815948, -49.7626658 ], [ -74.2249506, -49.758187 ], [ -74.30049, -49.8081083 ], [ -74.3185958, -49.781165 ], [ -74.327012, -49.8819837 ], [ -74.2759489, -49.9059468 ], [ -74.2217373, -49.8914609 ], [ -74.1765289, -49.9174104 ], [ -74.1620107, -49.894511 ], [ -74.0953097, -49.9678921 ], [ -74.0225074, -49.9841346 ], [ -73.9756888, -49.9072715 ], [ -73.9112343, -49.9168788 ], [ -73.8806499, -49.8587565 ], [ -73.8135861, -49.8306313 ], [ -73.8994906, -49.9115094 ], [ -73.8017589, -49.9147211 ], [ -73.943605, -49.9245278 ], [ -74.0125945, -49.9975394 ], [ -73.8697701, -50.0026947 ], [ -73.8573733, -50.0391594 ], [ -73.9804278, -50.0341653 ], [ -73.9750123, -50.0740497 ], [ -73.9907839, -50.0265682 ], [ -74.0164543, -50.022778 ], [ -74.0319161, -50.0585423 ], [ -74.029385, -50.0185565 ], [ -74.0858126, -49.994494 ], [ -74.1160468, -50.017208 ], [ -74.1574171, -49.967659 ], [ -74.1891634, -49.986904 ], [ -74.2131307, -49.9417597 ], [ -74.2961617, -49.9742017 ], [ -74.3120923, -49.9235201 ], [ -74.3466043, -49.953508 ], [ -74.3150713, -49.96825 ], [ -74.3564093, -49.9752032 ], [ -74.3219036, -50.0270691 ], [ -74.2846531, -50.0208416 ], [ -74.3165004, -50.029175 ], [ -74.2813333, -50.0702471 ], [ -74.231053, -50.0638699 ], [ -74.2019565, -50.1451017 ], [ -74.166146, -50.1326759 ], [ -74.1730337, -50.1030531 ], [ -74.1352047, -50.0985439 ], [ -74.1552591, -50.1424526 ], [ -74.2065422, -50.1571801 ], [ -74.1640225, -50.2067583 ], [ -74.0708294, -50.1927508 ], [ -73.9313519, -50.2885113 ], [ -74.0406533, -50.2447509 ], [ -74.0547125, -50.2568705 ], [ -74.0461996, -50.2331102 ], [ -74.0960732, -50.2217649 ], [ -74.1629487, -50.2441809 ], [ -74.1637239, -50.2840097 ], [ -74.2083476, -50.2012478 ], [ -74.2601738, -50.1934663 ], [ -74.244303, -50.1486977 ], [ -74.3520027, -50.1908161 ], [ -74.2591289, -50.128236 ], [ -74.3154032, -50.1168871 ], [ -74.34518, -50.0789325 ], [ -74.3576905, -50.1292383 ], [ -74.3552053, -50.0913305 ], [ -74.4078797, -50.1080263 ], [ -74.4078413, -50.0877429 ], [ -74.4578842, -50.1027397 ], [ -74.4657599, -50.081031 ] ], [ [ -74.4475706, -50.1070061 ], [ -74.4490847, -50.1269949 ], [ -74.4563864, -50.1068683 ], [ -74.4475706, -50.1070061 ] ], [ [ -72.5649356, -53.0917235 ], [ -72.6042484, -53.0740726 ], [ -72.5207488, -53.0804354 ], [ -72.5649356, -53.0917235 ] ], [ [ -74.2819755, -48.9389765 ], [ -74.3205447, -48.9320682 ], [ -74.3199179, -48.9202992 ], [ -74.2819755, -48.9389765 ] ], [ [ -73.1745698, -52.9036229 ], [ -73.145559, -52.920761 ], [ -73.2201644, -52.9197355 ], [ -73.1745698, -52.9036229 ] ], [ [ -73.2508166, -52.6783889 ], [ -73.1278462, -52.5945215 ], [ -73.1547344, -52.5316973 ], [ -73.2500864, -52.5129745 ], [ -73.160542, -52.5218038 ], [ -73.178968, -52.4560012 ], [ -73.0962196, -52.5325975 ], [ -73.0081285, -52.5231097 ], [ -72.921846, -52.5405859 ], [ -72.9230303, -52.5253216 ], [ -72.8594791, -52.5706507 ], [ -73.0185825, -52.5299087 ], [ -73.1003702, -52.5368185 ], [ -73.1059599, -52.5762728 ], [ -73.0624091, -52.58814 ], [ -73.1199841, -52.584285 ], [ -73.1248062, -52.6649415 ], [ -73.2508166, -52.6783889 ] ], [ [ -73.1452159, -51.7867285 ], [ -73.1641235, -51.7693543 ], [ -73.0742443, -51.7550769 ], [ -73.1452159, -51.7867285 ] ], [ [ -73.4822736, -52.0368295 ], [ -73.4717809, -52.0405884 ], [ -73.4690728, -52.054311 ], [ -73.4822736, -52.0368295 ] ] ], [ [ [ -68.5706757, -55.5385454 ], [ -68.5227428, -55.569302 ], [ -68.5478085, -55.5479133 ], [ -68.5245079, -55.529671 ], [ -68.5706757, -55.5385454 ] ] ], [ [ [ -68.5563665, -55.5052659 ], [ -68.5837454, -55.5313401 ], [ -68.5358952, -55.5257492 ], [ -68.5563665, -55.5052659 ] ] ], [ [ [ -68.687797, -55.4921177 ], [ -68.6129591, -55.4855307 ], [ -68.6694264, -55.5087483 ], [ -68.6244141, -55.5280073 ], [ -68.5714761, -55.4939742 ], [ -68.5756574, -55.4814691 ], [ -68.687797, -55.4921177 ] ] ], [ [ [ -70.9691201, -54.6743869 ], [ -70.9947303, -54.7112111 ], [ -70.9622739, -54.7212589 ], [ -71.0032546, -54.71858 ], [ -70.9995801, -54.741661 ], [ -71.0487993, -54.7578141 ], [ -71.0258778, -54.7802363 ], [ -70.910677, -54.7012751 ], [ -70.9598497, -54.7014533 ], [ -70.9016915, -54.6922607 ], [ -70.919894, -54.6700276 ], [ -70.8707622, -54.6914327 ], [ -70.7571346, -54.6895343 ], [ -70.8555284, -54.7173178 ], [ -70.9047015, -54.7086306 ], [ -70.9510274, -54.7532024 ], [ -70.8610022, -54.7684025 ], [ -70.7616682, -54.7503221 ], [ -70.7219359, -54.7148895 ], [ -70.717685, -54.752348 ], [ -70.6436916, -54.7156777 ], [ -70.6281547, -54.7281251 ], [ -70.5673152, -54.7102599 ], [ -70.5750373, -54.6860814 ], [ -70.6286861, -54.6766155 ], [ -70.5547723, -54.6645764 ], [ -70.5562751, -54.6286773 ], [ -70.4354982, -54.6406034 ], [ -70.4899697, -54.6768195 ], [ -70.4741644, -54.6986995 ], [ -70.5013561, -54.6881996 ], [ -70.6611679, -54.7476432 ], [ -70.6509191, -54.7597184 ], [ -70.8182564, -54.7781532 ], [ -70.8520279, -54.8284167 ], [ -70.7858002, -54.847661 ], [ -70.770301, -54.8250596 ], [ -70.7347279, -54.852283 ], [ -70.7257644, -54.8224338 ], [ -70.6809771, -54.833858 ], [ -70.6583015, -54.8019998 ], [ -70.6692308, -54.8187664 ], [ -70.5976565, -54.8061136 ], [ -70.6231999, -54.7851677 ], [ -70.5773672, -54.7730495 ], [ -70.5612545, -54.7840831 ], [ -70.6020507, -54.7866214 ], [ -70.4621732, -54.8072838 ], [ -70.3454791, -54.8543878 ], [ -70.3290608, -54.7851552 ], [ -70.2963575, -54.7637233 ], [ -70.3134703, -54.7541519 ], [ -70.2290872, -54.6868474 ], [ -70.2382235, -54.7011017 ], [ -70.1837386, -54.6999735 ], [ -70.2269758, -54.7076526 ], [ -70.251559, -54.7597936 ], [ -70.3325485, -54.8092963 ], [ -70.31876, -54.8598829 ], [ -70.1681658, -54.874187 ], [ -70.2334833, -54.8365234 ], [ -70.1511493, -54.8619978 ], [ -70.0959747, -54.8328606 ], [ -70.1509285, -54.7985753 ], [ -70.0925282, -54.8210959 ], [ -70.0706001, -54.7932084 ], [ -70.0996241, -54.8594679 ], [ -69.9676986, -54.854511 ], [ -69.9880746, -54.7261246 ], [ -69.936291, -54.6804466 ], [ -69.976781, -54.7274383 ], [ -69.9214972, -54.8465821 ], [ -69.7695903, -54.8345054 ], [ -69.7661519, -54.7802009 ], [ -69.7335387, -54.7735836 ], [ -69.7860983, -54.7266137 ], [ -69.7267523, -54.7696162 ], [ -69.7652396, -54.8346542 ], [ -69.6884658, -54.8372954 ], [ -69.6786937, -54.8015623 ], [ -69.7176394, -54.8137897 ], [ -69.6733494, -54.7767208 ], [ -69.7041429, -54.7031219 ], [ -69.6612018, -54.802115 ], [ -69.6127061, -54.7742135 ], [ -69.6195122, -54.7321649 ], [ -69.5885141, -54.7782426 ], [ -69.6480905, -54.8022037 ], [ -69.6714393, -54.8441781 ], [ -69.4636093, -54.8920331 ], [ -69.4132202, -54.8811883 ], [ -69.4041617, -54.8990775 ], [ -69.2913711, -54.9213937 ], [ -69.2289519, -54.916522 ], [ -69.0818065, -54.9633101 ], [ -68.8410682, -54.9540614 ], [ -68.7056048, -54.9130429 ], [ -68.8191059, -54.8600311 ], [ -68.8052747, -54.8414267 ], [ -68.7064313, -54.8578397 ], [ -68.65995, -54.8965061 ], [ -68.6093199, -54.8929085 ], [ -68.6054281, -52.6570624 ], [ -68.7677278, -52.5423292 ], [ -68.7913234, -52.5844716 ], [ -68.9418079, -52.6412693 ], [ -69.0985329, -52.6881105 ], [ -69.164095, -52.6871459 ], [ -69.4061795, -52.4546095 ], [ -69.4365546, -52.4550722 ], [ -69.5870124, -52.5261067 ], [ -69.6154865, -52.5757801 ], [ -69.591828, -52.6471216 ], [ -69.6983278, -52.7512565 ], [ -69.8380421, -52.7868036 ], [ -69.9145607, -52.8439257 ], [ -70.002682, -52.8380546 ], [ -70.1428777, -52.7304044 ], [ -70.3312606, -52.7441227 ], [ -70.4366017, -52.7782762 ], [ -70.3236299, -52.78174 ], [ -70.2807912, -52.803916 ], [ -70.2593214, -52.8643757 ], [ -70.3004005, -52.9120468 ], [ -70.2361227, -52.8815363 ], [ -70.1199888, -52.8872094 ], [ -70.0896073, -52.9295482 ], [ -70.1374905, -53.0127187 ], [ -70.2482449, -53.0623801 ], [ -70.341263, -53.0644151 ], [ -70.3114624, -53.0352241 ], [ -70.3409904, -53.0073543 ], [ -70.3216923, -52.9675852 ], [ -70.4182635, -53.0129478 ], [ -70.4642949, -53.3038878 ], [ -70.4275153, -53.3030252 ], [ -70.4590354, -53.3647996 ], [ -70.3271201, -53.395998 ], [ -70.2796378, -53.4558376 ], [ -70.2138013, -53.4774248 ], [ -69.8858148, -53.3791789 ], [ -69.5735729, -53.3462954 ], [ -69.3583125, -53.3671879 ], [ -69.3082957, -53.4776519 ], [ -69.3516985, -53.5204982 ], [ -69.6661708, -53.6442103 ], [ -69.7810136, -53.6664256 ], [ -69.9075481, -53.6615308 ], [ -69.9818209, -53.7199882 ], [ -70.1362216, -53.7448102 ], [ -70.1717622, -53.7742687 ], [ -70.1635354, -53.8743163 ], [ -70.0419521, -54.0565168 ], [ -70.0763645, -54.0663032 ], [ -69.8914817, -54.1682078 ], [ -69.6619647, -54.2123936 ], [ -69.1534292, -54.3698566 ], [ -68.963813, -54.4473401 ], [ -68.9968505, -54.4576089 ], [ -68.9675656, -54.4748915 ], [ -69.131502, -54.4514978 ], [ -69.1730591, -54.5090929 ], [ -69.1300641, -54.570584 ], [ -69.2163249, -54.5249541 ], [ -69.2885533, -54.5653188 ], [ -69.3278295, -54.6282443 ], [ -69.376386, -54.6392451 ], [ -69.3409328, -54.7236959 ], [ -69.3837347, -54.6467127 ], [ -69.4689216, -54.6885665 ], [ -69.5147235, -54.6749585 ], [ -69.4069538, -54.6484838 ], [ -69.3780862, -54.6193268 ], [ -69.4064781, -54.6124091 ], [ -69.3670448, -54.6102074 ], [ -69.3456903, -54.5668507 ], [ -69.2084338, -54.4912399 ], [ -69.1995933, -54.4507072 ], [ -69.3926351, -54.3940943 ], [ -69.4544047, -54.3468643 ], [ -69.5484779, -54.3408383 ], [ -69.5545659, -54.4055361 ], [ -69.5107384, -54.4440112 ], [ -69.5974975, -54.4044686 ], [ -69.5667527, -54.4245734 ], [ -69.6028915, -54.4531649 ], [ -69.5654113, -54.4889697 ], [ -69.5843597, -54.4998958 ], [ -69.6427284, -54.4485333 ], [ -69.6112081, -54.3652212 ], [ -69.8467885, -54.2874275 ], [ -69.8691337, -54.3227838 ], [ -69.7162695, -54.5021747 ], [ -69.7495215, -54.5449283 ], [ -69.7184632, -54.5877592 ], [ -69.7679542, -54.605057 ], [ -69.7303947, -54.580534 ], [ -69.7721032, -54.5445684 ], [ -69.8515882, -54.5787645 ], [ -69.7467847, -54.5184168 ], [ -69.8001878, -54.4672511 ], [ -69.9112188, -54.5171144 ], [ -69.8613659, -54.4896432 ], [ -69.8887864, -54.4774688 ], [ -69.8161889, -54.4491893 ], [ -69.8568281, -54.41904 ], [ -69.8851115, -54.4259295 ], [ -69.9027087, -54.3772456 ], [ -69.9523065, -54.3978712 ], [ -69.969374, -54.3825326 ], [ -69.9312112, -54.3610512 ], [ -69.9796139, -54.3308622 ], [ -69.9349839, -54.3089715 ], [ -69.967834, -54.3054857 ], [ -69.9866868, -54.2693005 ], [ -70.0803354, -54.2539349 ], [ -70.1194548, -54.3022033 ], [ -70.198119, -54.3154874 ], [ -70.2067018, -54.3392425 ], [ -70.1474138, -54.3683644 ], [ -70.0369625, -54.3843011 ], [ -70.1487529, -54.3863047 ], [ -70.1114056, -54.4311845 ], [ -70.1345865, -54.432576 ], [ -70.2162304, -54.3992906 ], [ -70.2042114, -54.3732079 ], [ -70.3096832, -54.3536279 ], [ -70.2699786, -54.3563716 ], [ -70.2774346, -54.3431167 ], [ -70.3144205, -54.3485495 ], [ -70.3302452, -54.3232074 ], [ -70.4653217, -54.2786762 ], [ -70.5022026, -54.2842828 ], [ -70.8296956, -54.1413965 ], [ -70.9338462, -54.1174974 ], [ -70.8235044, -54.1954154 ], [ -70.910266, -54.1619576 ], [ -70.8736341, -54.2560311 ], [ -70.5275991, -54.3025081 ], [ -70.4895609, -54.3493544 ], [ -70.5113574, -54.3903849 ], [ -70.4346394, -54.3938143 ], [ -70.4540482, -54.4159552 ], [ -70.4075583, -54.4520436 ], [ -70.1755302, -54.5145306 ], [ -70.2023925, -54.5215002 ], [ -70.1026797, -54.5584789 ], [ -70.3019089, -54.5015319 ], [ -70.2759148, -54.5544397 ], [ -70.193301, -54.5848367 ], [ -70.2340233, -54.5881435 ], [ -70.3329017, -54.5087794 ], [ -70.4520656, -54.4917361 ], [ -70.4576298, -54.4618779 ], [ -70.5020479, -54.4654489 ], [ -70.4601719, -54.4589981 ], [ -70.5596745, -54.4019394 ], [ -70.6449134, -54.4469772 ], [ -70.6740793, -54.5290935 ], [ -70.7070178, -54.5376141 ], [ -70.6205058, -54.6063144 ], [ -70.6723326, -54.6049144 ], [ -70.7182246, -54.5512088 ], [ -70.767724, -54.6294576 ], [ -70.7556646, -54.5769986 ], [ -70.7832613, -54.5795943 ], [ -70.6838316, -54.4630299 ], [ -70.7118792, -54.4356559 ], [ -70.6767637, -54.4400284 ], [ -70.5756513, -54.3549799 ], [ -70.663356, -54.3380548 ], [ -70.6627012, -54.36253 ], [ -70.7016965, -54.3510923 ], [ -70.7341674, -54.3702482 ], [ -70.7229574, -54.3377102 ], [ -70.7985102, -54.3261841 ], [ -70.8811388, -54.3361506 ], [ -70.878019, -54.3535529 ], [ -70.9361891, -54.3697616 ], [ -70.9343611, -54.5171048 ], [ -70.9762906, -54.4539551 ], [ -71.0670842, -54.4557708 ], [ -71.1211187, -54.4346909 ], [ -71.0666121, -54.5300566 ], [ -71.0897178, -54.4959466 ], [ -71.1385126, -54.4964496 ], [ -71.1025264, -54.4906987 ], [ -71.141605, -54.4300737 ], [ -71.2338917, -54.461628 ], [ -71.1957732, -54.4245911 ], [ -71.2602838, -54.4221471 ], [ -71.2415831, -54.4091454 ], [ -71.3713965, -54.3735788 ], [ -71.3585002, -54.3926694 ], [ -71.4175853, -54.3765656 ], [ -71.4143109, -54.4098208 ], [ -71.3980086, -54.3963514 ], [ -71.4071668, -54.4148874 ], [ -71.3592095, -54.4321552 ], [ -71.3106324, -54.4203746 ], [ -71.3021071, -54.4390463 ], [ -71.3510256, -54.4323878 ], [ -71.3837758, -54.4634478 ], [ -71.397682, -54.4329807 ], [ -71.4624086, -54.4366274 ], [ -71.4566937, -54.4233567 ], [ -71.4770197, -54.4398505 ], [ -71.5099497, -54.3974611 ], [ -71.5420664, -54.400085 ], [ -71.5070257, -54.4279651 ], [ -71.5275523, -54.4344783 ], [ -71.6114625, -54.4032307 ], [ -71.5901995, -54.4604764 ], [ -71.4349699, -54.4899865 ], [ -71.5854406, -54.473478 ], [ -71.5404003, -54.5093532 ], [ -71.7033341, -54.4271194 ], [ -71.7445773, -54.4302057 ], [ -71.7052314, -54.4186396 ], [ -71.7155749, -54.402115 ], [ -71.8367534, -54.417063 ], [ -71.7850349, -54.4429167 ], [ -71.8687067, -54.4372872 ], [ -71.7623444, -54.469406 ], [ -71.6520067, -54.4645744 ], [ -71.7106825, -54.4765003 ], [ -71.5122087, -54.5475614 ], [ -71.6616187, -54.5135855 ], [ -71.6660307, -54.5270063 ], [ -71.7560669, -54.4892753 ], [ -71.6948818, -54.5349103 ], [ -71.712404, -54.5488051 ], [ -71.6349088, -54.575511 ], [ -71.8485103, -54.5230477 ], [ -71.8091678, -54.5190799 ], [ -71.8490513, -54.5176078 ], [ -71.8397749, -54.4719241 ], [ -71.8848721, -54.4622873 ], [ -71.8880537, -54.5024286 ], [ -71.8907098, -54.4522915 ], [ -71.9359152, -54.4687839 ], [ -71.9563784, -54.4424248 ], [ -71.9720865, -54.4629028 ], [ -71.9935228, -54.4536021 ], [ -71.9615819, -54.4732972 ], [ -71.9831759, -54.4885295 ], [ -71.9186495, -54.5162124 ], [ -71.9899024, -54.4904702 ], [ -71.9475853, -54.5339697 ], [ -72.0047121, -54.5046948 ], [ -71.9872621, -54.5478042 ], [ -71.9580842, -54.5662831 ], [ -71.9009258, -54.544448 ], [ -71.9419278, -54.5656847 ], [ -71.8645012, -54.6072109 ], [ -71.9769948, -54.6026856 ], [ -71.9081872, -54.6371599 ], [ -71.8714888, -54.6224198 ], [ -71.8245357, -54.6452707 ], [ -71.7892741, -54.6357548 ], [ -71.8499868, -54.5928864 ], [ -71.8071028, -54.6008436 ], [ -71.8120993, -54.5816805 ], [ -71.7624624, -54.6242915 ], [ -71.7241882, -54.6099007 ], [ -71.7928835, -54.5746075 ], [ -71.6954108, -54.6042789 ], [ -71.6384246, -54.5820272 ], [ -71.6932788, -54.6273957 ], [ -71.6558405, -54.6609031 ], [ -71.6187667, -54.5738411 ], [ -71.5955331, -54.6050412 ], [ -71.5528887, -54.582259 ], [ -71.6203407, -54.623722 ], [ -71.6090165, -54.6369839 ], [ -71.5619187, -54.6104023 ], [ -71.5811765, -54.650166 ], [ -71.5314549, -54.6414606 ], [ -71.4940208, -54.5837059 ], [ -71.5183041, -54.6337558 ], [ -71.4947651, -54.6257153 ], [ -71.5155644, -54.6528648 ], [ -71.4893549, -54.6891324 ], [ -71.4553515, -54.6681132 ], [ -71.4808658, -54.6468521 ], [ -71.4396956, -54.6508172 ], [ -71.4657298, -54.6345255 ], [ -71.427092, -54.6347581 ], [ -71.4255567, -54.6574733 ], [ -71.3958439, -54.647784 ], [ -71.3847077, -54.6124163 ], [ -71.4161558, -54.6040293 ], [ -71.3509743, -54.5903849 ], [ -71.3648489, -54.613347 ], [ -71.3224548, -54.6179064 ], [ -71.3420307, -54.5876045 ], [ -71.4051423, -54.57638 ], [ -71.3981369, -54.5625035 ], [ -71.445803, -54.5640915 ], [ -71.4194117, -54.548206 ], [ -71.3802328, -54.560276 ], [ -71.4090412, -54.5232718 ], [ -71.3299401, -54.5684505 ], [ -71.34236, -54.5085672 ], [ -71.3066444, -54.568946 ], [ -71.2203589, -54.5285775 ], [ -71.2518312, -54.579801 ], [ -71.1760578, -54.577577 ], [ -71.2635269, -54.5887033 ], [ -71.2525141, -54.6179162 ], [ -71.2011561, -54.6338788 ], [ -71.1358857, -54.6229232 ], [ -71.1483871, -54.6381543 ], [ -71.3106016, -54.6514167 ], [ -71.2684544, -54.6787794 ], [ -71.2191044, -54.6693723 ], [ -71.1992074, -54.6981295 ], [ -71.1509233, -54.6982433 ], [ -71.1583749, -54.6756706 ], [ -71.0864059, -54.6318724 ], [ -71.0830415, -54.6591617 ], [ -71.0418859, -54.6514577 ], [ -71.0585681, -54.6008798 ], [ -70.9760766, -54.635517 ], [ -70.9075145, -54.6244468 ], [ -71.0065448, -54.671898 ], [ -70.9691201, -54.6743869 ] ], [ [ -70.408579, -53.294369 ], [ -70.36564, -53.3012287 ], [ -70.4251067, -53.3019241 ], [ -70.408579, -53.294369 ] ] ], [ [ [ -68.7302152, -55.5205609 ], [ -68.722599, -55.5253674 ], [ -68.6946496, -55.5663541 ], [ -68.6244506, -55.5851041 ], [ -68.6248351, -55.5521811 ], [ -68.7302152, -55.5205609 ] ] ], [ [ [ -68.8591824, -55.5597989 ], [ -68.8117045, -55.5658734 ], [ -68.793816, -55.5527299 ], [ -68.8135365, -55.5336803 ], [ -68.882975, -55.5315211 ], [ -68.8591824, -55.5597989 ] ] ], [ [ [ -68.8907809, -55.3433698 ], [ -68.8846995, -55.2835139 ], [ -68.847875, -55.2522859 ], [ -68.8606455, -55.2424841 ], [ -68.9124309, -55.256124 ], [ -68.9565288, -55.3123697 ], [ -68.9437654, -55.3555917 ], [ -68.8907809, -55.3433698 ] ] ], [ [ [ -68.8919035, -55.4879621 ], [ -68.9071724, -55.5198037 ], [ -68.872414, -55.5249563 ], [ -68.8919035, -55.4879621 ] ] ], [ [ [ -68.9166894, -55.638716 ], [ -68.8979303, -55.6380822 ], [ -68.8965147, -55.6245165 ], [ -68.9166894, -55.638716 ] ] ], [ [ [ -69.021123, -55.3083452 ], [ -68.9812997, -55.3415247 ], [ -68.9561363, -55.3409834 ], [ -68.9665025, -55.2894329 ], [ -69.021123, -55.3083452 ] ] ], [ [ [ -69.1341559, -55.376447 ], [ -69.0022855, -55.4622915 ], [ -68.9567386, -55.4521369 ], [ -69.0872912, -55.4032719 ], [ -69.0546893, -55.3845825 ], [ -69.1140623, -55.362886 ], [ -69.1341559, -55.376447 ] ] ], [ [ [ -69.0190628, -55.5661838 ], [ -69.0228398, -55.6481425 ], [ -68.9640206, -55.6404728 ], [ -69.0190628, -55.5661838 ] ] ], [ [ [ -69.0216728, -55.4719994 ], [ -68.9800874, -55.475484 ], [ -69.0199531, -55.4613703 ], [ -69.0216728, -55.4719994 ] ] ], [ [ [ -69.1598272, -55.5876933 ], [ -69.1127666, -55.592145 ], [ -69.1255643, -55.5762485 ], [ -69.1598272, -55.5876933 ] ] ], [ [ [ -69.1448522, -55.5937495 ], [ -69.1559613, -55.6318978 ], [ -69.1147971, -55.6319691 ], [ -69.1448522, -55.5937495 ] ] ], [ [ [ -69.1921894, -55.3425569 ], [ -69.1310752, -55.3676709 ], [ -69.160041, -55.3292084 ], [ -69.1921894, -55.3425569 ] ] ], [ [ [ -69.7579145, -54.8890776 ], [ -69.6592003, -54.9430076 ], [ -69.726972, -54.9329021 ], [ -69.6638663, -54.9667071 ], [ -69.7255479, -54.9607268 ], [ -69.7537866, -54.9916424 ], [ -69.7403442, -54.9549266 ], [ -69.7978026, -54.8850882 ], [ -69.9365223, -54.9175947 ], [ -69.9276679, -54.942152 ], [ -69.8965777, -54.933841 ], [ -69.8068699, -54.9673477 ], [ -69.9179008, -54.9558975 ], [ -69.9478832, -54.9694623 ], [ -69.9572778, -54.990445 ], [ -69.9118334, -54.9919894 ], [ -69.9350695, -55.0239678 ], [ -69.8899649, -55.0301519 ], [ -69.930889, -55.067197 ], [ -69.8344106, -55.0678289 ], [ -69.8114821, -55.032035 ], [ -69.8006609, -55.0643103 ], [ -69.7012099, -55.0480311 ], [ -69.6892697, -55.0616802 ], [ -69.6121773, -55.0324726 ], [ -69.4922645, -55.0365236 ], [ -69.4949076, -55.0176974 ], [ -69.4554059, -55.0111342 ], [ -69.4742427, -54.9934824 ], [ -69.4317072, -55.0250508 ], [ -69.2848383, -54.9940361 ], [ -69.3533123, -54.9735961 ], [ -69.2759091, -54.9921402 ], [ -69.1297159, -54.9699644 ], [ -69.2206684, -54.9393833 ], [ -69.4547215, -54.9132258 ], [ -69.4806278, -54.9615999 ], [ -69.5353063, -54.9685721 ], [ -69.4939702, -54.958837 ], [ -69.4803966, -54.9148075 ], [ -69.6000621, -54.8832242 ], [ -69.6493929, -54.904932 ], [ -69.6584925, -54.8843055 ], [ -69.7579145, -54.8890776 ] ] ], [ [ [ -69.1972265, -55.2515352 ], [ -69.1658282, -55.2536897 ], [ -69.165331, -55.2394133 ], [ -69.1972265, -55.2515352 ] ] ], [ [ [ -69.2321317, -55.2945722 ], [ -69.2192445, -55.3138973 ], [ -69.1793309, -55.3135739 ], [ -69.2043553, -55.2908722 ], [ -69.2321317, -55.2945722 ] ] ], [ [ [ -69.3961695, -55.2893318 ], [ -69.2717704, -55.309043 ], [ -69.2167728, -55.2665598 ], [ -69.2647036, -55.2611311 ], [ -69.3961695, -55.2893318 ] ] ], [ [ [ -69.2668199, -55.5201057 ], [ -69.30945, -55.5213222 ], [ -69.3227744, -55.5444867 ], [ -69.2806056, -55.5685933 ], [ -69.2820861, -55.5386741 ], [ -69.2528874, -55.5573302 ], [ -69.2267792, -55.5393008 ], [ -69.2668199, -55.5201057 ] ] ], [ [ [ -69.6007386, -55.442118 ], [ -69.5672431, -55.4472246 ], [ -69.5964932, -55.4709588 ], [ -69.5130973, -55.4689959 ], [ -69.4930619, -55.5122349 ], [ -69.4446597, -55.5087877 ], [ -69.4533888, -55.4698337 ], [ -69.5870532, -55.4267286 ], [ -69.6007386, -55.442118 ] ] ], [ [ [ -69.5726192, -55.5113632 ], [ -69.5354115, -55.5159951 ], [ -69.5311905, -55.494643 ], [ -69.5040884, -55.4969905 ], [ -69.5536555, -55.4864091 ], [ -69.5726192, -55.5113632 ] ] ], [ [ [ -69.5994516, -55.4836437 ], [ -69.575895, -55.4880003 ], [ -69.5776956, -55.4752544 ], [ -69.5994516, -55.4836437 ] ] ], [ [ [ -69.6408441, -55.4526281 ], [ -69.6191038, -55.4548741 ], [ -69.6095463, -55.4263872 ], [ -69.6408441, -55.4526281 ] ] ], [ [ [ -69.771473, -55.3855481 ], [ -69.7820919, -55.4079954 ], [ -69.7443391, -55.4161005 ], [ -69.7742949, -55.4137624 ], [ -69.7564513, -55.4443997 ], [ -69.795998, -55.4587579 ], [ -69.7239381, -55.4437876 ], [ -69.7194985, -55.4672717 ], [ -69.703162, -55.4503831 ], [ -69.6838351, -55.4710413 ], [ -69.664201, -55.4409992 ], [ -69.7092626, -55.4363163 ], [ -69.6774934, -55.4246617 ], [ -69.7026972, -55.4193885 ], [ -69.6698905, -55.4110718 ], [ -69.6523659, -55.4361678 ], [ -69.6235007, -55.4264225 ], [ -69.6355175, -55.4016491 ], [ -69.771473, -55.3855481 ] ] ], [ [ [ -69.7935373, -55.3872895 ], [ -69.7963017, -55.37317 ], [ -69.8714233, -55.3649407 ], [ -69.7935373, -55.3872895 ] ] ], [ [ [ -69.922771, -55.3963303 ], [ -69.9052561, -55.3627942 ], [ -69.9229177, -55.3413421 ], [ -69.922771, -55.3963303 ] ] ], [ [ [ -69.9594128, -54.2753986 ], [ -69.9289557, -54.2930066 ], [ -69.9156307, -54.2753986 ], [ -69.9594128, -54.2753986 ] ] ], [ [ [ -69.9509997, -55.239223 ], [ -69.9241462, -55.2290544 ], [ -69.9680206, -55.2249848 ], [ -69.9509997, -55.239223 ] ] ], [ [ [ -70.011876, -55.0709118 ], [ -69.9461886, -55.0703794 ], [ -69.9522856, -55.0030276 ], [ -70.011876, -55.0709118 ] ] ], [ [ [ -69.9758299, -55.3150638 ], [ -70.0252196, -55.3517193 ], [ -70.0419776, -55.3228255 ], [ -70.1470069, -55.3293569 ], [ -70.0382178, -55.364723 ], [ -70.0873013, -55.3734827 ], [ -70.0272439, -55.3890093 ], [ -70.0436054, -55.4063537 ], [ -70.0129737, -55.4204591 ], [ -70.0106144, -55.3707393 ], [ -69.994734, -55.3851286 ], [ -69.9492097, -55.3723705 ], [ -69.9434403, -55.3579315 ], [ -69.9911735, -55.3517328 ], [ -69.936418, -55.3430052 ], [ -69.9758299, -55.3150638 ] ] ], [ [ [ -69.9595578, -55.3978714 ], [ -69.9470617, -55.3843232 ], [ -69.9979157, -55.3883018 ], [ -69.9595578, -55.3978714 ] ] ], [ [ [ -70.1310672, -54.9761704 ], [ -70.1754132, -54.9701347 ], [ -70.2089397, -55.0267732 ], [ -70.1519723, -55.0239679 ], [ -70.1467312, -54.9964322 ], [ -70.1429871, -55.0234409 ], [ -70.0914309, -55.0199856 ], [ -70.083563, -54.979172 ], [ -70.0565292, -54.9904907 ], [ -70.0141277, -54.9607858 ], [ -70.0439711, -55.0052613 ], [ -69.9905963, -54.9954513 ], [ -69.948855, -54.9571966 ], [ -69.9896151, -54.936905 ], [ -70.1279848, -54.9565652 ], [ -70.1310672, -54.9761704 ] ] ], [ [ [ -70.1351138, -55.2033087 ], [ -70.06693, -55.2507964 ], [ -70.0980366, -55.2565618 ], [ -69.9855452, -55.2630148 ], [ -70.0423958, -55.2580179 ], [ -70.0389721, -55.2286745 ], [ -70.1351138, -55.2033087 ] ] ], [ [ [ -70.0788444, -55.0343601 ], [ -70.0924598, -55.0710176 ], [ -70.0340014, -55.0824717 ], [ -70.0369628, -55.046762 ], [ -70.0077708, -55.0513591 ], [ -69.9872285, -55.0188827 ], [ -70.0788444, -55.0343601 ] ] ], [ [ [ -70.0185683, -54.9048787 ], [ -69.9933178, -54.8934743 ], [ -70.1031077, -54.8928394 ], [ -70.0185683, -54.9048787 ] ] ], [ [ [ -70.0691974, -55.2657415 ], [ -70.0430549, -55.2772637 ], [ -70.0403753, -55.2627374 ], [ -70.0691974, -55.2657415 ] ] ], [ [ [ -70.1444314, -55.305142 ], [ -70.101533, -55.2952412 ], [ -70.2128172, -55.2792183 ], [ -70.1444314, -55.305142 ] ] ], [ [ [ -70.2031528, -54.9409168 ], [ -70.1538219, -54.9430066 ], [ -70.1644693, -54.9576845 ], [ -70.0682335, -54.9311978 ], [ -70.1361057, -54.9102444 ], [ -70.2031528, -54.9409168 ] ] ], [ [ [ -70.1584009, -55.0456896 ], [ -70.1271273, -55.033674 ], [ -70.1769884, -55.0347902 ], [ -70.1584009, -55.0456896 ] ] ], [ [ [ -70.1414794, -55.3414349 ], [ -70.1631626, -55.3589137 ], [ -70.1300927, -55.3660851 ], [ -70.1414794, -55.3414349 ] ] ], [ [ [ -70.5180528, -54.1878149 ], [ -70.4570197, -54.2492823 ], [ -70.335691, -54.2806842 ], [ -70.2533855, -54.2837131 ], [ -70.2150609, -54.2432384 ], [ -70.2447017, -54.2181156 ], [ -70.2958214, -54.2436296 ], [ -70.2642775, -54.2098472 ], [ -70.2830811, -54.192956 ], [ -70.3571746, -54.2011805 ], [ -70.4886311, -54.1426155 ], [ -70.5226175, -54.1554707 ], [ -70.5158889, -54.1383042 ], [ -70.5848552, -54.1144566 ], [ -70.5452275, -54.1071647 ], [ -70.553936, -54.0512902 ], [ -70.6707905, -53.9618003 ], [ -70.6718531, -53.9166887 ], [ -70.4900578, -54.0361152 ], [ -70.4178627, -54.0647229 ], [ -70.4391509, -54.0527825 ], [ -70.370596, -54.0475682 ], [ -70.3319137, -54.0189453 ], [ -70.453381, -53.8807815 ], [ -70.4155589, -53.8741281 ], [ -70.4549944, -53.7989721 ], [ -70.4107341, -53.804241 ], [ -70.4467185, -53.7822679 ], [ -70.4761806, -53.6837483 ], [ -70.4687918, -53.5688903 ], [ -70.5380025, -53.5682805 ], [ -70.5974686, -53.6499678 ], [ -70.7122927, -53.6984464 ], [ -70.7120588, -53.7759307 ], [ -70.6011359, -53.8243902 ], [ -70.6190225, -53.8725038 ], [ -70.7839871, -53.8238472 ], [ -70.8607268, -53.8354665 ], [ -70.8536814, -53.867995 ], [ -70.9078607, -53.8827248 ], [ -70.8424394, -53.9368505 ], [ -70.8869769, -53.920604 ], [ -70.9017944, -53.9337759 ], [ -70.8701236, -53.9863766 ], [ -70.8823864, -54.0606904 ], [ -70.7917896, -54.0963242 ], [ -70.8414194, -54.1218606 ], [ -70.6748432, -54.2011098 ], [ -70.4570374, -54.2553655 ], [ -70.5309657, -54.2073672 ], [ -70.5180528, -54.1878149 ] ] ], [ [ [ -70.4628265, -54.9648955 ], [ -70.4563744, -55.0149418 ], [ -70.3324053, -54.9976885 ], [ -70.3199432, -54.9687509 ], [ -70.3470882, -54.9606235 ], [ -70.300958, -54.96867 ], [ -70.2950283, -54.9897297 ], [ -70.2296311, -54.9632727 ], [ -70.2809242, -54.9668234 ], [ -70.3055094, -54.9355644 ], [ -70.4628265, -54.9648955 ] ] ], [ [ [ -70.3004021, -54.8989355 ], [ -70.2734147, -54.9046015 ], [ -70.2589585, -54.8918967 ], [ -70.3004021, -54.8989355 ] ] ], [ [ [ -70.3004682, -54.1785424 ], [ -70.263498, -54.1827615 ], [ -70.281184, -54.1685915 ], [ -70.3004682, -54.1785424 ] ] ], [ [ [ -71.0289761, -55.0596561 ], [ -70.9498222, -55.0911209 ], [ -70.89761, -55.0849097 ], [ -70.8846216, -55.0558039 ], [ -70.8348488, -55.0997957 ], [ -70.8400741, -55.0711936 ], [ -70.8025765, -55.0762931 ], [ -70.764741, -55.0524315 ], [ -70.7288753, -55.0756155 ], [ -70.7740692, -55.1206605 ], [ -70.7110689, -55.1398137 ], [ -70.7315537, -55.1123946 ], [ -70.6694918, -55.129191 ], [ -70.6737423, -55.0862423 ], [ -70.6039281, -55.1017961 ], [ -70.6054033, -55.0775716 ], [ -70.6785399, -55.0627562 ], [ -70.590932, -55.0676592 ], [ -70.5981047, -55.1187493 ], [ -70.5528206, -55.1033665 ], [ -70.5332549, -55.1152016 ], [ -70.5690547, -55.1265941 ], [ -70.5389807, -55.146271 ], [ -70.5773559, -55.1381853 ], [ -70.5995354, -55.1942495 ], [ -70.55287, -55.2204239 ], [ -70.5192547, -55.2069853 ], [ -70.5771007, -55.1911291 ], [ -70.5753787, -55.1702655 ], [ -70.508141, -55.1715094 ], [ -70.5132092, -55.2203221 ], [ -70.4820048, -55.2262239 ], [ -70.4673628, -55.1872602 ], [ -70.3978342, -55.1982553 ], [ -70.3737078, -55.185023 ], [ -70.4101737, -55.1692288 ], [ -70.3598799, -55.1724481 ], [ -70.466376, -55.1556248 ], [ -70.4604276, -55.1124849 ], [ -70.4027805, -55.132026 ], [ -70.4405781, -55.1058765 ], [ -70.3851424, -55.1097434 ], [ -70.3665022, -55.1419988 ], [ -70.3258272, -55.1497225 ], [ -70.3261687, -55.1265272 ], [ -70.2894655, -55.1451655 ], [ -70.2659175, -55.11746 ], [ -70.3395326, -55.1150988 ], [ -70.3060128, -55.0970177 ], [ -70.4012534, -55.1016708 ], [ -70.2970357, -55.0845433 ], [ -70.2935959, -55.0638664 ], [ -70.3288115, -55.0660826 ], [ -70.3214352, -55.0492364 ], [ -70.4025963, -55.0602022 ], [ -70.4128754, -55.0826326 ], [ -70.4214566, -55.0606542 ], [ -70.5113018, -55.0848018 ], [ -70.480332, -55.0680589 ], [ -70.5336877, -55.0584376 ], [ -70.4740883, -55.0526855 ], [ -70.5027117, -55.0335422 ], [ -70.60321, -55.0633421 ], [ -70.7121625, -55.0172637 ], [ -70.748152, -55.0472341 ], [ -70.7591834, -55.0150411 ], [ -70.7132855, -54.999232 ], [ -70.6624946, -55.0315323 ], [ -70.609558, -55.0310224 ], [ -70.589193, -55.0090326 ], [ -70.6325076, -55.0088223 ], [ -70.4940839, -55.0036095 ], [ -70.5319739, -54.979203 ], [ -70.4898808, -54.9715406 ], [ -70.4955442, -54.9526642 ], [ -70.4533195, -54.9613721 ], [ -70.3004426, -54.9177447 ], [ -70.3675098, -54.8996432 ], [ -70.5009808, -54.9097508 ], [ -70.6154962, -54.9487185 ], [ -70.5774161, -54.9881163 ], [ -70.6349406, -54.9776237 ], [ -70.6588108, -54.9946377 ], [ -70.6815778, -54.9647472 ], [ -70.7629016, -54.981034 ], [ -70.7176357, -54.9667993 ], [ -70.7912612, -54.9296523 ], [ -70.8050756, -54.9838426 ], [ -70.8529771, -54.9635433 ], [ -70.8631701, -54.990973 ], [ -70.8922721, -54.9777173 ], [ -70.8619685, -54.9269904 ], [ -70.9383969, -54.970099 ], [ -70.9383269, -54.9523714 ], [ -71.00024, -54.9568677 ], [ -71.0278691, -54.9778876 ], [ -70.9745043, -54.9967468 ], [ -71.022341, -55.0185513 ], [ -70.9719657, -55.0317663 ], [ -71.0289761, -55.0596561 ] ] ], [ [ [ -70.2828647, -55.0208581 ], [ -70.2672839, -54.9980935 ], [ -70.3370409, -55.0101476 ], [ -70.2828647, -55.0208581 ] ] ], [ [ [ -70.4144537, -54.0820033 ], [ -70.5104057, -54.0611744 ], [ -70.4219921, -54.1407247 ], [ -70.3081903, -54.1473006 ], [ -70.280178, -54.0825146 ], [ -70.3122869, -54.0433383 ], [ -70.4144537, -54.0820033 ] ] ], [ [ [ -70.6533919, -54.8558447 ], [ -70.6982846, -54.8438936 ], [ -70.7655011, -54.8712198 ], [ -70.749318, -54.8903447 ], [ -70.6938532, -54.8756436 ], [ -70.6692324, -54.9151884 ], [ -70.6379932, -54.9040608 ], [ -70.6087478, -54.9202838 ], [ -70.3655803, -54.876014 ], [ -70.5049518, -54.8335945 ], [ -70.5711756, -54.8491285 ], [ -70.5905393, -54.824058 ], [ -70.6533919, -54.8558447 ] ] ], [ [ [ -70.3695981, -55.0183945 ], [ -70.4592995, -55.0514184 ], [ -70.3723862, -55.0398372 ], [ -70.3695981, -55.0183945 ] ] ], [ [ [ -70.5984349, -55.0398148 ], [ -70.4962686, -55.0169212 ], [ -70.5881904, -55.0101097 ], [ -70.5984349, -55.0398148 ] ] ], [ [ [ -70.7506059, -52.8745953 ], [ -70.7834421, -52.9111046 ], [ -70.726292, -52.9082123 ], [ -70.6175376, -52.8381349 ], [ -70.7506059, -52.8745953 ] ] ], [ [ [ -70.6326258, -55.1360206 ], [ -70.7158185, -55.1752653 ], [ -70.6699273, -55.1913519 ], [ -70.6326258, -55.1360206 ] ] ], [ [ [ -70.8416482, -55.1222188 ], [ -70.8182234, -55.1268488 ], [ -70.8212445, -55.1047843 ], [ -70.8416482, -55.1222188 ] ] ], [ [ [ -70.920027, -55.1127813 ], [ -70.9074532, -55.1328047 ], [ -70.8947366, -55.1042425 ], [ -70.920027, -55.1127813 ] ] ], [ [ [ -70.9632188, -54.8322437 ], [ -70.8977801, -54.8521201 ], [ -70.9408649, -54.8212016 ], [ -70.9632188, -54.8322437 ] ] ], [ [ [ -71.2919995, -54.8374764 ], [ -71.4298525, -54.8203375 ], [ -71.4350272, -54.8397221 ], [ -71.3964015, -54.8485406 ], [ -71.4825853, -54.8665251 ], [ -71.4537033, -54.8951202 ], [ -71.4465091, -54.880681 ], [ -71.423707, -54.8907921 ], [ -71.4530355, -54.9400171 ], [ -71.4023094, -54.9286873 ], [ -71.3833638, -54.8749105 ], [ -71.3828094, -54.8966623 ], [ -71.3547025, -54.8947446 ], [ -71.3924762, -54.9415091 ], [ -71.3481504, -54.9527889 ], [ -71.3531669, -54.9246923 ], [ -71.3121167, -54.9112375 ], [ -71.3451026, -54.8865799 ], [ -71.2959622, -54.8887265 ], [ -71.30452, -54.8503781 ], [ -71.2748073, -54.8874902 ], [ -71.2421365, -54.8635084 ], [ -71.1898344, -54.8642225 ], [ -71.234037, -54.9076721 ], [ -71.1530748, -54.8930312 ], [ -71.0843732, -54.9063217 ], [ -71.1844398, -54.9306277 ], [ -71.1170352, -54.9253227 ], [ -71.0905534, -54.9606624 ], [ -71.0393878, -54.953872 ], [ -71.0420299, -54.9221402 ], [ -70.9544955, -54.9373965 ], [ -70.9146517, -54.9233107 ], [ -71.0094236, -54.9231806 ], [ -70.9412339, -54.9078827 ], [ -70.9859332, -54.8611093 ], [ -71.1043085, -54.8782908 ], [ -71.1190515, -54.8422007 ], [ -71.1466679, -54.8674877 ], [ -71.1408819, -54.8265262 ], [ -71.2023732, -54.8177 ], [ -71.1766916, -54.8426042 ], [ -71.2663781, -54.8481376 ], [ -71.2577987, -54.8299281 ], [ -71.3203011, -54.8130158 ], [ -71.2919995, -54.8374764 ] ] ], [ [ [ -71.5979161, -53.9353686 ], [ -71.6540504, -54.0223166 ], [ -71.6110967, -54.0604626 ], [ -71.6353535, -54.0674301 ], [ -71.5629067, -54.0828582 ], [ -71.7047605, -54.1510034 ], [ -71.6730666, -54.2254608 ], [ -71.5986339, -54.244787 ], [ -71.6141771, -54.2275926 ], [ -71.6014312, -54.1939581 ], [ -71.5228714, -54.1851996 ], [ -71.6004905, -54.2208031 ], [ -71.5811757, -54.2626848 ], [ -71.5531236, -54.2449658 ], [ -71.5306661, -54.2836999 ], [ -71.5130882, -54.2190191 ], [ -71.4855433, -54.2275852 ], [ -71.4820157, -54.2120152 ], [ -71.5118455, -54.1980806 ], [ -71.4548661, -54.1586864 ], [ -71.5338326, -54.1275989 ], [ -71.4409992, -54.1531694 ], [ -71.3929831, -54.1150879 ], [ -71.4147782, -54.1551523 ], [ -71.3673544, -54.1456554 ], [ -71.4232411, -54.1604575 ], [ -71.4116593, -54.1780527 ], [ -71.4431714, -54.1730746 ], [ -71.4541053, -54.2090098 ], [ -71.3670187, -54.2633056 ], [ -71.3306526, -54.2318434 ], [ -71.3525775, -54.2206364 ], [ -71.3236832, -54.2171702 ], [ -71.3147897, -54.269095 ], [ -71.2278637, -54.2338627 ], [ -71.2472207, -54.2075492 ], [ -71.171342, -54.2430064 ], [ -71.2353674, -54.2525825 ], [ -71.2415668, -54.2760664 ], [ -71.2044805, -54.2914429 ], [ -71.2773703, -54.2787063 ], [ -71.3056238, -54.3130467 ], [ -71.2994725, -54.2853678 ], [ -71.368203, -54.3000807 ], [ -71.1964221, -54.379942 ], [ -71.1794968, -54.3327002 ], [ -71.1540941, -54.4010835 ], [ -71.0976403, -54.3955441 ], [ -71.067213, -54.3583632 ], [ -71.1633252, -54.308476 ], [ -71.0436108, -54.3481582 ], [ -71.0232046, -54.3342503 ], [ -71.0604881, -54.2982993 ], [ -71.0086166, -54.3098869 ], [ -70.9706659, -54.2780672 ], [ -71.0381653, -54.2432997 ], [ -70.9734953, -54.2415284 ], [ -70.972812, -54.163849 ], [ -71.0418127, -54.2217847 ], [ -71.0777837, -54.2039616 ], [ -71.0390647, -54.2022818 ], [ -71.0341103, -54.1528189 ], [ -71.0137227, -54.166177 ], [ -70.9888821, -54.1403107 ], [ -71.0010504, -54.0909015 ], [ -71.0572199, -54.0841582 ], [ -71.0789217, -54.0590153 ], [ -71.1194002, -54.0934837 ], [ -71.1205099, -54.1630312 ], [ -71.1461064, -54.0869789 ], [ -71.1901339, -54.1048731 ], [ -71.2091071, -54.1860404 ], [ -71.2117556, -54.1178439 ], [ -71.2397729, -54.1298769 ], [ -71.2427561, -54.1063106 ], [ -71.2994338, -54.1098743 ], [ -71.2415019, -54.0911065 ], [ -71.2738584, -53.9996571 ], [ -71.391007, -53.9705881 ], [ -71.3643867, -54.0482384 ], [ -71.4032672, -54.092673 ], [ -71.3959622, -54.0567052 ], [ -71.4311347, -54.0485476 ], [ -71.4058779, -54.0522938 ], [ -71.4022599, -54.0121789 ], [ -71.4248724, -53.9888727 ], [ -71.4440784, -54.007673 ], [ -71.4618875, -53.9960513 ], [ -71.4392914, -53.9500402 ], [ -71.5095854, -53.9502165 ], [ -71.4833218, -53.985897 ], [ -71.5030762, -54.0091689 ], [ -71.5342503, -53.9441156 ], [ -71.5947214, -53.9543147 ], [ -71.5608051, -53.9424895 ], [ -71.5979161, -53.9353686 ] ] ], [ [ [ -71.0248249, -54.6607056 ], [ -70.9994722, -54.6565462 ], [ -71.0003224, -54.6363887 ], [ -71.0248249, -54.6607056 ] ] ], [ [ [ -71.0350951, -54.9549568 ], [ -71.0203094, -54.9515333 ], [ -71.0237725, -54.9373128 ], [ -71.0350951, -54.9549568 ] ] ], [ [ [ -71.0461154, -55.0976491 ], [ -71.0281854, -55.0954453 ], [ -71.0367857, -55.085314 ], [ -71.0461154, -55.0976491 ] ] ], [ [ [ -71.0455865, -54.7444555 ], [ -71.0290692, -54.7406184 ], [ -71.0356198, -54.7312193 ], [ -71.0455865, -54.7444555 ] ] ], [ [ [ -71.08763, -54.6762154 ], [ -71.0620926, -54.6759338 ], [ -71.07039, -54.6658297 ], [ -71.08763, -54.6762154 ] ] ], [ [ [ -71.1086038, -54.7244974 ], [ -71.0874317, -54.7241261 ], [ -71.1106955, -54.7105738 ], [ -71.1086038, -54.7244974 ] ] ], [ [ [ -71.1798119, -54.963408 ], [ -71.1900101, -55.0154479 ], [ -71.1648959, -54.9985896 ], [ -71.1623206, -55.0225082 ], [ -71.1305589, -55.0180694 ], [ -71.1444384, -54.9948456 ], [ -71.1134005, -54.9835222 ], [ -71.1798119, -54.963408 ] ] ], [ [ [ -71.1643091, -54.7432492 ], [ -71.1217665, -54.7182053 ], [ -71.1699139, -54.7205822 ], [ -71.1643091, -54.7432492 ] ] ], [ [ [ -71.1484367, -54.0610804 ], [ -71.122711, -54.0617645 ], [ -71.1272247, -54.0420123 ], [ -71.1484367, -54.0610804 ] ] ], [ [ [ -71.2367025, -54.0142143 ], [ -71.2305032, -54.0959548 ], [ -71.1795845, -54.0844857 ], [ -71.2367025, -54.0142143 ] ] ], [ [ [ -71.2941143, -54.9701275 ], [ -71.2694155, -54.9760907 ], [ -71.2883359, -54.9940042 ], [ -71.2531322, -54.9972682 ], [ -71.2808657, -55.0125374 ], [ -71.249745, -55.0217448 ], [ -71.2328874, -55.0012112 ], [ -71.2034504, -55.02616 ], [ -71.225901, -54.9823556 ], [ -71.1876068, -54.9518223 ], [ -71.2941143, -54.9701275 ] ] ], [ [ [ -71.2924171, -54.7347036 ], [ -71.2043233, -54.7310957 ], [ -71.2019266, -54.7135927 ], [ -71.3007391, -54.7184437 ], [ -71.2924171, -54.7347036 ] ] ], [ [ [ -71.3698063, -54.7902574 ], [ -71.3554994, -54.7970436 ], [ -71.361368, -54.7831625 ], [ -71.3698063, -54.7902574 ] ] ], [ [ [ -71.5079509, -54.2323803 ], [ -71.5199877, -54.3182406 ], [ -71.4621936, -54.3382376 ], [ -71.387679, -54.3287191 ], [ -71.4289425, -54.2817183 ], [ -71.3976394, -54.2875678 ], [ -71.3958593, -54.2623245 ], [ -71.4632468, -54.2294826 ], [ -71.4835115, -54.2628771 ], [ -71.5079509, -54.2323803 ] ] ], [ [ [ -71.4907254, -54.9217692 ], [ -71.4649601, -54.9345116 ], [ -71.4677062, -54.9162183 ], [ -71.4907254, -54.9217692 ] ] ], [ [ [ -71.5013507, -54.3909525 ], [ -71.4971492, -54.3782696 ], [ -71.5258594, -54.3726598 ], [ -71.5013507, -54.3909525 ] ] ], [ [ [ -71.5503731, -54.7018506 ], [ -71.5028734, -54.7080343 ], [ -71.5112305, -54.6951492 ], [ -71.5503731, -54.7018506 ] ] ], [ [ [ -71.5960462, -54.6821879 ], [ -71.5249282, -54.6859779 ], [ -71.5396393, -54.6654898 ], [ -71.5960462, -54.6821879 ] ] ], [ [ [ -71.6177844, -54.3769418 ], [ -71.5365093, -54.3863253 ], [ -71.5742848, -54.3664956 ], [ -71.6177844, -54.3769418 ] ] ], [ [ [ -71.616631, -54.7098332 ], [ -71.6517012, -54.714065 ], [ -71.6449825, -54.7519733 ], [ -71.5983562, -54.766405 ], [ -71.5452366, -54.7157517 ], [ -71.6456913, -54.6900186 ], [ -71.616631, -54.7098332 ] ] ], [ [ [ -71.6094615, -54.3019332 ], [ -71.5685833, -54.3077584 ], [ -71.6196706, -54.2835237 ], [ -71.6094615, -54.3019332 ] ] ], [ [ [ -71.7627481, -54.2918755 ], [ -71.7361389, -54.319498 ], [ -71.6017654, -54.3246794 ], [ -71.6445793, -54.3014658 ], [ -71.6374803, -54.318621 ], [ -71.6731934, -54.3217987 ], [ -71.6594446, -54.2866344 ], [ -71.694183, -54.2725815 ], [ -71.7627481, -54.2918755 ] ] ], [ [ [ -71.6616078, -54.3881701 ], [ -71.6605398, -54.4229028 ], [ -71.6071769, -54.4234224 ], [ -71.6616078, -54.3881701 ] ] ], [ [ [ -72.1488542, -54.1077338 ], [ -72.1533623, -54.1307299 ], [ -72.0051899, -54.1353041 ], [ -72.1233323, -54.1644568 ], [ -72.0429088, -54.2116024 ], [ -71.9937529, -54.2005968 ], [ -72.0233392, -54.2140632 ], [ -71.924913, -54.2151687 ], [ -72.0063626, -54.222976 ], [ -71.9807493, -54.2355235 ], [ -71.9582985, -54.2191717 ], [ -71.9373048, -54.2403227 ], [ -71.8966812, -54.2234807 ], [ -71.8750815, -54.2381569 ], [ -71.938707, -54.2493496 ], [ -71.9717217, -54.3342504 ], [ -71.9284028, -54.3375542 ], [ -71.905653, -54.3150518 ], [ -71.9168558, -54.3372671 ], [ -71.7987928, -54.3426051 ], [ -71.8675646, -54.2996338 ], [ -71.8286393, -54.3093601 ], [ -71.8227652, -54.2893157 ], [ -71.8975912, -54.2897201 ], [ -71.8054601, -54.2726167 ], [ -71.8538192, -54.2500188 ], [ -71.7889115, -54.2771396 ], [ -71.7295015, -54.2386158 ], [ -71.8379833, -54.1452736 ], [ -71.8747509, -54.1513718 ], [ -71.8720013, -54.1199488 ], [ -71.9196321, -54.1312396 ], [ -71.8794038, -54.1010461 ], [ -71.9296026, -54.0948389 ], [ -71.9117563, -54.0733665 ], [ -71.9520218, -54.0439745 ], [ -71.9113294, -54.0118731 ], [ -71.9180107, -54.0595592 ], [ -71.8684278, -54.0909529 ], [ -71.8492518, -54.0721634 ], [ -71.8573541, -54.1045946 ], [ -71.7477014, -54.1710243 ], [ -71.6907766, -54.1182667 ], [ -71.6140889, -54.0913405 ], [ -71.6621573, -54.0588086 ], [ -71.7364695, -54.1008479 ], [ -71.7034727, -54.0634335 ], [ -71.7726697, -54.0466543 ], [ -71.6935267, -54.0549934 ], [ -71.6896676, -54.0003625 ], [ -71.7952559, -54.0092298 ], [ -71.7010597, -53.9903775 ], [ -71.6498867, -53.9253172 ], [ -71.6808088, -53.9307463 ], [ -71.7331904, -53.8963029 ], [ -71.7595576, -53.9289294 ], [ -71.7505392, -53.9021851 ], [ -71.7894228, -53.8856895 ], [ -71.7829825, -53.9305636 ], [ -71.8208947, -53.9397046 ], [ -71.8022514, -53.954847 ], [ -71.8206607, -53.9857546 ], [ -71.8526218, -53.980769 ], [ -71.8194488, -53.9481478 ], [ -71.8550255, -53.9342744 ], [ -71.8163349, -53.9239224 ], [ -71.8413754, -53.8846155 ], [ -71.8788367, -53.8810918 ], [ -71.8608572, -53.8585521 ], [ -71.9149939, -53.8447842 ], [ -71.9867916, -53.8633423 ], [ -71.9466649, -53.9084318 ], [ -71.9850092, -53.8875083 ], [ -72.0179457, -53.9199411 ], [ -72.0122688, -53.8988256 ], [ -72.04036, -53.8984902 ], [ -72.0699975, -53.9475833 ], [ -72.0300382, -53.9665855 ], [ -72.1147946, -53.9403794 ], [ -72.0554433, -53.9905971 ], [ -72.1427988, -53.9321747 ], [ -72.2809825, -53.9150882 ], [ -72.2576025, -54.0056179 ], [ -72.1841209, -53.9686398 ], [ -72.173361, -53.9832048 ], [ -72.2397517, -54.0164601 ], [ -72.259126, -54.0663039 ], [ -72.1988308, -54.1108814 ], [ -72.1165138, -54.0375352 ], [ -72.073469, -54.0990133 ], [ -72.1488542, -54.1077338 ] ] ], [ [ [ -71.6700287, -54.2558333 ], [ -71.6521186, -54.2543444 ], [ -71.6709046, -54.2399328 ], [ -71.6700287, -54.2558333 ] ] ], [ [ [ -71.7812594, -54.6549415 ], [ -71.7355927, -54.6963433 ], [ -71.8011954, -54.6896417 ], [ -71.7789716, -54.7199896 ], [ -71.6888122, -54.6851058 ], [ -71.7299223, -54.6456076 ], [ -71.7812594, -54.6549415 ] ] ], [ [ [ -71.7155499, -54.6271247 ], [ -71.6981646, -54.6138847 ], [ -71.7077936, -54.6085088 ], [ -71.7155499, -54.6271247 ] ] ], [ [ [ -71.7773545, -54.4967476 ], [ -71.7976656, -54.5212547 ], [ -71.7773181, -54.5247459 ], [ -71.7773545, -54.4967476 ] ] ], [ [ [ -71.8686689, -54.7048684 ], [ -71.8461139, -54.7503202 ], [ -71.7765609, -54.7573926 ], [ -71.8686689, -54.7048684 ] ] ], [ [ [ -71.8376545, -54.6830124 ], [ -71.8216977, -54.7014515 ], [ -71.8041539, -54.6768806 ], [ -71.8376545, -54.6830124 ] ] ], [ [ [ -71.8220347, -54.4982999 ], [ -71.8101786, -54.4888357 ], [ -71.8225738, -54.4788472 ], [ -71.8220347, -54.4982999 ] ] ], [ [ [ -71.8508897, -53.1075131 ], [ -71.8347908, -53.0778357 ], [ -71.8654373, -53.0875674 ], [ -71.8508897, -53.1075131 ] ] ], [ [ [ -71.8550054, -53.1119919 ], [ -71.8420177, -53.1329908 ], [ -71.8441145, -53.109784 ], [ -71.8550054, -53.1119919 ] ] ], [ [ [ -72.0883512, -54.6529059 ], [ -72.0596515, -54.6469929 ], [ -72.0445854, -54.6684246 ], [ -72.0409793, -54.6235299 ], [ -72.0221551, -54.6316894 ], [ -72.029574, -54.7109223 ], [ -71.9843874, -54.6751649 ], [ -71.9914774, -54.6914434 ], [ -71.963965, -54.6835155 ], [ -71.998817, -54.7012057 ], [ -71.9536656, -54.7124347 ], [ -71.9875877, -54.7292375 ], [ -71.8972154, -54.6988559 ], [ -71.9220899, -54.6778651 ], [ -71.9418625, -54.6958628 ], [ -71.9383123, -54.6608079 ], [ -72.0446978, -54.6116857 ], [ -72.0883512, -54.6529059 ] ], [ [ -71.973752, -54.668485 ], [ -71.9549045, -54.6789166 ], [ -71.9611789, -54.6821013 ], [ -71.973752, -54.668485 ] ] ], [ [ [ -71.9256122, -54.3985273 ], [ -71.8980235, -54.3850829 ], [ -71.9775224, -54.3889871 ], [ -71.9256122, -54.3985273 ] ] ], [ [ [ -72.0596137, -54.5350058 ], [ -72.0229173, -54.5869066 ], [ -71.9957042, -54.5651402 ], [ -71.9885974, -54.5866663 ], [ -71.9413563, -54.5826824 ], [ -72.0315597, -54.5237418 ], [ -72.0596137, -54.5350058 ] ] ], [ [ [ -71.9833832, -54.360962 ], [ -71.9970277, -54.3830714 ], [ -71.9496911, -54.3679499 ], [ -71.9833832, -54.360962 ] ] ], [ [ [ -72.0895156, -54.2647825 ], [ -71.9972692, -54.2874856 ], [ -71.9805403, -54.2480139 ], [ -72.0707604, -54.2437618 ], [ -72.0895156, -54.2647825 ] ] ], [ [ [ -72.0320831, -54.4259583 ], [ -72.0137085, -54.423244 ], [ -72.0159547, -54.4110921 ], [ -72.0320831, -54.4259583 ] ] ], [ [ [ -72.217629, -53.8802379 ], [ -72.1041468, -53.9215319 ], [ -72.0472066, -53.8301371 ], [ -72.1509165, -53.8275814 ], [ -72.217629, -53.8802379 ] ] ], [ [ [ -72.0850951, -54.6045394 ], [ -72.049729, -54.6062108 ], [ -72.0871352, -54.5867859 ], [ -72.0850951, -54.6045394 ] ] ], [ [ [ -72.1057988, -53.9240138 ], [ -72.0723893, -53.9416793 ], [ -72.0516716, -53.9077852 ], [ -72.1057988, -53.9240138 ] ] ], [ [ [ -72.1170043, -54.4352352 ], [ -72.0581716, -54.4516304 ], [ -72.0903828, -54.4103895 ], [ -72.1170043, -54.4352352 ] ] ], [ [ [ -72.1031399, -53.7493749 ], [ -72.0628725, -53.7579564 ], [ -72.0992129, -53.731772 ], [ -72.1031399, -53.7493749 ] ] ], [ [ [ -72.0782751, -54.313531 ], [ -72.0662424, -54.3091026 ], [ -72.0765117, -54.2825955 ], [ -72.0782751, -54.313531 ] ] ], [ [ [ -72.1283074, -54.3882188 ], [ -72.1992421, -54.3672505 ], [ -72.2337226, -54.3823006 ], [ -72.2046726, -54.4082639 ], [ -72.1466561, -54.3950389 ], [ -72.177914, -54.4197032 ], [ -72.1403164, -54.4381331 ], [ -72.1355959, -54.4108371 ], [ -72.0857052, -54.4052681 ], [ -72.122037, -54.3790172 ], [ -72.0781295, -54.3759145 ], [ -72.1214486, -54.365206 ], [ -72.1283074, -54.3882188 ] ] ], [ [ [ -72.0990873, -54.3069486 ], [ -72.0870418, -54.317331 ], [ -72.0914711, -54.2895636 ], [ -72.0990873, -54.3069486 ] ] ], [ [ [ -73.093715, -53.7139486 ], [ -73.0858193, -53.7265843 ], [ -73.0724312, -53.7162283 ], [ -73.093715, -53.7139486 ] ] ], [ [ [ -73.0259628, -53.7277268 ], [ -73.0601179, -53.7208215 ], [ -73.0664769, -53.7381122 ], [ -73.0163096, -53.7645959 ], [ -73.0908621, -53.7427199 ], [ -73.100501, -53.7864535 ], [ -73.0135474, -53.7910445 ], [ -72.9779235, -53.7639614 ], [ -72.8692444, -53.7487319 ], [ -72.9938105, -53.7920576 ], [ -72.937042, -53.802941 ], [ -73.0155453, -53.7983108 ], [ -73.0622934, -53.8232386 ], [ -72.9989698, -53.8126955 ], [ -73.017278, -53.8334778 ], [ -72.908976, -53.8371794 ], [ -73.0177137, -53.850154 ], [ -72.9669147, -53.8586762 ], [ -73.0407461, -53.8665518 ], [ -72.9990711, -53.8638034 ], [ -73.0476086, -53.8796863 ], [ -73.0442518, -53.9093433 ], [ -72.9390568, -53.86588 ], [ -72.9656347, -53.9004442 ], [ -72.9091862, -53.8991157 ], [ -72.8385147, -53.8145366 ], [ -72.894242, -53.8114757 ], [ -72.8338863, -53.8068937 ], [ -72.8343859, -53.7611754 ], [ -72.8076818, -53.8050105 ], [ -72.7286435, -53.761694 ], [ -72.9008181, -53.9237043 ], [ -72.862091, -53.9293011 ], [ -72.9261108, -53.9395127 ], [ -72.9096011, -53.9601737 ], [ -72.818105, -53.936506 ], [ -72.8033694, -53.8961811 ], [ -72.8395168, -53.8854503 ], [ -72.7545215, -53.8346131 ], [ -72.7571292, -53.8547068 ], [ -72.7170249, -53.841044 ], [ -72.7849799, -53.87184 ], [ -72.7596851, -53.8779722 ], [ -72.7969558, -53.8874103 ], [ -72.7959122, -53.9171945 ], [ -72.7049321, -53.8780986 ], [ -72.7064449, -53.8568983 ], [ -72.6906926, -53.8827656 ], [ -72.6742647, -53.8641819 ], [ -72.6533828, -53.8734599 ], [ -72.6580013, -53.8934001 ], [ -72.7175357, -53.8901688 ], [ -72.806445, -53.943892 ], [ -72.7664457, -53.940032 ], [ -72.6945709, -53.9829455 ], [ -72.8081103, -53.9542867 ], [ -72.8787627, -53.9757579 ], [ -72.7781936, -53.9932663 ], [ -72.8664752, -54.020338 ], [ -72.7912319, -54.0182687 ], [ -72.81518, -54.0313242 ], [ -72.7549049, -54.0359563 ], [ -72.7823965, -54.048572 ], [ -72.7587496, -54.0637099 ], [ -72.8294426, -54.035277 ], [ -72.8668799, -54.0402681 ], [ -72.817303, -54.0563433 ], [ -72.980483, -54.0293634 ], [ -72.9634439, -54.0557278 ], [ -72.7834894, -54.0782168 ], [ -72.7885932, -54.1058515 ], [ -72.8296911, -54.0785832 ], [ -72.9331276, -54.0655265 ], [ -73.078769, -54.0866205 ], [ -72.9890087, -54.107839 ], [ -72.8693017, -54.0902853 ], [ -72.9270073, -54.1083407 ], [ -72.8797336, -54.1155857 ], [ -72.9649586, -54.1235563 ], [ -72.8904663, -54.1381908 ], [ -72.8299338, -54.129454 ], [ -72.8203693, -54.09656 ], [ -72.7617401, -54.1213631 ], [ -72.7243556, -54.1187056 ], [ -72.709378, -54.1034955 ], [ -72.7494251, -54.0998708 ], [ -72.7277022, -54.0816354 ], [ -72.683097, -54.0905047 ], [ -72.6288372, -54.0187961 ], [ -72.6689838, -54.0904358 ], [ -72.6055865, -54.0310555 ], [ -72.6296487, -54.0998179 ], [ -72.6158694, -54.0825379 ], [ -72.6150012, -54.1014278 ], [ -72.6011098, -54.0845122 ], [ -72.602059, -54.1013294 ], [ -72.5499256, -54.1079432 ], [ -72.5292673, -54.0451075 ], [ -72.5990679, -54.019082 ], [ -72.5364953, -54.0214837 ], [ -72.5443615, -53.9835722 ], [ -72.4918878, -54.0052578 ], [ -72.4957325, -53.9536563 ], [ -72.4696878, -53.996276 ], [ -72.5149041, -54.0264496 ], [ -72.4856906, -54.0273162 ], [ -72.4844319, -54.0615647 ], [ -72.4211375, -54.0541308 ], [ -72.4132617, -54.0349264 ], [ -72.3669693, -54.0562377 ], [ -72.3404219, -53.9996444 ], [ -72.382859, -54.0013059 ], [ -72.3790606, -53.9703418 ], [ -72.4763442, -53.9596055 ], [ -72.4500167, -53.9460443 ], [ -72.3621706, -53.958596 ], [ -72.3868132, -53.9313021 ], [ -72.4216643, -53.9381104 ], [ -72.4130634, -53.908978 ], [ -72.4666196, -53.8858362 ], [ -72.3343871, -53.9250228 ], [ -72.3712468, -53.8664789 ], [ -72.3520428, -53.8497599 ], [ -72.4789922, -53.8332162 ], [ -72.3564089, -53.8322855 ], [ -72.3707535, -53.8074119 ], [ -72.3126387, -53.849721 ], [ -72.2253929, -53.858341 ], [ -72.1951442, -53.826669 ], [ -72.2939353, -53.8051844 ], [ -72.2093486, -53.8153417 ], [ -72.1486022, -53.794537 ], [ -72.2227624, -53.7446584 ], [ -72.2669258, -53.7599995 ], [ -72.3535926, -53.755652 ], [ -72.234698, -53.7281332 ], [ -72.3110193, -53.7010003 ], [ -72.3554012, -53.7170551 ], [ -72.3444291, -53.6855201 ], [ -72.3864644, -53.6774857 ], [ -72.4110391, -53.6999663 ], [ -72.4302266, -53.6883904 ], [ -72.4134185, -53.7264491 ], [ -72.4608181, -53.7543303 ], [ -72.4551979, -53.7259194 ], [ -72.4845111, -53.7285099 ], [ -72.4372366, -53.6980855 ], [ -72.4847637, -53.693748 ], [ -72.4547752, -53.6762081 ], [ -72.5988705, -53.6752031 ], [ -72.6120657, -53.7148569 ], [ -72.5240148, -53.7032182 ], [ -72.6224287, -53.7222286 ], [ -72.625011, -53.6722004 ], [ -72.3831064, -53.6398938 ], [ -72.4256317, -53.6111687 ], [ -72.4848408, -53.6342754 ], [ -72.4486954, -53.609534 ], [ -72.4962319, -53.5883638 ], [ -72.4581767, -53.579133 ], [ -72.5398018, -53.5646719 ], [ -72.5599033, -53.5783609 ], [ -72.6146585, -53.5472089 ], [ -72.640873, -53.5592173 ], [ -72.6624809, -53.5233748 ], [ -72.6393197, -53.5921306 ], [ -72.6668855, -53.650944 ], [ -72.6936522, -53.6258428 ], [ -72.6886537, -53.652261 ], [ -72.7032823, -53.6289956 ], [ -72.6885112, -53.6164931 ], [ -72.7170113, -53.6146581 ], [ -72.6694463, -53.5976521 ], [ -72.7339812, -53.5700067 ], [ -72.724513, -53.5078895 ], [ -72.7669283, -53.5089351 ], [ -72.7749212, -53.4757557 ], [ -72.8615691, -53.4495985 ], [ -72.8035981, -53.5584555 ], [ -72.842589, -53.5743408 ], [ -72.8110199, -53.6093875 ], [ -72.8600357, -53.613283 ], [ -72.8599906, -53.6626064 ], [ -72.8905868, -53.6276425 ], [ -72.8612791, -53.5686693 ], [ -72.8926551, -53.5716387 ], [ -72.8488442, -53.5322805 ], [ -72.9238425, -53.5521919 ], [ -72.8503542, -53.5134598 ], [ -72.8973488, -53.4942704 ], [ -72.9316999, -53.5364693 ], [ -72.9032048, -53.4404417 ], [ -72.9503246, -53.4428945 ], [ -72.927699, -53.4203688 ], [ -72.9863212, -53.3962879 ], [ -72.9749259, -53.45206 ], [ -72.9815105, -53.4812282 ], [ -73.002727, -53.4940124 ], [ -73.0031061, -53.4130207 ], [ -73.0442247, -53.4531789 ], [ -73.0010892, -53.390675 ], [ -73.0406313, -53.3932877 ], [ -73.0330559, -53.3770272 ], [ -73.1718089, -53.4008938 ], [ -73.1181402, -53.407675 ], [ -73.1611569, -53.4240398 ], [ -73.0954978, -53.4599194 ], [ -73.1290224, -53.4882359 ], [ -73.0361258, -53.5360588 ], [ -73.188324, -53.4788698 ], [ -73.2203312, -53.4957522 ], [ -73.1751172, -53.5079692 ], [ -73.218579, -53.5100276 ], [ -73.2292896, -53.5348467 ], [ -73.2514238, -53.5169277 ], [ -73.2243884, -53.5041969 ], [ -73.2964048, -53.4758032 ], [ -73.4332642, -53.4662058 ], [ -73.3239042, -53.5643997 ], [ -73.2790002, -53.5736467 ], [ -73.2267715, -53.5507326 ], [ -73.1892425, -53.5639902 ], [ -73.2264842, -53.5593211 ], [ -73.2737063, -53.5852799 ], [ -73.2385683, -53.5945859 ], [ -73.2829917, -53.5940929 ], [ -73.2358579, -53.6398178 ], [ -73.1578961, -53.6051266 ], [ -73.1363999, -53.6134606 ], [ -73.1953022, -53.6428821 ], [ -73.1116073, -53.6447434 ], [ -73.0420485, -53.5991065 ], [ -73.0961917, -53.5724726 ], [ -73.0505259, -53.5911958 ], [ -73.0161467, -53.5674092 ], [ -72.9993632, -53.5844212 ], [ -73.0969611, -53.6513971 ], [ -72.9963497, -53.6297012 ], [ -73.0096594, -53.6504945 ], [ -72.9672061, -53.6462894 ], [ -72.9740248, -53.6126926 ], [ -72.9283808, -53.6238471 ], [ -72.9535163, -53.669715 ], [ -73.0412315, -53.6580457 ], [ -73.0528677, -53.6763646 ], [ -73.1811755, -53.6792303 ], [ -72.8699008, -53.7339105 ], [ -72.8769076, -53.7061318 ], [ -72.8544023, -53.7319096 ], [ -72.8440991, -53.7012844 ], [ -72.8135058, -53.7046411 ], [ -72.8444537, -53.7382536 ], [ -72.8018661, -53.7452093 ], [ -73.0567667, -53.7179062 ], [ -73.0259628, -53.7277268 ] ] ], [ [ [ -72.2111021, -54.2133416 ], [ -72.2159342, -54.2926914 ], [ -72.1640513, -54.3059684 ], [ -72.1840328, -54.2945269 ], [ -72.1533162, -54.2773334 ], [ -72.1987455, -54.2548268 ], [ -72.1833199, -54.2177455 ], [ -72.2111021, -54.2133416 ] ] ], [ [ [ -72.1827499, -53.9253867 ], [ -72.1652687, -53.9169116 ], [ -72.2005998, -53.9096029 ], [ -72.1827499, -53.9253867 ] ] ], [ [ [ -72.2096192, -54.3191693 ], [ -72.1889226, -54.3336256 ], [ -72.169307, -54.3212678 ], [ -72.2096192, -54.3191693 ] ] ], [ [ [ -72.3235358, -54.0567145 ], [ -72.42992, -54.0961224 ], [ -72.3185064, -54.108862 ], [ -72.425193, -54.1276562 ], [ -72.4293549, -54.1553833 ], [ -72.346629, -54.1495118 ], [ -72.401939, -54.1859448 ], [ -72.4985701, -54.1935734 ], [ -72.519618, -54.2179059 ], [ -72.4581493, -54.2401685 ], [ -72.4986063, -54.2332216 ], [ -72.5200606, -54.2560626 ], [ -72.4399251, -54.281621 ], [ -72.3991231, -54.2561527 ], [ -72.4136297, -54.2232153 ], [ -72.3909862, -54.2539253 ], [ -72.3549478, -54.2426374 ], [ -72.3477331, -54.2623264 ], [ -72.316746, -54.2611921 ], [ -72.3317274, -54.1990587 ], [ -72.2605823, -54.1990833 ], [ -72.2608808, -54.1582448 ], [ -72.3006886, -54.147532 ], [ -72.2318328, -54.1330857 ], [ -72.2295207, -54.1549239 ], [ -72.2040078, -54.1390437 ], [ -72.2469212, -54.1121547 ], [ -72.2774863, -54.1214564 ], [ -72.2456411, -54.1047509 ], [ -72.3235358, -54.0567145 ] ], [ [ -72.2993381, -54.0955356 ], [ -72.2939524, -54.1094412 ], [ -72.3102727, -54.1090562 ], [ -72.2993381, -54.0955356 ] ] ], [ [ [ -72.366305, -54.4177854 ], [ -72.329427, -54.4632148 ], [ -72.2863186, -54.4710911 ], [ -72.3050495, -54.4338955 ], [ -72.2610378, -54.4666891 ], [ -72.2190637, -54.4571187 ], [ -72.2417081, -54.4283051 ], [ -72.278378, -54.4331891 ], [ -72.2518139, -54.4102545 ], [ -72.2950125, -54.4149149 ], [ -72.2885854, -54.3993484 ], [ -72.3322051, -54.3932634 ], [ -72.366305, -54.4177854 ] ] ], [ [ [ -72.2491415, -54.2280882 ], [ -72.2271795, -54.2274623 ], [ -72.2480368, -54.2121563 ], [ -72.2491415, -54.2280882 ] ] ], [ [ [ -72.2939804, -52.5810316 ], [ -72.272352, -52.6139376 ], [ -72.252589, -52.6173205 ], [ -72.2402777, -52.5824111 ], [ -72.2741233, -52.5986747 ], [ -72.2939804, -52.5810316 ] ] ], [ [ [ -72.430406, -53.5647525 ], [ -72.3659506, -53.6529618 ], [ -72.2864956, -53.6742116 ], [ -72.2500031, -53.6547922 ], [ -72.2687924, -53.6244391 ], [ -72.3212964, -53.6262202 ], [ -72.2982666, -53.6037722 ], [ -72.430406, -53.5647525 ] ] ], [ [ [ -72.3434535, -54.2904917 ], [ -72.3516562, -54.3093455 ], [ -72.2968828, -54.3331994 ], [ -72.2530328, -54.3297783 ], [ -72.276637, -54.3145963 ], [ -72.2530107, -54.3008869 ], [ -72.3434535, -54.2904917 ] ] ], [ [ [ -72.2853502, -54.3792821 ], [ -72.2844649, -54.394726 ], [ -72.2689788, -54.3751044 ], [ -72.2853502, -54.3792821 ] ] ], [ [ [ -72.2930287, -54.0312402 ], [ -72.272465, -54.0297929 ], [ -72.2738323, -54.003761 ], [ -72.2930287, -54.0312402 ] ] ], [ [ [ -72.4260613, -54.3319804 ], [ -72.4058405, -54.344538 ], [ -72.510724, -54.3449504 ], [ -72.4935214, -54.3686757 ], [ -72.5464828, -54.3467485 ], [ -72.535182, -54.388171 ], [ -72.4759973, -54.4033649 ], [ -72.501096, -54.4213259 ], [ -72.4594723, -54.4433857 ], [ -72.4616227, -54.4137765 ], [ -72.4215213, -54.3972599 ], [ -72.4730898, -54.3761113 ], [ -72.4290487, -54.3842916 ], [ -72.4498609, -54.3702023 ], [ -72.404873, -54.3609285 ], [ -72.3914171, -54.3843726 ], [ -72.3547754, -54.3827166 ], [ -72.3754941, -54.352262 ], [ -72.3561763, -54.344037 ], [ -72.3294684, -54.3753703 ], [ -72.2850149, -54.3457376 ], [ -72.4260613, -54.3319804 ] ] ], [ [ [ -72.3250807, -53.9988074 ], [ -72.3038801, -53.9939294 ], [ -72.302502, -53.9557212 ], [ -72.3250807, -53.9988074 ] ] ], [ [ [ -72.3530226, -52.6887087 ], [ -72.3196905, -52.6896411 ], [ -72.3162747, -52.6605603 ], [ -72.3530226, -52.6887087 ] ] ], [ [ [ -72.4153733, -54.2687836 ], [ -72.3818213, -54.270057 ], [ -72.3916326, -54.2930746 ], [ -72.3529027, -54.2728338 ], [ -72.3954073, -54.2581376 ], [ -72.4153733, -54.2687836 ] ] ], [ [ [ -72.4833795, -52.7439506 ], [ -72.4611858, -52.7904724 ], [ -72.3804957, -52.7625493 ], [ -72.3697918, -52.7345728 ], [ -72.4056446, -52.7216845 ], [ -72.4833795, -52.7439506 ] ] ], [ [ [ -72.4324172, -54.4466416 ], [ -72.4024055, -54.4421639 ], [ -72.4250728, -54.4560412 ], [ -72.3736954, -54.4610774 ], [ -72.3829523, -54.4314824 ], [ -72.4324172, -54.4466416 ] ] ], [ [ [ -72.4076256, -54.4222596 ], [ -72.382375, -54.4303984 ], [ -72.3956871, -54.4153533 ], [ -72.4076256, -54.4222596 ] ] ], [ [ [ -72.4317082, -54.4138683 ], [ -72.399688, -54.4140843 ], [ -72.4091684, -54.4031438 ], [ -72.4317082, -54.4138683 ] ] ], [ [ [ -72.4391537, -54.2840831 ], [ -72.4155796, -54.2807855 ], [ -72.4185058, -54.2697721 ], [ -72.4391537, -54.2840831 ] ] ], [ [ [ -72.5672347, -54.2836378 ], [ -72.4911223, -54.2832073 ], [ -72.4942655, -54.3048888 ], [ -72.453684, -54.2961338 ], [ -72.5095251, -54.2642031 ], [ -72.5672347, -54.2836378 ] ] ], [ [ [ -72.4935565, -53.2038196 ], [ -72.4595871, -53.2179525 ], [ -72.4708144, -53.2013534 ], [ -72.4935565, -53.2038196 ] ] ], [ [ [ -72.484278, -52.8010003 ], [ -72.4768696, -52.7898021 ], [ -72.4906026, -52.784622 ], [ -72.484278, -52.8010003 ] ] ], [ [ [ -72.5083383, -53.3088563 ], [ -72.4892223, -53.3364509 ], [ -72.4826961, -53.3214868 ], [ -72.5083383, -53.3088563 ] ] ], [ [ [ -72.4920395, -54.122185 ], [ -72.5262729, -54.162465 ], [ -72.4871564, -54.1486162 ], [ -72.4920395, -54.122185 ] ] ], [ [ [ -72.5136991, -52.8040659 ], [ -72.5007894, -52.7902165 ], [ -72.5370352, -52.7808328 ], [ -72.5136991, -52.8040659 ] ] ], [ [ [ -72.5507226, -52.7332493 ], [ -72.5769198, -52.7654941 ], [ -72.5299025, -52.7465888 ], [ -72.5507226, -52.7332493 ] ] ], [ [ [ -72.6147981, -54.1079169 ], [ -72.6345273, -54.1550073 ], [ -72.5563354, -54.144879 ], [ -72.6147981, -54.1079169 ] ] ], [ [ [ -72.6542683, -52.6375088 ], [ -72.581804, -52.6341824 ], [ -72.6620774, -52.6076171 ], [ -72.6542683, -52.6375088 ] ] ], [ [ [ -72.6786957, -52.5827462 ], [ -72.6221719, -52.5838815 ], [ -72.6392152, -52.571418 ], [ -72.6786957, -52.5827462 ] ] ], [ [ [ -72.6414006, -54.3486374 ], [ -72.6227811, -54.3392949 ], [ -72.6333373, -54.332035 ], [ -72.6414006, -54.3486374 ] ] ], [ [ [ -72.6497628, -54.2315585 ], [ -72.7024034, -54.2759466 ], [ -72.6321784, -54.2499259 ], [ -72.6497628, -54.2315585 ] ] ], [ [ [ -72.6976301, -54.3227801 ], [ -72.6444693, -54.3296158 ], [ -72.6725825, -54.3117173 ], [ -72.6976301, -54.3227801 ] ] ], [ [ [ -72.6546224, -54.1119693 ], [ -72.7019003, -54.1506243 ], [ -72.6482805, -54.1399459 ], [ -72.6546224, -54.1119693 ] ] ], [ [ [ -72.7308206, -51.8827624 ], [ -72.7240436, -51.9066761 ], [ -72.7075002, -51.8804439 ], [ -72.7308206, -51.8827624 ] ] ], [ [ [ -72.7702053, -54.130765 ], [ -72.7697718, -54.1486886 ], [ -72.743909, -54.1265152 ], [ -72.7702053, -54.130765 ] ] ], [ [ [ -72.9132401, -54.159105 ], [ -72.8737478, -54.1583733 ], [ -72.8766211, -54.1470135 ], [ -72.9132401, -54.159105 ] ] ], [ [ [ -72.9256466, -51.9059644 ], [ -72.9870842, -51.9016017 ], [ -73.0857664, -51.9510668 ], [ -73.1315239, -52.0310725 ], [ -73.1119988, -52.0857804 ], [ -72.9982041, -52.0549725 ], [ -72.9493378, -51.9478341 ], [ -72.8841532, -51.8975925 ], [ -72.8946608, -51.8729716 ], [ -72.9256466, -51.9059644 ] ] ], [ [ [ -72.9212644, -52.824797 ], [ -72.8865581, -52.8269202 ], [ -72.9012778, -52.8159531 ], [ -72.9212644, -52.824797 ] ] ], [ [ [ -72.9278386, -52.2506412 ], [ -72.9142479, -52.2548245 ], [ -72.9102603, -52.2397106 ], [ -72.9278386, -52.2506412 ] ] ], [ [ [ -72.9590219, -51.7942664 ], [ -72.9112393, -51.8048871 ], [ -72.9611715, -51.7787155 ], [ -72.9590219, -51.7942664 ] ] ], [ [ [ -73.0163932, -54.2221181 ], [ -72.9335891, -54.2200557 ], [ -72.9333018, -54.2053763 ], [ -72.9622021, -54.196841 ], [ -73.0163932, -54.2221181 ] ] ], [ [ [ -72.9743187, -53.9841919 ], [ -72.9520206, -53.9717805 ], [ -73.0043777, -53.9722248 ], [ -72.9743187, -53.9841919 ] ] ], [ [ [ -73.0087296, -53.9437532 ], [ -72.9557998, -53.9497532 ], [ -72.9711615, -53.9379432 ], [ -73.0087296, -53.9437532 ] ] ], [ [ [ -73.067836, -54.4656692 ], [ -73.0829627, -54.4987639 ], [ -73.0406477, -54.4712227 ], [ -73.0366371, -54.4878535 ], [ -72.9867712, -54.4898159 ], [ -72.9611028, -54.4462321 ], [ -73.067836, -54.4656692 ] ] ], [ [ [ -73.0136534, -54.043579 ], [ -72.9920348, -54.0429729 ], [ -72.9936381, -54.0303314 ], [ -73.0136534, -54.043579 ] ] ], [ [ [ -73.0417949, -54.1888945 ], [ -73.0162819, -54.1829594 ], [ -73.0213047, -54.1700119 ], [ -73.0417949, -54.1888945 ] ] ], [ [ [ -73.0927222, -53.9599876 ], [ -73.0616781, -53.9663052 ], [ -73.0590402, -53.9496611 ], [ -73.0927222, -53.9599876 ] ] ], [ [ [ -73.1763438, -53.8301305 ], [ -73.3089869, -53.8599179 ], [ -73.2264241, -53.8540438 ], [ -73.2426965, -53.8644267 ], [ -73.1662126, -53.8389791 ], [ -73.2018736, -53.8578238 ], [ -73.1730371, -53.8723485 ], [ -73.2094778, -53.8711206 ], [ -73.1780215, -53.8844281 ], [ -73.2338513, -53.884046 ], [ -73.1890186, -53.8953504 ], [ -73.2197746, -53.9081253 ], [ -73.0960209, -53.8876689 ], [ -73.0828658, -53.905978 ], [ -73.0692474, -53.8545403 ], [ -73.099474, -53.8518521 ], [ -73.073379, -53.827238 ], [ -73.2490953, -53.8163301 ], [ -73.2310923, -53.8050546 ], [ -73.3075223, -53.822498 ], [ -73.1763438, -53.8301305 ] ] ], [ [ [ -73.1030994, -54.1591932 ], [ -73.0965794, -54.1818454 ], [ -73.0699439, -54.1420962 ], [ -73.1030994, -54.1591932 ] ] ], [ [ [ -73.0926252, -54.0550216 ], [ -73.0755411, -54.0582687 ], [ -73.0727147, -54.0449392 ], [ -73.0926252, -54.0550216 ] ] ], [ [ [ -73.1097444, -54.0420222 ], [ -73.1106891, -54.0548571 ], [ -73.0847122, -54.0395239 ], [ -73.1097444, -54.0420222 ] ] ], [ [ [ -73.1279182, -53.943361 ], [ -73.0943502, -53.9274956 ], [ -73.086877, -53.9153033 ], [ -73.0971542, -53.9118547 ], [ -73.1380605, -53.9186014 ], [ -73.1149847, -53.9169716 ], [ -73.1472246, -53.9367234 ], [ -73.108038, -53.9228143 ], [ -73.1279182, -53.943361 ] ] ], [ [ [ -73.1422049, -54.1186149 ], [ -73.1532556, -54.1577247 ], [ -73.1148018, -54.1674448 ], [ -73.1291321, -54.147053 ], [ -73.0897303, -54.1190403 ], [ -73.1422049, -54.1186149 ] ] ], [ [ [ -74.677641, -52.7399839 ], [ -74.7297134, -52.7310635 ], [ -74.707097, -52.7950847 ], [ -74.6264976, -52.7935302 ], [ -74.6568176, -52.8106102 ], [ -74.6166053, -52.8167709 ], [ -74.6847745, -52.8133981 ], [ -74.5830784, -52.8326597 ], [ -74.5780937, -52.8635825 ], [ -74.545078, -52.8654001 ], [ -74.6148133, -52.8686111 ], [ -74.586446, -52.8526939 ], [ -74.6364369, -52.8415079 ], [ -74.6489831, -52.8560731 ], [ -74.5679122, -52.8990776 ], [ -74.6057276, -52.9119541 ], [ -74.5860953, -52.947648 ], [ -74.5104301, -52.9536846 ], [ -74.5165292, -52.9121281 ], [ -74.4737283, -52.9143442 ], [ -74.5199002, -52.9695224 ], [ -74.4667943, -52.9817534 ], [ -74.4504572, -53.0110501 ], [ -74.4699598, -52.9623276 ], [ -74.4361591, -53.0048074 ], [ -74.3983266, -52.990814 ], [ -74.4196571, -53.0070338 ], [ -74.3819431, -53.036489 ], [ -74.407781, -53.0440346 ], [ -74.361319, -53.0600382 ], [ -74.3656317, -53.0823642 ], [ -74.3235718, -53.0265459 ], [ -74.2936776, -53.0529003 ], [ -74.3359151, -53.0903241 ], [ -74.3185681, -53.1275524 ], [ -74.2677488, -53.119576 ], [ -74.2664152, -53.0926398 ], [ -74.263745, -53.1249967 ], [ -74.2378035, -53.1235682 ], [ -74.2607542, -53.145083 ], [ -74.2287814, -53.1417609 ], [ -74.2140644, -53.0876536 ], [ -74.2458202, -53.0340229 ], [ -74.1893801, -53.1184232 ], [ -74.1525937, -53.1247699 ], [ -74.1493745, -53.1016146 ], [ -74.1235772, -53.1245418 ], [ -74.1383849, -53.0854105 ], [ -74.0732644, -53.1380767 ], [ -74.0477703, -53.1306929 ], [ -74.087948, -53.102479 ], [ -74.0318238, -53.1331623 ], [ -73.9832455, -53.1080628 ], [ -74.1073871, -53.0565636 ], [ -73.9679729, -53.106756 ], [ -73.8961559, -53.1047722 ], [ -73.8826574, -53.0625898 ], [ -73.7954855, -53.1740556 ], [ -73.789858, -53.1362618 ], [ -73.8259051, -53.1222166 ], [ -73.7905681, -53.1306055 ], [ -73.7942164, -53.1011267 ], [ -73.7708078, -53.1808178 ], [ -73.7174211, -53.17321 ], [ -73.7126345, -53.1448913 ], [ -73.659837, -53.2139261 ], [ -73.6184314, -53.2284213 ], [ -73.6222265, -53.1917754 ], [ -73.6097321, -53.2293719 ], [ -73.5656872, -53.2396176 ], [ -73.6076748, -53.2418708 ], [ -73.6015209, -53.2837788 ], [ -73.4623838, -53.3131137 ], [ -73.6100863, -53.2961971 ], [ -73.5836477, -53.3223204 ], [ -73.6100517, -53.3373696 ], [ -73.4372397, -53.3520535 ], [ -73.4179123, -53.3133775 ], [ -73.4044876, -53.313908 ], [ -73.3419119, -53.3547888 ], [ -73.302454, -53.3656895 ], [ -73.2684372, -53.349876 ], [ -73.22741, -53.3816609 ], [ -73.0938962, -53.3734051 ], [ -73.0943426, -53.348586 ], [ -73.2296186, -53.3342676 ], [ -73.1752709, -53.3114274 ], [ -73.2825507, -53.294928 ], [ -73.2874926, -53.2674813 ], [ -73.3798722, -53.2834426 ], [ -73.3584623, -53.275507 ], [ -73.4039756, -53.258859 ], [ -73.3404884, -53.2756472 ], [ -73.3167605, -53.2641467 ], [ -73.3450526, -53.2418541 ], [ -73.3121327, -53.2511147 ], [ -73.3144594, -53.2366469 ], [ -73.3716792, -53.2222581 ], [ -73.3438222, -53.2173291 ], [ -73.3678105, -53.2044136 ], [ -73.4376818, -53.2126993 ], [ -73.3685221, -53.1938787 ], [ -73.4523591, -53.1904497 ], [ -73.3916161, -53.1799687 ], [ -73.4779191, -53.1425833 ], [ -73.5151948, -53.1570871 ], [ -73.4845866, -53.1927299 ], [ -73.5066629, -53.2198947 ], [ -73.4571046, -53.2195736 ], [ -73.4847962, -53.2352491 ], [ -73.4281395, -53.2493003 ], [ -73.5073515, -53.2327477 ], [ -73.4855238, -53.2880029 ], [ -73.5069633, -53.2710736 ], [ -73.5318287, -53.2821904 ], [ -73.5126369, -53.2591318 ], [ -73.5849131, -53.1842697 ], [ -73.547793, -53.1925432 ], [ -73.5302383, -53.1651872 ], [ -73.5600738, -53.1101754 ], [ -73.6059073, -53.1337871 ], [ -73.5874061, -53.1150114 ], [ -73.6282959, -53.0970354 ], [ -73.6007958, -53.0807242 ], [ -73.6516147, -53.0865027 ], [ -73.6011583, -53.1481888 ], [ -73.635979, -53.1454537 ], [ -73.625588, -53.1839616 ], [ -73.7350239, -53.0716592 ], [ -73.8012707, -53.0696391 ], [ -73.8229382, -53.0418902 ], [ -73.7954554, -53.0848429 ], [ -73.8157229, -53.0929484 ], [ -73.8491347, -53.0299517 ], [ -73.8951316, -53.0172987 ], [ -73.9300361, -53.0401778 ], [ -73.905407, -53.0705685 ], [ -73.9954751, -53.0266322 ], [ -73.9310329, -53.0380944 ], [ -73.9691225, -53.010915 ], [ -73.9248618, -53.0196253 ], [ -73.9368001, -52.9988695 ], [ -74.0150438, -52.9817683 ], [ -74.0119691, -53.0083166 ], [ -74.0506395, -52.9977742 ], [ -74.0716152, -52.9801356 ], [ -74.0376412, -52.9758807 ], [ -74.1059765, -52.9668446 ], [ -74.1202886, -52.9421756 ], [ -74.1389792, -52.9644992 ], [ -74.0876938, -52.9872923 ], [ -74.1171186, -52.9847119 ], [ -74.0923769, -53.0052852 ], [ -74.1192702, -53.0008689 ], [ -74.11399, -53.0175798 ], [ -74.1684519, -53.0036795 ], [ -74.1768475, -52.9580387 ], [ -74.2048807, -52.9548224 ], [ -74.2009372, -52.9777714 ], [ -74.2194078, -52.9860972 ], [ -74.2435687, -52.9482562 ], [ -74.2510685, -52.9922723 ], [ -74.2555789, -52.9598389 ], [ -74.2994951, -52.954521 ], [ -74.3305958, -52.9282907 ], [ -74.3241191, -52.9814459 ], [ -74.3641546, -52.9382288 ], [ -74.3949983, -52.9512585 ], [ -74.4128253, -52.932418 ], [ -74.3645187, -52.9070275 ], [ -74.3692184, -52.8765571 ], [ -74.4108733, -52.901131 ], [ -74.4109469, -52.8729485 ], [ -74.4611794, -52.8864109 ], [ -74.4825578, -52.8674253 ], [ -74.4222887, -52.8442909 ], [ -74.5110309, -52.8553109 ], [ -74.4301472, -52.8293789 ], [ -74.5037086, -52.7980538 ], [ -74.5684425, -52.8134817 ], [ -74.5340001, -52.7969922 ], [ -74.5811777, -52.7712707 ], [ -74.5939825, -52.788915 ], [ -74.690228, -52.7174619 ], [ -74.677641, -52.7399839 ] ] ], [ [ [ -73.7606063, -53.1872229 ], [ -73.7025243, -53.1869775 ], [ -73.7172763, -53.1733438 ], [ -73.7606063, -53.1872229 ] ] ], [ [ [ -73.133609, -53.7123434 ], [ -73.118296, -53.7160696 ], [ -73.1254617, -53.7022879 ], [ -73.133609, -53.7123434 ] ] ], [ [ [ -73.15781, -53.9202574 ], [ -73.1323094, -53.9058778 ], [ -73.2037974, -53.9162559 ], [ -73.15781, -53.9202574 ] ] ], [ [ [ -73.1656985, -53.6875453 ], [ -73.1676255, -53.7053569 ], [ -73.2221616, -53.7477799 ], [ -73.1464378, -53.7332206 ], [ -73.1854411, -53.7303972 ], [ -73.1595083, -53.7187786 ], [ -73.1656985, -53.6875453 ] ] ], [ [ [ -73.1974541, -54.1361473 ], [ -73.1667274, -54.1325419 ], [ -73.16482, -54.1109998 ], [ -73.1863835, -54.1079422 ], [ -73.1974541, -54.1361473 ] ] ], [ [ [ -73.2424272, -53.7100637 ], [ -73.2291998, -53.6851176 ], [ -73.2825621, -53.7103265 ], [ -73.241173, -53.7145848 ], [ -73.19371, -53.6977387 ], [ -73.2147316, -53.7150039 ], [ -73.2876973, -53.7250272 ], [ -73.239059, -53.7301612 ], [ -73.1692722, -53.6876648 ], [ -73.2068692, -53.6818329 ], [ -73.2424272, -53.7100637 ] ] ], [ [ [ -73.2804009, -53.944263 ], [ -73.2304368, -53.9327312 ], [ -73.2563222, -53.9530811 ], [ -73.2131074, -53.9399079 ], [ -73.2451565, -53.9576451 ], [ -73.2252584, -53.9654158 ], [ -73.1805168, -53.9292915 ], [ -73.2410995, -53.9178381 ], [ -73.2804009, -53.944263 ] ] ], [ [ [ -73.386013, -53.9963834 ], [ -73.3962096, -54.0384312 ], [ -73.4222981, -54.0272989 ], [ -73.4775928, -54.0863188 ], [ -73.416064, -54.0757036 ], [ -73.4099204, -54.0926884 ], [ -73.3603609, -54.0685358 ], [ -73.3200606, -54.1098619 ], [ -73.3649202, -54.1373024 ], [ -73.284665, -54.1495052 ], [ -73.2839684, -54.0830259 ], [ -73.2122916, -54.1337541 ], [ -73.2259796, -54.1004561 ], [ -73.1949434, -54.1021813 ], [ -73.1876032, -54.0631362 ], [ -73.2361462, -54.1035065 ], [ -73.235974, -54.0497815 ], [ -73.2888204, -54.0326547 ], [ -73.2772304, -54.0784526 ], [ -73.315966, -54.0751615 ], [ -73.3138287, -54.0120589 ], [ -73.3660087, -54.0304942 ], [ -73.3442731, -54.0020698 ], [ -73.386013, -53.9963834 ] ] ], [ [ [ -73.2240864, -53.8585473 ], [ -73.2288751, -53.8765693 ], [ -73.1939839, -53.8510967 ], [ -73.2240864, -53.8585473 ] ] ], [ [ [ -73.2825739, -53.4426101 ], [ -73.236826, -53.4778645 ], [ -73.2248031, -53.4692201 ], [ -73.2825739, -53.4426101 ] ] ], [ [ [ -73.2706351, -53.3852566 ], [ -73.2923927, -53.3993186 ], [ -73.2455926, -53.4138656 ], [ -73.2306248, -53.387806 ], [ -73.3189666, -53.3690919 ], [ -73.2706351, -53.3852566 ] ] ], [ [ [ -73.2900757, -53.1270348 ], [ -73.3165042, -53.1390716 ], [ -73.2376128, -53.1480451 ], [ -73.2900757, -53.1270348 ] ] ], [ [ [ -73.3121361, -53.6611621 ], [ -73.2519069, -53.6622154 ], [ -73.2783656, -53.6413255 ], [ -73.3121361, -53.6611621 ] ] ], [ [ [ -73.2610425, -52.8033661 ], [ -73.2678366, -52.7853977 ], [ -73.2813597, -52.7896719 ], [ -73.2610425, -52.8033661 ] ] ], [ [ [ -73.29131, -53.9005988 ], [ -73.2655856, -53.8914724 ], [ -73.2700492, -53.879316 ], [ -73.29131, -53.9005988 ] ] ], [ [ [ -73.4639311, -53.6194659 ], [ -73.4228576, -53.6137011 ], [ -73.4857581, -53.63664 ], [ -73.4523335, -53.6470087 ], [ -73.3903032, -53.6201446 ], [ -73.3473487, -53.6355197 ], [ -73.3749138, -53.6047354 ], [ -73.3191867, -53.6422969 ], [ -73.2781926, -53.6377926 ], [ -73.4070877, -53.5889453 ], [ -73.4639311, -53.6194659 ] ] ], [ [ [ -73.2836729, -52.18609 ], [ -73.2795424, -52.1726143 ], [ -73.3189241, -52.174513 ], [ -73.2836729, -52.18609 ] ] ], [ [ [ -73.3455702, -53.874437 ], [ -73.2899228, -53.8815715 ], [ -73.2957643, -53.8963614 ], [ -73.2798919, -53.8805689 ], [ -73.3271752, -53.862692 ], [ -73.3455702, -53.874437 ] ] ], [ [ [ -73.3205912, -53.4609549 ], [ -73.2850814, -53.4701754 ], [ -73.2979168, -53.450456 ], [ -73.3205912, -53.4609549 ] ] ], [ [ [ -73.3184081, -54.1808293 ], [ -73.3013087, -54.1685251 ], [ -73.3283246, -54.1643606 ], [ -73.3184081, -54.1808293 ] ] ], [ [ [ -73.3832222, -53.3700434 ], [ -73.3471873, -53.3862855 ], [ -73.310274, -53.3816361 ], [ -73.3569059, -53.3615758 ], [ -73.3832222, -53.3700434 ] ] ], [ [ [ -73.3647077, -53.6459678 ], [ -73.3216668, -53.6596639 ], [ -73.3446655, -53.6362669 ], [ -73.3647077, -53.6459678 ] ] ], [ [ [ -73.320723, -52.7017408 ], [ -73.3705928, -52.7380961 ], [ -73.3297478, -52.7186699 ], [ -73.3602567, -52.7418852 ], [ -73.4123721, -52.7525735 ], [ -73.3184332, -52.7400861 ], [ -73.320723, -52.7017408 ] ] ], [ [ [ -73.3684409, -53.4268132 ], [ -73.3388797, -53.4613573 ], [ -73.3214978, -53.4419149 ], [ -73.3684409, -53.4268132 ] ] ], [ [ [ -73.428572, -52.7109285 ], [ -73.4271096, -52.7278722 ], [ -73.4021225, -52.7160356 ], [ -73.4163556, -52.7377124 ], [ -73.3855042, -52.7335589 ], [ -73.3271094, -52.6942586 ], [ -73.3948992, -52.6994429 ], [ -73.3385925, -52.679357 ], [ -73.3455428, -52.6625736 ], [ -73.428572, -52.7109285 ] ] ], [ [ [ -73.572122, -53.4148845 ], [ -73.6096418, -53.4212649 ], [ -73.5638251, -53.4517569 ], [ -73.4822294, -53.4544018 ], [ -73.5198542, -53.470885 ], [ -73.6626264, -53.4599989 ], [ -73.5403715, -53.4988903 ], [ -73.4577322, -53.5588753 ], [ -73.6056977, -53.5016592 ], [ -73.5920993, -53.5143817 ], [ -73.6989137, -53.4941457 ], [ -73.7857401, -53.4308127 ], [ -73.8191477, -53.4392426 ], [ -73.7611071, -53.4735401 ], [ -73.8031955, -53.4782907 ], [ -73.7547175, -53.5004955 ], [ -73.7056455, -53.4932165 ], [ -73.7492784, -53.5063897 ], [ -73.6613062, -53.5213907 ], [ -73.627396, -53.568661 ], [ -73.6420438, -53.5400061 ], [ -73.5440907, -53.5545851 ], [ -73.5196163, -53.5733198 ], [ -73.5208834, -53.5462345 ], [ -73.4770555, -53.5779082 ], [ -73.493212, -53.6096563 ], [ -73.4280643, -53.5977031 ], [ -73.421555, -53.5725125 ], [ -73.3455757, -53.5962143 ], [ -73.358297, -53.5807638 ], [ -73.3282488, -53.580854 ], [ -73.4044299, -53.5584363 ], [ -73.3590189, -53.5446144 ], [ -73.4421605, -53.471996 ], [ -73.4582044, -53.5085304 ], [ -73.5099938, -53.5048846 ], [ -73.369621, -53.4180668 ], [ -73.4514237, -53.3917411 ], [ -73.5141955, -53.4031182 ], [ -73.477747, -53.429275 ], [ -73.5931945, -53.390193 ], [ -73.572122, -53.4148845 ] ] ], [ [ [ -73.6273281, -52.8505451 ], [ -73.5648943, -52.8888071 ], [ -73.6464042, -52.8587385 ], [ -73.6902648, -52.8623119 ], [ -73.6462078, -52.8810929 ], [ -73.7302901, -52.8657336 ], [ -73.7554831, -52.8804768 ], [ -73.7288074, -52.9144694 ], [ -73.7709505, -52.8995217 ], [ -73.7996207, -52.9248456 ], [ -73.7193538, -52.9226388 ], [ -73.7062873, -52.905499 ], [ -73.6519374, -52.9202005 ], [ -73.6110432, -52.89101 ], [ -73.5540036, -52.9107759 ], [ -73.5384726, -52.8945826 ], [ -73.4120096, -52.9328376 ], [ -73.4711584, -52.9225951 ], [ -73.4970135, -52.9452604 ], [ -73.410717, -52.9726756 ], [ -73.3610768, -52.965428 ], [ -73.3778774, -52.951919 ], [ -73.336344, -52.9374099 ], [ -73.3731358, -52.9123939 ], [ -73.3295356, -52.9268155 ], [ -73.4058742, -52.8805999 ], [ -73.4245708, -52.8921213 ], [ -73.551934, -52.8622652 ], [ -73.6033677, -52.8325748 ], [ -73.6273281, -52.8505451 ] ] ], [ [ [ -73.4024882, -53.6603907 ], [ -73.3561186, -53.6701842 ], [ -73.378504, -53.6443912 ], [ -73.4024882, -53.6603907 ] ] ], [ [ [ -73.4074609, -53.7779997 ], [ -73.3562821, -53.7808194 ], [ -73.3943032, -53.768532 ], [ -73.4074609, -53.7779997 ] ] ], [ [ [ -73.4103555, -53.3391713 ], [ -73.3843607, -53.3408234 ], [ -73.4101562, -53.325632 ], [ -73.4103555, -53.3391713 ] ] ], [ [ [ -73.4160332, -53.3557658 ], [ -73.3959906, -53.3458178 ], [ -73.4139526, -53.3419651 ], [ -73.4160332, -53.3557658 ] ] ], [ [ [ -73.4182461, -52.8152782 ], [ -73.3976285, -52.7974737 ], [ -73.4623151, -52.7747695 ], [ -73.4182461, -52.8152782 ] ] ], [ [ [ -73.5119041, -53.6978077 ], [ -73.4932773, -53.728336 ], [ -73.4232371, -53.688833 ], [ -73.4813163, -53.7049582 ], [ -73.5119041, -53.6978077 ] ] ], [ [ [ -73.5155227, -52.7832924 ], [ -73.4511115, -52.7971948 ], [ -73.4847318, -52.7737334 ], [ -73.5155227, -52.7832924 ] ] ], [ [ [ -73.4868232, -52.7276736 ], [ -73.4642511, -52.7233727 ], [ -73.4735259, -52.7123355 ], [ -73.4868232, -52.7276736 ] ] ], [ [ [ -73.5189621, -53.7408008 ], [ -73.4854629, -53.7502005 ], [ -73.4786287, -53.7348583 ], [ -73.5189621, -53.7408008 ] ] ], [ [ [ -73.582609, -52.9535454 ], [ -73.5557539, -52.967438 ], [ -73.5921472, -52.9955847 ], [ -73.5355194, -52.9608724 ], [ -73.4799991, -52.9710188 ], [ -73.5405999, -52.9328582 ], [ -73.582609, -52.9535454 ] ] ], [ [ [ -73.5165345, -53.1501972 ], [ -73.4861257, -53.1319242 ], [ -73.517257, -53.1179633 ], [ -73.5165345, -53.1501972 ] ] ], [ [ [ -73.5526145, -53.6135557 ], [ -73.5481125, -53.6232118 ], [ -73.5849352, -53.6476497 ], [ -73.4972459, -53.6213438 ], [ -73.5489114, -53.6140766 ], [ -73.5310778, -53.6020924 ], [ -73.5526145, -53.6135557 ] ] ], [ [ [ -73.5409587, -53.5895517 ], [ -73.5091673, -53.6012033 ], [ -73.5027006, -53.5874811 ], [ -73.5184947, -53.5771039 ], [ -73.5409587, -53.5895517 ] ] ], [ [ [ -73.5379612, -53.7647453 ], [ -73.5108898, -53.7605467 ], [ -73.5176015, -53.7498653 ], [ -73.5379612, -53.7647453 ] ] ], [ [ [ -73.5380594, -53.7531572 ], [ -73.5289075, -53.7406559 ], [ -73.5723247, -53.7596717 ], [ -73.5380594, -53.7531572 ] ] ], [ [ [ -73.5827937, -53.5611987 ], [ -73.5762022, -53.5845176 ], [ -73.5495539, -53.590899 ], [ -73.5409401, -53.5643789 ], [ -73.5827937, -53.5611987 ] ] ], [ [ [ -73.6009626, -52.46454 ], [ -73.5969701, -52.4845475 ], [ -73.5679438, -52.4794137 ], [ -73.6009626, -52.46454 ] ] ], [ [ [ -73.5979684, -52.5156653 ], [ -73.5969922, -52.5510709 ], [ -73.5722046, -52.5490011 ], [ -73.5979684, -52.5156653 ] ] ], [ [ [ -73.6430189, -52.7305437 ], [ -73.6007142, -52.7825342 ], [ -73.5954088, -52.7552437 ], [ -73.576036, -52.762812 ], [ -73.6430189, -52.7305437 ] ] ], [ [ [ -73.7003296, -53.3670211 ], [ -73.6152964, -53.4014659 ], [ -73.5885526, -53.3811261 ], [ -73.6221402, -53.3659126 ], [ -73.6353399, -53.3898574 ], [ -73.7003296, -53.3670211 ] ] ], [ [ [ -73.6250841, -51.7619591 ], [ -73.6429102, -51.8009758 ], [ -73.5931971, -51.7869625 ], [ -73.6250841, -51.7619591 ] ] ], [ [ [ -73.6179532, -53.6464174 ], [ -73.5954996, -53.6346992 ], [ -73.6523747, -53.6335103 ], [ -73.6179532, -53.6464174 ] ] ], [ [ [ -73.6395397, -52.2995234 ], [ -73.6087683, -52.3364261 ], [ -73.6425989, -52.285039 ], [ -73.6395397, -52.2995234 ] ] ], [ [ [ -73.6710757, -53.2468489 ], [ -73.640949, -53.2400322 ], [ -73.6725479, -53.2237976 ], [ -73.6710757, -53.2468489 ] ] ], [ [ [ -73.6439792, -53.6562481 ], [ -73.6652608, -53.681731 ], [ -73.6179577, -53.6521773 ], [ -73.6439792, -53.6562481 ] ] ], [ [ [ -73.6438869, -52.6825441 ], [ -73.6213128, -52.6707982 ], [ -73.6584784, -52.6690175 ], [ -73.6438869, -52.6825441 ] ] ], [ [ [ -73.6861383, -53.3963671 ], [ -73.6264143, -53.4278438 ], [ -73.6223017, -53.4026729 ], [ -73.6861383, -53.3963671 ] ] ], [ [ [ -73.6511771, -52.5284259 ], [ -73.6225125, -52.5293117 ], [ -73.6402418, -52.5210807 ], [ -73.6511771, -52.5284259 ] ] ], [ [ [ -73.6745951, -52.552698 ], [ -73.6601535, -52.5835759 ], [ -73.6333236, -52.5682795 ], [ -73.6745951, -52.552698 ] ] ], [ [ [ -74.5054996, -51.7077503 ], [ -74.4135367, -51.7720127 ], [ -74.4700878, -51.7601299 ], [ -74.4252193, -51.8126297 ], [ -74.4011943, -51.8188896 ], [ -74.3963096, -51.7956848 ], [ -74.3683268, -51.8149414 ], [ -74.4117915, -51.8443718 ], [ -74.3528372, -51.8733501 ], [ -74.3650042, -51.8927574 ], [ -74.3186671, -51.9093799 ], [ -74.2712198, -51.8929729 ], [ -74.2930533, -51.9192982 ], [ -74.224669, -51.9142818 ], [ -74.2552686, -51.9376907 ], [ -74.2106271, -51.9564075 ], [ -74.1604066, -51.9417686 ], [ -74.1658425, -51.9612827 ], [ -74.1142564, -51.9823456 ], [ -74.0964417, -51.961525 ], [ -74.0814099, -51.9966011 ], [ -73.9467787, -52.0502054 ], [ -74.083673, -52.0063122 ], [ -74.0889453, -52.0287714 ], [ -73.8755854, -52.1040877 ], [ -73.8261634, -52.0596799 ], [ -73.8504159, -52.0461579 ], [ -73.8323176, -52.0320218 ], [ -73.8123366, -52.0614748 ], [ -73.8205652, -52.0940197 ], [ -73.8582004, -52.093122 ], [ -73.8660499, -52.1218249 ], [ -73.6410281, -52.2242452 ], [ -73.6723768, -52.1668841 ], [ -73.701304, -52.1806513 ], [ -73.6896711, -52.1436018 ], [ -73.7500585, -52.0727757 ], [ -73.8587707, -51.9912949 ], [ -73.9576401, -51.940197 ], [ -73.9364761, -51.974432 ], [ -73.9608368, -51.9548359 ], [ -73.9937099, -51.9983921 ], [ -73.9680885, -51.9555569 ], [ -74.0367798, -51.9017544 ], [ -74.093863, -51.9197903 ], [ -74.0968899, -51.9611111 ], [ -74.0991864, -51.9214268 ], [ -74.0541195, -51.8838806 ], [ -74.0889744, -51.8748817 ], [ -74.1162839, -51.8995495 ], [ -74.1292939, -51.8838768 ], [ -74.1380639, -51.9069595 ], [ -74.1895299, -51.8973389 ], [ -74.1392446, -51.8841972 ], [ -74.1420064, -51.849411 ], [ -74.1745649, -51.8354473 ], [ -74.1934362, -51.8524322 ], [ -74.1931005, -51.8274822 ], [ -74.2353063, -51.8138332 ], [ -74.2829348, -51.8125419 ], [ -74.2792746, -51.8418484 ], [ -74.3072573, -51.8325939 ], [ -74.2715021, -51.7793331 ], [ -74.3262354, -51.7900715 ], [ -74.2860552, -51.7640915 ], [ -74.3719489, -51.7839088 ], [ -74.3318907, -51.7564888 ], [ -74.5054996, -51.7077503 ] ] ], [ [ [ -73.9923335, -52.6448137 ], [ -73.9040862, -52.5763787 ], [ -73.9001125, -52.5950563 ], [ -73.8415639, -52.5745818 ], [ -73.964051, -52.6811268 ], [ -73.8162861, -52.5999167 ], [ -73.9428467, -52.7315661 ], [ -73.9046205, -52.7525463 ], [ -73.8365853, -52.7281775 ], [ -73.8650688, -52.7071577 ], [ -73.8256519, -52.7244849 ], [ -73.7704809, -52.7055222 ], [ -73.7547435, -52.6858914 ], [ -73.810016, -52.701127 ], [ -73.7620276, -52.6761613 ], [ -73.7683883, -52.6383731 ], [ -73.7562612, -52.6718215 ], [ -73.728299, -52.658738 ], [ -73.701199, -52.5913741 ], [ -73.781121, -52.592635 ], [ -73.7517413, -52.5820887 ], [ -73.8041839, -52.5474429 ], [ -73.6939617, -52.5849449 ], [ -73.7414928, -52.5346578 ], [ -73.7161381, -52.5510206 ], [ -73.6915094, -52.528528 ], [ -73.725684, -52.5053654 ], [ -73.6927391, -52.5143587 ], [ -73.6483666, -52.4927291 ], [ -73.684124, -52.4428177 ], [ -73.7397174, -52.421979 ], [ -73.7870462, -52.4334841 ], [ -73.7645239, -52.457382 ], [ -73.8279876, -52.4416627 ], [ -73.8127429, -52.4669933 ], [ -73.8747431, -52.507115 ], [ -73.8404005, -52.530258 ], [ -73.8832886, -52.5509375 ], [ -73.8689862, -52.5176758 ], [ -73.9283472, -52.5315388 ], [ -73.868101, -52.4781443 ], [ -73.9991083, -52.5335496 ], [ -73.9817037, -52.5558324 ], [ -73.951948, -52.5469396 ], [ -73.9621777, -52.5624349 ], [ -73.9999184, -52.5597367 ], [ -73.983622, -52.5805682 ], [ -74.0368459, -52.5932782 ], [ -74.0252877, -52.6149628 ], [ -74.0720198, -52.6421247 ], [ -74.0376459, -52.6302373 ], [ -73.9948862, -52.6487103 ], [ -74.0089204, -52.636251 ], [ -73.9923335, -52.6448137 ] ], [ [ -73.9902904, -52.6041599 ], [ -73.9774042, -52.5993406 ], [ -73.9711775, -52.6259804 ], [ -73.9902904, -52.6041599 ] ], [ [ -73.9143024, -52.5572316 ], [ -73.8966428, -52.5448772 ], [ -73.9026267, -52.570202 ], [ -73.9143024, -52.5572316 ] ] ], [ [ [ -73.8129363, -53.5228216 ], [ -73.7879529, -53.5367694 ], [ -73.8394969, -53.5392584 ], [ -73.8082091, -53.5534142 ], [ -73.8608673, -53.5374481 ], [ -73.8982051, -53.5557783 ], [ -73.8151182, -53.5668138 ], [ -73.8449808, -53.6097163 ], [ -73.7832747, -53.5991876 ], [ -73.787642, -53.553394 ], [ -73.7735251, -53.5473824 ], [ -73.7041, -53.5980911 ], [ -73.677545, -53.5837593 ], [ -73.6821619, -53.6097959 ], [ -73.6519064, -53.5921523 ], [ -73.6905162, -53.5734344 ], [ -73.6561402, -53.5634814 ], [ -73.743716, -53.5197793 ], [ -73.8129363, -53.5228216 ] ] ], [ [ [ -73.7454022, -52.2083143 ], [ -73.7192583, -52.2485844 ], [ -73.7637656, -52.2332805 ], [ -73.7691051, -52.2487018 ], [ -73.688259, -52.279257 ], [ -73.6765536, -52.2525442 ], [ -73.7454022, -52.2083143 ] ] ], [ [ [ -73.7471172, -53.5968076 ], [ -73.7279128, -53.627485 ], [ -73.6831266, -53.6170473 ], [ -73.7193731, -53.5923766 ], [ -73.7471172, -53.5968076 ] ] ], [ [ [ -73.7770198, -51.8950291 ], [ -73.7960647, -51.9153633 ], [ -73.8298782, -51.9136906 ], [ -73.8048747, -51.9320602 ], [ -73.8618873, -51.9477672 ], [ -73.7436817, -52.024219 ], [ -73.6887038, -51.9756603 ], [ -73.7903579, -51.9145222 ], [ -73.7770198, -51.8950291 ] ] ], [ [ [ -73.7176526, -53.6990163 ], [ -73.6950002, -53.6954322 ], [ -73.6970805, -53.6843197 ], [ -73.7176526, -53.6990163 ] ] ], [ [ [ -73.7428939, -53.4105478 ], [ -73.7436151, -53.433775 ], [ -73.6994102, -53.4417002 ], [ -73.7428939, -53.4105478 ] ] ], [ [ [ -73.8009418, -51.8493595 ], [ -73.7075579, -51.9470596 ], [ -73.7004435, -51.8873215 ], [ -73.7588866, -51.8257656 ], [ -73.8009418, -51.8493595 ] ] ], [ [ [ -73.7351769, -52.3072747 ], [ -73.7116279, -52.3270867 ], [ -73.7176875, -52.2974142 ], [ -73.7351769, -52.3072747 ] ] ], [ [ [ -74.0729001, -52.167274 ], [ -74.0366439, -52.2199012 ], [ -73.9841884, -52.2234505 ], [ -73.982994, -52.2379424 ], [ -74.0213286, -52.226591 ], [ -73.9839031, -52.2725021 ], [ -73.7597812, -52.3619914 ], [ -73.8471366, -52.3569691 ], [ -73.870166, -52.3766923 ], [ -73.8477644, -52.3832285 ], [ -73.882127, -52.3831499 ], [ -73.8559262, -52.4049005 ], [ -73.7211705, -52.4227503 ], [ -73.7328642, -52.338589 ], [ -73.7598888, -52.3212146 ], [ -73.7812606, -52.3435055 ], [ -73.7515677, -52.2736984 ], [ -73.8933309, -52.1957848 ], [ -74.0011086, -52.1758675 ], [ -74.0095741, -52.1355252 ], [ -74.0729001, -52.167274 ] ] ], [ [ [ -73.8824752, -51.2765446 ], [ -73.870663, -51.328331 ], [ -73.7988132, -51.3065681 ], [ -73.872187, -51.3351116 ], [ -73.8695644, -51.3530903 ], [ -73.8340724, -51.3406067 ], [ -73.8617175, -51.3610439 ], [ -73.7307856, -51.3778 ], [ -73.7517703, -51.2699413 ], [ -73.8022181, -51.2450956 ], [ -73.8824752, -51.2765446 ] ] ], [ [ [ -73.7464698, -51.4208622 ], [ -73.7418978, -51.3948612 ], [ -73.7810634, -51.3883972 ], [ -73.7464698, -51.4208622 ] ] ], [ [ [ -73.9423507, -51.6509533 ], [ -73.8845962, -51.7344971 ], [ -73.8738025, -51.7160816 ], [ -73.8685039, -51.7651806 ], [ -73.7931598, -51.814064 ], [ -73.7910178, -51.7800045 ], [ -73.7518885, -51.7848606 ], [ -73.7468913, -51.765646 ], [ -73.7877982, -51.715477 ], [ -73.8547462, -51.7547874 ], [ -73.8336261, -51.6854954 ], [ -73.8745635, -51.6929302 ], [ -73.8891452, -51.6541881 ], [ -73.9423507, -51.6509533 ] ] ], [ [ [ -73.9327229, -53.1096634 ], [ -73.9707543, -53.1358436 ], [ -73.9117196, -53.1823435 ], [ -73.8776975, -53.179468 ], [ -73.9025321, -53.142734 ], [ -73.8411304, -53.2197151 ], [ -73.7727005, -53.2439966 ], [ -73.7819129, -53.2178233 ], [ -73.7541707, -53.2227123 ], [ -73.796805, -53.2097401 ], [ -73.7701336, -53.2118972 ], [ -73.8443217, -53.1265658 ], [ -73.9327229, -53.1096634 ] ] ], [ [ [ -73.869567, -53.4780358 ], [ -73.8404184, -53.5153696 ], [ -73.7712149, -53.5127254 ], [ -73.8358348, -53.4716037 ], [ -73.869567, -53.4780358 ] ] ], [ [ [ -73.8373848, -52.8972598 ], [ -73.7882107, -52.9083386 ], [ -73.8051057, -52.8964652 ], [ -73.7757083, -52.8875128 ], [ -73.8373848, -52.8972598 ] ] ], [ [ [ -73.8830533, -53.3411926 ], [ -73.8324874, -53.3756842 ], [ -73.7874523, -53.3722552 ], [ -73.828377, -53.3357241 ], [ -73.8830533, -53.3411926 ] ] ], [ [ [ -73.7974299, -52.1924862 ], [ -73.7862798, -52.2033412 ], [ -73.7804781, -52.1915253 ], [ -73.7974299, -52.1924862 ] ] ], [ [ [ -73.9032711, -51.7847385 ], [ -73.9392627, -51.8187103 ], [ -73.9848083, -51.8221416 ], [ -73.9200443, -51.8620148 ], [ -73.9571251, -51.8915081 ], [ -73.8564857, -51.8835907 ], [ -73.8599094, -51.9088859 ], [ -73.8257526, -51.9189396 ], [ -73.8454898, -51.9099102 ], [ -73.7869456, -51.8736648 ], [ -73.9032711, -51.7847385 ] ] ], [ [ [ -73.9272807, -52.1720147 ], [ -73.8416692, -52.1991553 ], [ -73.7947281, -52.2340435 ], [ -73.8117277, -52.1794957 ], [ -73.8815819, -52.1454828 ], [ -73.9291232, -52.1465341 ], [ -73.9272807, -52.1720147 ] ] ], [ [ [ -73.9058523, -53.4242427 ], [ -73.8419681, -53.4487946 ], [ -73.8122816, -53.4093479 ], [ -73.8761562, -53.4051051 ], [ -73.9058523, -53.4242427 ] ] ], [ [ [ -73.8545039, -51.6591606 ], [ -73.8216632, -51.6479416 ], [ -73.8744758, -51.63941 ], [ -73.8545039, -51.6591606 ] ] ], [ [ [ -73.8760371, -52.4729351 ], [ -73.8489766, -52.4775292 ], [ -73.8350002, -52.4572769 ], [ -73.8760371, -52.4729351 ] ] ], [ [ [ -73.9831857, -52.470073 ], [ -73.9176854, -52.4852865 ], [ -73.8440234, -52.4295213 ], [ -73.8850698, -52.4048277 ], [ -73.9831857, -52.470073 ] ] ], [ [ [ -73.8845734, -53.0996502 ], [ -73.8562397, -53.116999 ], [ -73.8689488, -53.0922008 ], [ -73.8845734, -53.0996502 ] ] ], [ [ [ -73.881492, -53.1912869 ], [ -73.859113, -53.2036601 ], [ -73.8697476, -53.1848563 ], [ -73.881492, -53.1912869 ] ] ], [ [ [ -73.8832935, -51.5551624 ], [ -73.8753456, -51.5776615 ], [ -73.8683208, -51.5486393 ], [ -73.8832935, -51.5551624 ] ] ], [ [ [ -73.9015396, -53.234239 ], [ -73.8832995, -53.2268037 ], [ -73.907626, -53.2191364 ], [ -73.9015396, -53.234239 ] ] ], [ [ [ -73.9231872, -53.214563 ], [ -73.8972611, -53.2168205 ], [ -73.9554937, -53.1835556 ], [ -73.9231872, -53.214563 ] ] ], [ [ [ -74.2239567, -52.2019007 ], [ -74.1373683, -52.2134729 ], [ -74.1530909, -52.227063 ], [ -74.1219038, -52.2298074 ], [ -74.0534503, -52.2968846 ], [ -73.9050618, -52.3644085 ], [ -73.9004468, -52.3396554 ], [ -74.0265445, -52.2438142 ], [ -74.1706942, -52.19436 ], [ -74.2239567, -52.2019007 ] ] ], [ [ [ -74.0567974, -51.5530662 ], [ -74.1191621, -51.5493431 ], [ -74.0382466, -51.6014995 ], [ -74.0889477, -51.5952492 ], [ -74.0619893, -51.6105175 ], [ -74.0794816, -51.6192436 ], [ -74.1008057, -51.5934353 ], [ -74.1497579, -51.5928554 ], [ -74.0915589, -51.6269436 ], [ -74.1510377, -51.6137943 ], [ -74.1012292, -51.6479549 ], [ -74.133532, -51.6666851 ], [ -74.0840134, -51.6821079 ], [ -74.1525769, -51.6685696 ], [ -74.1703305, -51.6478882 ], [ -74.1647286, -51.6694202 ], [ -74.1978307, -51.6614551 ], [ -74.1576142, -51.6971035 ], [ -74.2268663, -51.6751289 ], [ -74.2414346, -51.6889534 ], [ -74.1907811, -51.7290325 ], [ -74.2472635, -51.7205696 ], [ -74.1945482, -51.7456531 ], [ -74.136992, -51.7346611 ], [ -74.1554875, -51.748661 ], [ -74.084084, -51.7863388 ], [ -74.0485806, -51.7708759 ], [ -74.0680794, -51.7904034 ], [ -73.9874825, -51.7902374 ], [ -73.9512771, -51.813015 ], [ -73.9074157, -51.7744541 ], [ -73.9253391, -51.7377396 ], [ -73.9572605, -51.7157917 ], [ -73.9535583, -51.7321091 ], [ -74.0053658, -51.7276268 ], [ -74.0154194, -51.7084923 ], [ -74.0572571, -51.7259502 ], [ -74.02039, -51.7045917 ], [ -73.9721493, -51.7013416 ], [ -74.0060944, -51.6951733 ], [ -73.9828857, -51.6821251 ], [ -74.0273689, -51.5779133 ], [ -74.0862603, -51.5530624 ], [ -74.031937, -51.5674438 ], [ -74.0543675, -51.5280456 ], [ -74.0567974, -51.5530662 ] ] ], [ [ [ -73.9348072, -51.3839474 ], [ -73.910498, -51.3666954 ], [ -73.9555038, -51.3931332 ], [ -73.9348072, -51.3839474 ] ] ], [ [ [ -73.9384521, -51.5690822 ], [ -73.9213451, -51.5761833 ], [ -73.9300598, -51.5584087 ], [ -73.9384521, -51.5690822 ] ] ], [ [ [ -74.0358521, -52.0648634 ], [ -73.9756124, -52.1267357 ], [ -73.9219505, -52.0998123 ], [ -74.0358521, -52.0648634 ] ] ], [ [ [ -73.9459179, -53.1832488 ], [ -73.9225606, -53.188537 ], [ -73.9463028, -53.1701791 ], [ -73.9459179, -53.1832488 ] ] ], [ [ [ -74.098679, -51.2317945 ], [ -74.1062722, -51.2859039 ], [ -74.0952649, -51.3179664 ], [ -74.0686554, -51.3098621 ], [ -74.0892815, -51.3285618 ], [ -74.0546402, -51.3810367 ], [ -73.9915451, -51.3712025 ], [ -73.9709286, -51.3098583 ], [ -73.9640011, -51.3420029 ], [ -73.9238208, -51.3359489 ], [ -73.9547791, -51.2304708 ], [ -74.098679, -51.2317945 ] ] ], [ [ [ -73.9278778, -51.4690475 ], [ -73.9730629, -51.483427 ], [ -73.9748138, -51.5019073 ], [ -73.9400829, -51.4940624 ], [ -73.9354938, -51.5107593 ], [ -73.9278778, -51.4690475 ] ] ], [ [ [ -73.9588035, -51.590971 ], [ -73.9470848, -51.6096058 ], [ -73.9317669, -51.5800495 ], [ -73.9588035, -51.590971 ] ] ], [ [ [ -73.9641003, -51.5701332 ], [ -73.9423641, -51.5562687 ], [ -73.9569858, -51.5374699 ], [ -73.9641003, -51.5701332 ] ] ], [ [ [ -74.0740715, -53.1601523 ], [ -74.051547, -53.1921844 ], [ -74.0209746, -53.1955666 ], [ -74.0289946, -53.170129 ], [ -73.9945426, -53.2028101 ], [ -73.9459935, -53.1629982 ], [ -73.9847192, -53.1354376 ], [ -74.0740715, -53.1601523 ] ] ], [ [ [ -74.1690951, -52.2269454 ], [ -74.2116158, -52.262832 ], [ -74.1682303, -52.2806902 ], [ -74.2056944, -52.2880467 ], [ -74.1662034, -52.2846501 ], [ -74.1925491, -52.2942093 ], [ -74.1732484, -52.3068982 ], [ -74.130445, -52.2975727 ], [ -74.2243867, -52.3317658 ], [ -74.2381013, -52.3597625 ], [ -74.1274519, -52.3329785 ], [ -74.1796773, -52.36873 ], [ -74.1597433, -52.3723696 ], [ -74.1790002, -52.4110751 ], [ -74.12924, -52.3848831 ], [ -74.1595178, -52.4129593 ], [ -74.1224732, -52.4196453 ], [ -74.1148938, -52.4002051 ], [ -74.1020629, -52.4224223 ], [ -74.0045504, -52.3908564 ], [ -74.0297031, -52.3680779 ], [ -73.9753631, -52.3916083 ], [ -74.030999, -52.3328207 ], [ -73.9758335, -52.3821873 ], [ -73.9481897, -52.3631169 ], [ -73.9736276, -52.3361372 ], [ -74.0708097, -52.2945624 ], [ -74.1690951, -52.2269454 ] ], [ [ -74.1269462, -52.3204086 ], [ -74.0982773, -52.3268031 ], [ -74.1355282, -52.3268404 ], [ -74.1269462, -52.3204086 ] ] ], [ [ [ -73.9706043, -51.8533268 ], [ -73.9506, -51.8524494 ], [ -73.9748081, -51.834734 ], [ -73.9706043, -51.8533268 ] ] ], [ [ [ -73.9703091, -51.1979507 ], [ -73.9639739, -51.2071808 ], [ -73.9531254, -51.1876 ], [ -73.9703091, -51.1979507 ] ] ], [ [ [ -74.0081536, -52.4625613 ], [ -73.976761, -52.4555968 ], [ -73.9649868, -52.4307686 ], [ -74.0081536, -52.4625613 ] ] ], [ [ [ -74.0829907, -52.4431746 ], [ -74.037711, -52.4508242 ], [ -73.9673107, -52.4249385 ], [ -73.986733, -52.4170466 ], [ -74.0829907, -52.4431746 ] ] ], [ [ [ -73.9879574, -51.4459286 ], [ -73.9714493, -51.4529877 ], [ -73.979752, -51.4332199 ], [ -73.9879574, -51.4459286 ] ] ], [ [ [ -74.0221848, -51.8183765 ], [ -73.9961838, -51.8099308 ], [ -74.0592541, -51.7987862 ], [ -74.0221848, -51.8183765 ] ] ], [ [ [ -74.1552625, -51.7642097 ], [ -74.0546288, -51.8405552 ], [ -74.0151734, -51.8260422 ], [ -74.1552625, -51.7642097 ] ] ], [ [ [ -74.2365065, -52.1005899 ], [ -74.1125611, -52.1352612 ], [ -74.1399063, -52.1528908 ], [ -74.1101771, -52.1734778 ], [ -74.0246403, -52.1323105 ], [ -74.106462, -52.0854446 ], [ -74.1970639, -52.0954268 ], [ -74.2117357, -52.0803691 ], [ -74.2365065, -52.1005899 ] ] ], [ [ [ -74.3381065, -52.1199329 ], [ -74.3248918, -52.1400172 ], [ -74.4229267, -52.1435542 ], [ -74.3845168, -52.1454861 ], [ -74.3560404, -52.1752111 ], [ -74.2502829, -52.199583 ], [ -74.1959743, -52.1900634 ], [ -74.2216949, -52.1774396 ], [ -74.0365444, -52.2354635 ], [ -74.1824488, -52.1295931 ], [ -74.2788394, -52.0928512 ], [ -74.3381065, -52.1199329 ] ], [ [ -74.2240604, -52.1522989 ], [ -74.2919847, -52.1800396 ], [ -74.2673308, -52.1628568 ], [ -74.3000698, -52.1485694 ], [ -74.2240604, -52.1522989 ] ] ], [ [ [ -74.0488077, -52.5512548 ], [ -74.0428757, -52.5369414 ], [ -74.0569838, -52.5280866 ], [ -74.0488077, -52.5512548 ] ] ], [ [ [ -74.1134494, -52.5701756 ], [ -74.1924015, -52.5992801 ], [ -74.1083778, -52.6191033 ], [ -74.046632, -52.5840074 ], [ -74.1134494, -52.5701756 ] ] ], [ [ [ -74.281753, -53.3256352 ], [ -74.199903, -53.3547584 ], [ -74.1372346, -53.3403122 ], [ -74.1329913, -53.3231997 ], [ -74.1020105, -53.3298563 ], [ -74.1145203, -53.2876755 ], [ -74.0724523, -53.2908234 ], [ -74.0555627, -53.2695074 ], [ -74.0973659, -53.2532166 ], [ -74.281753, -53.3256352 ] ] ], [ [ [ -74.1019522, -52.4629757 ], [ -74.0869589, -52.4714853 ], [ -74.0726727, -52.4584271 ], [ -74.1019522, -52.4629757 ] ] ], [ [ [ -74.0971756, -52.0658575 ], [ -74.0741848, -52.0597377 ], [ -74.0931823, -52.0494774 ], [ -74.0971756, -52.0658575 ] ] ], [ [ [ -74.1365993, -50.8443537 ], [ -74.075006, -50.854048 ], [ -74.1366651, -50.7802053 ], [ -74.1365993, -50.8443537 ] ] ], [ [ [ -74.1399519, -52.6793848 ], [ -74.1155124, -52.6832505 ], [ -74.1572457, -52.7086685 ], [ -74.0752596, -52.6978806 ], [ -74.1238884, -52.6539866 ], [ -74.1399519, -52.6793848 ] ] ], [ [ [ -74.2572408, -51.3051853 ], [ -74.251658, -51.3670482 ], [ -74.2179265, -51.387661 ], [ -74.1497292, -51.3725471 ], [ -74.2361303, -51.4114094 ], [ -74.1951566, -51.411129 ], [ -74.1812616, -51.4416695 ], [ -74.1402078, -51.401514 ], [ -74.1089844, -51.4546165 ], [ -74.0768647, -51.4425087 ], [ -74.1250882, -51.3655014 ], [ -74.1230511, -51.3852634 ], [ -74.1624227, -51.3588543 ], [ -74.173367, -51.3769207 ], [ -74.2091774, -51.3612115 ], [ -74.1783204, -51.3440666 ], [ -74.1120152, -51.3615761 ], [ -74.1358971, -51.3148289 ], [ -74.2111822, -51.2878704 ], [ -74.2572408, -51.3051853 ] ] ], [ [ [ -74.1302514, -52.0010984 ], [ -74.1027423, -52.0203425 ], [ -74.1216626, -51.9932842 ], [ -74.1302514, -52.0010984 ] ] ], [ [ [ -74.1355085, -52.0489368 ], [ -74.1166753, -52.057909 ], [ -74.1205598, -52.0415742 ], [ -74.1355085, -52.0489368 ] ] ], [ [ [ -74.1501641, -51.6439857 ], [ -74.122065, -51.6436481 ], [ -74.1590257, -51.6309662 ], [ -74.1501641, -51.6439857 ] ] ], [ [ [ -74.1924817, -52.6465423 ], [ -74.1648171, -52.649333 ], [ -74.1759729, -52.6698121 ], [ -74.1330142, -52.6590411 ], [ -74.1433527, -52.6466064 ], [ -74.1924817, -52.6465423 ] ] ], [ [ [ -74.1572671, -51.9837208 ], [ -74.1502633, -51.993845 ], [ -74.1339993, -51.9834633 ], [ -74.1572671, -51.9837208 ] ] ], [ [ [ -74.1831231, -51.2904434 ], [ -74.1391873, -51.3110008 ], [ -74.1522737, -51.2789345 ], [ -74.1831231, -51.2904434 ] ] ], [ [ [ -74.1610822, -51.1554262 ], [ -74.1419228, -51.1193015 ], [ -74.1721363, -51.1030434 ], [ -74.1610822, -51.1554262 ] ] ], [ [ [ -74.7532363, -50.3819047 ], [ -74.7475789, -50.4115407 ], [ -74.7683229, -50.3985873 ], [ -74.7974257, -50.4295998 ], [ -74.7336655, -50.40938 ], [ -74.7378319, -50.4624355 ], [ -74.7662723, -50.4334499 ], [ -74.7893436, -50.4838193 ], [ -74.7514715, -50.5150387 ], [ -74.7251381, -50.4801997 ], [ -74.6165496, -50.4429382 ], [ -74.6922519, -50.488895 ], [ -74.5928845, -50.4762035 ], [ -74.5875664, -50.5077755 ], [ -74.517897, -50.5155474 ], [ -74.4679629, -50.4766168 ], [ -74.4949305, -50.5120814 ], [ -74.384348, -50.5253308 ], [ -74.3937604, -50.5113543 ], [ -74.3482272, -50.5340096 ], [ -74.3776721, -50.5386998 ], [ -74.3768832, -50.5705124 ], [ -74.3848466, -50.5319726 ], [ -74.4617084, -50.5270834 ], [ -74.3937267, -50.542096 ], [ -74.4427125, -50.5533507 ], [ -74.4335426, -50.5821228 ], [ -74.4649064, -50.5605305 ], [ -74.5262972, -50.5977826 ], [ -74.5186463, -50.6220036 ], [ -74.5835747, -50.6574692 ], [ -74.5468431, -50.6530601 ], [ -74.5582017, -50.6906394 ], [ -74.4996421, -50.6687665 ], [ -74.470864, -50.6740784 ], [ -74.5315015, -50.7039299 ], [ -74.4673276, -50.7052373 ], [ -74.5105015, -50.7286084 ], [ -74.489581, -50.7447233 ], [ -74.4464471, -50.7410653 ], [ -74.4414335, -50.7582115 ], [ -74.3620288, -50.7310178 ], [ -74.4231475, -50.7621708 ], [ -74.3401322, -50.8473114 ], [ -74.2858862, -50.8453402 ], [ -74.3342517, -50.7626407 ], [ -74.291966, -50.8127983 ], [ -74.2427374, -50.7510563 ], [ -74.246067, -50.7849289 ], [ -74.2256931, -50.7776797 ], [ -74.2047657, -50.8113927 ], [ -74.2435251, -50.8430948 ], [ -74.1914081, -50.8437391 ], [ -74.1839646, -50.8243603 ], [ -74.1826033, -50.8492318 ], [ -74.1442163, -50.8461451 ], [ -74.1505131, -50.7780018 ], [ -74.2066321, -50.7068906 ], [ -74.2395416, -50.7075078 ], [ -74.250377, -50.7391538 ], [ -74.2948298, -50.7007434 ], [ -74.2607379, -50.7154504 ], [ -74.2676927, -50.6920979 ], [ -74.2907075, -50.6986683 ], [ -74.4308062, -50.6484359 ], [ -74.3821151, -50.6551845 ], [ -74.3804486, -50.6394182 ], [ -74.2898464, -50.6879569 ], [ -74.2731905, -50.6773955 ], [ -74.2542912, -50.7020837 ], [ -74.2073141, -50.681866 ], [ -74.2650109, -50.618865 ], [ -74.3047239, -50.6256054 ], [ -74.3568749, -50.4594623 ], [ -74.4623846, -50.4745937 ], [ -74.5305931, -50.4170995 ], [ -74.5995482, -50.4338557 ], [ -74.6006316, -50.4083319 ], [ -74.5798801, -50.4244683 ], [ -74.5388052, -50.4037662 ], [ -74.5850391, -50.3612348 ], [ -74.6309924, -50.3753303 ], [ -74.6251194, -50.3587663 ], [ -74.6893003, -50.3496799 ], [ -74.7532363, -50.3819047 ] ] ], [ [ [ -74.1989906, -53.1414406 ], [ -74.1502271, -53.1405768 ], [ -74.2086151, -53.1236272 ], [ -74.1989906, -53.1414406 ] ] ], [ [ [ -74.1797178, -52.4381983 ], [ -74.1630112, -52.4330825 ], [ -74.1695587, -52.4159229 ], [ -74.1797178, -52.4381983 ] ] ], [ [ [ -74.341526, -50.9116743 ], [ -74.3276043, -50.9608697 ], [ -74.2954414, -50.9590657 ], [ -74.2819405, -50.985145 ], [ -74.3257104, -50.9786089 ], [ -74.2409502, -51.2564468 ], [ -74.2097554, -51.2045068 ], [ -74.1652308, -51.2026366 ], [ -74.3119379, -50.9062057 ], [ -74.341526, -50.9116743 ] ] ], [ [ [ -74.2044471, -52.0440489 ], [ -74.1709129, -52.042395 ], [ -74.1851945, -52.0312578 ], [ -74.2044471, -52.0440489 ] ] ], [ [ [ -74.2154071, -52.4247174 ], [ -74.1792145, -52.4091519 ], [ -74.1722616, -52.3866545 ], [ -74.2154071, -52.4247174 ] ] ], [ [ [ -74.2067721, -52.3911785 ], [ -74.1895472, -52.3952038 ], [ -74.1788093, -52.3782238 ], [ -74.2067721, -52.3911785 ] ] ], [ [ [ -74.2435646, -52.0284986 ], [ -74.2145846, -52.0178591 ], [ -74.2334206, -52.0115182 ], [ -74.2435646, -52.0284986 ] ] ], [ [ [ -74.2242032, -52.2130111 ], [ -74.3150166, -52.2423132 ], [ -74.2560171, -52.2284242 ], [ -74.2735592, -52.2642269 ], [ -74.2200023, -52.236794 ], [ -74.2242032, -52.2130111 ] ] ], [ [ [ -74.2673335, -52.2861639 ], [ -74.287253, -52.3088566 ], [ -74.2245962, -52.2768548 ], [ -74.2673335, -52.2861639 ] ] ], [ [ [ -74.2572157, -50.8067735 ], [ -74.23006, -50.8087874 ], [ -74.2444364, -50.7864609 ], [ -74.2572157, -50.8067735 ] ] ], [ [ [ -74.3820128, -49.4105851 ], [ -74.4394025, -49.5109088 ], [ -74.3988185, -49.5339822 ], [ -74.4237853, -49.5943196 ], [ -74.3820357, -49.6358801 ], [ -74.2326618, -49.5478208 ], [ -74.3094888, -49.4567592 ], [ -74.3820128, -49.4105851 ] ] ], [ [ [ -74.2955317, -53.1930498 ], [ -74.2365612, -53.1632508 ], [ -74.2652786, -53.1472909 ], [ -74.2955317, -53.1930498 ] ] ], [ [ [ -74.2666342, -52.4405015 ], [ -74.2472978, -52.4410172 ], [ -74.2447292, -52.4268664 ], [ -74.2666342, -52.4405015 ] ] ], [ [ [ -74.3117995, -53.3078475 ], [ -74.2820447, -53.3225087 ], [ -74.2462484, -53.3058895 ], [ -74.2607976, -53.2880538 ], [ -74.3117995, -53.3078475 ] ] ], [ [ [ -74.273398, -51.6750965 ], [ -74.2520776, -51.6851063 ], [ -74.2499834, -51.6695404 ], [ -74.273398, -51.6750965 ] ] ], [ [ [ -74.2602183, -50.5899835 ], [ -74.2838599, -50.6068784 ], [ -74.2694719, -50.6098208 ], [ -74.2602183, -50.5899835 ] ] ], [ [ [ -74.2975948, -52.1922619 ], [ -74.3171697, -52.2213301 ], [ -74.2625849, -52.2063804 ], [ -74.2975948, -52.1922619 ] ] ], [ [ [ -74.288745, -52.0131771 ], [ -74.2626267, -52.0115426 ], [ -74.2920805, -51.9905968 ], [ -74.288745, -52.0131771 ] ] ], [ [ [ -74.3045298, -51.9733505 ], [ -74.2672125, -51.9794178 ], [ -74.3128725, -51.9556599 ], [ -74.3045298, -51.9733505 ] ] ], [ [ [ -74.302096, -51.3717918 ], [ -74.2757574, -51.3596268 ], [ -74.3257128, -51.3566837 ], [ -74.302096, -51.3717918 ] ] ], [ [ [ -74.3032464, -52.4498743 ], [ -74.2805924, -52.4356912 ], [ -74.3100421, -52.4245264 ], [ -74.3032464, -52.4498743 ] ] ], [ [ [ -74.3328914, -52.0481555 ], [ -74.2844178, -52.0414586 ], [ -74.3085499, -52.0296037 ], [ -74.3328914, -52.0481555 ] ] ], [ [ [ -74.2874873, -50.847978 ], [ -74.3107842, -50.8779943 ], [ -74.2845368, -50.8764356 ], [ -74.2874873, -50.847978 ] ] ], [ [ [ -74.2992564, -50.8897774 ], [ -74.2848816, -50.8964003 ], [ -74.2862927, -50.8817133 ], [ -74.2992564, -50.8897774 ] ] ], [ [ [ -74.2981483, -50.5900549 ], [ -74.2859148, -50.6005306 ], [ -74.2879508, -50.5722769 ], [ -74.2981483, -50.5900549 ] ] ], [ [ [ -74.3033179, -52.946819 ], [ -74.2866416, -52.9449536 ], [ -74.2914706, -52.9276076 ], [ -74.3033179, -52.946819 ] ] ], [ [ [ -74.3606163, -53.1263676 ], [ -74.3497683, -53.1826541 ], [ -74.2884096, -53.1663316 ], [ -74.2985139, -53.1402639 ], [ -74.3606163, -53.1263676 ] ] ], [ [ [ -74.3409606, -52.297161 ], [ -74.3001386, -52.2861129 ], [ -74.3061457, -52.2595123 ], [ -74.3409606, -52.297161 ] ] ], [ [ [ -74.3114146, -52.9331142 ], [ -74.2952413, -52.9198569 ], [ -74.3233063, -52.9144949 ], [ -74.3114146, -52.9331142 ] ] ], [ [ [ -74.3556958, -52.0536884 ], [ -74.356106, -52.1110041 ], [ -74.2978567, -52.0883151 ], [ -74.3556958, -52.0536884 ] ] ], [ [ [ -74.2983404, -53.1710245 ], [ -74.3157992, -53.1771894 ], [ -74.3010255, -53.187556 ], [ -74.2983404, -53.1710245 ] ] ], [ [ [ -74.3418948, -51.9901848 ], [ -74.3000621, -52.0005219 ], [ -74.328324, -51.9758072 ], [ -74.3418948, -51.9901848 ] ] ], [ [ [ -74.3853957, -51.380806 ], [ -74.3281294, -51.3979931 ], [ -74.3011366, -51.3852615 ], [ -74.3512084, -51.382761 ], [ -74.3107248, -51.3780975 ], [ -74.353562, -51.3610935 ], [ -74.3853957, -51.380806 ] ] ], [ [ [ -74.4075752, -52.1494343 ], [ -74.4681763, -52.2073794 ], [ -74.3702602, -52.1845343 ], [ -74.3613923, -52.2026668 ], [ -74.3320878, -52.1929025 ], [ -74.3507008, -52.2139959 ], [ -74.3030164, -52.193596 ], [ -74.3501935, -52.1906602 ], [ -74.4075752, -52.1494343 ] ] ], [ [ [ -74.3251388, -53.1781304 ], [ -74.3375287, -53.1834249 ], [ -74.3184718, -53.1949519 ], [ -74.3251388, -53.1781304 ] ] ], [ [ [ -74.344314, -50.8899364 ], [ -74.3191571, -50.8945766 ], [ -74.3474634, -50.8652038 ], [ -74.344314, -50.8899364 ] ] ], [ [ [ -74.3532683, -51.4179935 ], [ -74.3446127, -51.4215336 ], [ -74.3199679, -51.4239158 ], [ -74.3532683, -51.4179935 ] ] ], [ [ [ -74.3227441, -52.2541184 ], [ -74.3941374, -52.2795623 ], [ -74.35719, -52.294803 ], [ -74.3227441, -52.2541184 ] ] ], [ [ [ -74.355461, -52.0278345 ], [ -74.3227974, -52.0146242 ], [ -74.369522, -52.004162 ], [ -74.355461, -52.0278345 ] ] ], [ [ [ -74.3925387, -51.5860557 ], [ -74.3662898, -51.5866222 ], [ -74.3576781, -51.5472412 ], [ -74.4239185, -51.5861683 ], [ -74.3739477, -51.5746783 ], [ -74.3925387, -51.5860557 ] ] ], [ [ [ -74.9416096, -51.0183914 ], [ -74.9326864, -51.003931 ], [ -74.9498306, -51.0226569 ], [ -74.9085374, -51.0386227 ], [ -74.9586855, -51.0382822 ], [ -74.9720571, -51.0663705 ], [ -74.8618073, -51.0250888 ], [ -74.8918915, -51.0557931 ], [ -74.7762061, -51.0531397 ], [ -74.8288182, -51.0658641 ], [ -74.7959815, -51.0847516 ], [ -74.7591444, -51.0271061 ], [ -74.7793696, -51.0066474 ], [ -74.7334119, -51.0079459 ], [ -74.7610599, -50.9883242 ], [ -74.7280735, -51.0088472 ], [ -74.6175723, -50.9878308 ], [ -74.64113, -51.0312408 ], [ -74.7456616, -51.0329261 ], [ -74.7425736, -51.0563422 ], [ -74.6900417, -51.0653366 ], [ -74.7677126, -51.071105 ], [ -74.7152404, -51.0893249 ], [ -74.7480391, -51.1000615 ], [ -74.7157379, -51.1116991 ], [ -74.680337, -51.09228 ], [ -74.6889545, -51.1191587 ], [ -74.6054962, -51.0735358 ], [ -74.5996531, -51.0378154 ], [ -74.5895076, -51.0585015 ], [ -74.5440455, -51.0342318 ], [ -74.5169135, -50.9846077 ], [ -74.537547, -51.033743 ], [ -74.4993791, -51.022388 ], [ -74.5855646, -51.0646615 ], [ -74.5569039, -51.167435 ], [ -74.5348309, -51.1584218 ], [ -74.514862, -51.1801496 ], [ -74.4788393, -51.1581642 ], [ -74.4917816, -51.1838428 ], [ -74.3919134, -51.226179 ], [ -74.3862063, -51.2033159 ], [ -74.4322282, -51.1801778 ], [ -74.3661152, -51.186845 ], [ -74.3745311, -51.1080495 ], [ -74.4176335, -51.116628 ], [ -74.456458, -51.0854314 ], [ -74.5103149, -51.0833807 ], [ -74.4825552, -51.0631057 ], [ -74.500161, -51.0356048 ], [ -74.4637323, -51.0745972 ], [ -74.4239426, -51.0560272 ], [ -74.4618282, -51.0027401 ], [ -74.4614629, -51.0227587 ], [ -74.4897167, -51.0176486 ], [ -74.4760673, -50.9909924 ], [ -74.4209572, -51.0354292 ], [ -74.4207241, -51.0668322 ], [ -74.3730149, -51.0859054 ], [ -74.3583085, -51.0637996 ], [ -74.3568401, -51.0392916 ], [ -74.4066116, -51.0446414 ], [ -74.4001199, -51.0107212 ], [ -74.357668, -51.0355107 ], [ -74.3745194, -50.9624857 ], [ -74.4128234, -50.9767851 ], [ -74.3733466, -50.9526722 ], [ -74.3991389, -50.9419343 ], [ -74.3766152, -50.9136213 ], [ -74.4200021, -50.9473137 ], [ -74.4294259, -50.9271259 ], [ -74.3739182, -50.8590063 ], [ -74.3972481, -50.8655428 ], [ -74.4103656, -50.811013 ], [ -74.4768699, -50.8444949 ], [ -74.4458046, -50.7720677 ], [ -74.4678413, -50.7829958 ], [ -74.4814858, -50.7547074 ], [ -74.4990238, -50.7723772 ], [ -74.5200661, -50.7381385 ], [ -74.5378067, -50.7701717 ], [ -74.5419001, -50.7332018 ], [ -74.5880232, -50.755341 ], [ -74.6007092, -50.7153978 ], [ -74.6373763, -50.7086915 ], [ -74.6851633, -50.7439648 ], [ -74.6485417, -50.7478891 ], [ -74.6029469, -50.7975637 ], [ -74.5723428, -50.7925808 ], [ -74.5897298, -50.8187498 ], [ -74.5536894, -50.8319068 ], [ -74.5190334, -50.81189 ], [ -74.5741406, -50.860159 ], [ -74.5664543, -50.839201 ], [ -74.6149492, -50.8256099 ], [ -74.6415413, -50.8879651 ], [ -74.623903, -50.8970117 ], [ -74.595687, -50.8532861 ], [ -74.6191544, -50.9006768 ], [ -74.5512387, -50.8799524 ], [ -74.5841354, -50.8977373 ], [ -74.5297609, -50.9189253 ], [ -74.5920651, -50.9013612 ], [ -74.6067237, -50.9542049 ], [ -74.6219366, -50.9173393 ], [ -74.6367728, -50.9541554 ], [ -74.6402604, -50.9337896 ], [ -74.6819505, -50.9373073 ], [ -74.6655359, -50.9035201 ], [ -74.7825736, -50.9079364 ], [ -74.8814975, -50.8717949 ], [ -74.8424712, -50.8915525 ], [ -74.9312837, -50.8787351 ], [ -74.9142914, -50.9066213 ], [ -74.8522825, -50.914611 ], [ -74.9394, -50.9160281 ], [ -74.9528848, -50.9887172 ], [ -74.8524284, -50.9440033 ], [ -74.8105565, -50.9581814 ], [ -74.8757385, -50.9754771 ], [ -74.7675163, -50.9793324 ], [ -74.8257479, -50.9775023 ], [ -74.7986323, -50.9860142 ], [ -74.8499175, -51.0169099 ], [ -74.8138293, -50.992085 ], [ -74.9027568, -50.9848607 ], [ -74.9416096, -51.0183914 ] ], [ [ -74.8221198, -51.0246588 ], [ -74.8609001, -51.0244648 ], [ -74.8539375, -51.0196752 ], [ -74.8221198, -51.0246588 ] ], [ [ -74.4864729, -50.8415876 ], [ -74.511642, -50.8599662 ], [ -74.4788556, -50.821965 ], [ -74.4864729, -50.8415876 ] ], [ [ -74.5962319, -51.0169005 ], [ -74.5732774, -51.0060352 ], [ -74.598306, -51.0295799 ], [ -74.5962319, -51.0169005 ] ] ], [ [ [ -74.4113148, -52.030538 ], [ -74.3924904, -52.0541267 ], [ -74.3520966, -52.0408047 ], [ -74.3784553, -52.0197639 ], [ -74.4113148, -52.030538 ] ] ], [ [ [ -74.3801314, -52.6354954 ], [ -74.3524169, -52.6279482 ], [ -74.3544381, -52.6136514 ], [ -74.3801314, -52.6354954 ] ] ], [ [ [ -74.397848, -50.3802129 ], [ -74.3529419, -50.4048342 ], [ -74.3594256, -50.3814344 ], [ -74.397848, -50.3802129 ] ] ], [ [ [ -74.5561657, -50.0622705 ], [ -74.6125364, -50.1020342 ], [ -74.5567267, -50.069075 ], [ -74.4782843, -50.0666438 ], [ -74.4522303, -50.089549 ], [ -74.3652446, -50.0840008 ], [ -74.3615248, -50.0641021 ], [ -74.4315238, -50.0156749 ], [ -74.5561657, -50.0622705 ] ] ], [ [ [ -74.3756208, -48.737304 ], [ -74.3719149, -48.752321 ], [ -74.3636336, -48.737571 ], [ -74.3756208, -48.737304 ] ] ], [ [ [ -74.3759436, -52.5608436 ], [ -74.3896089, -52.5350926 ], [ -74.437832, -52.5389186 ], [ -74.3759436, -52.5608436 ] ] ], [ [ [ -74.3880156, -49.2690053 ], [ -74.3849304, -49.2864785 ], [ -74.3768106, -49.2687497 ], [ -74.3880156, -49.2690053 ] ] ], [ [ [ -74.9603084, -48.6547297 ], [ -74.846626, -48.6898597 ], [ -74.9660638, -48.6647677 ], [ -74.9867294, -48.7394419 ], [ -74.8062214, -48.6966332 ], [ -74.9702648, -48.7549872 ], [ -74.937216, -48.7749644 ], [ -74.9492115, -48.7592483 ], [ -74.8912511, -48.7464025 ], [ -74.9326385, -48.779381 ], [ -74.8645766, -48.806984 ], [ -74.8689408, -48.7879033 ], [ -74.8513389, -48.8213023 ], [ -74.7928494, -48.7991792 ], [ -74.8306959, -48.8240851 ], [ -74.7966458, -48.8316302 ], [ -74.8410103, -48.8284149 ], [ -74.9804257, -48.8860958 ], [ -74.9597382, -48.9123942 ], [ -74.8230011, -48.8757593 ], [ -74.9522516, -48.9260361 ], [ -74.9384292, -48.9493061 ], [ -74.8740975, -48.9334953 ], [ -74.937733, -48.9746832 ], [ -74.7644689, -48.9160162 ], [ -74.7709438, -48.9701427 ], [ -74.7026813, -49.0225241 ], [ -74.7464698, -49.012853 ], [ -74.79119, -48.9427645 ], [ -74.8143274, -48.982195 ], [ -74.8308832, -48.9614815 ], [ -74.9050659, -48.9891204 ], [ -74.7222705, -49.0901469 ], [ -74.7847196, -49.082819 ], [ -74.8075772, -49.1011382 ], [ -74.8014117, -49.1213525 ], [ -74.7757952, -49.1115502 ], [ -74.8107389, -49.149207 ], [ -74.7442255, -49.1917625 ], [ -74.810357, -49.1561436 ], [ -74.8390817, -49.1750214 ], [ -74.845754, -49.2058031 ], [ -74.7773234, -49.2324051 ], [ -74.8473344, -49.2139011 ], [ -74.8589964, -49.2865388 ], [ -74.8290208, -49.3207317 ], [ -74.8553782, -49.3135543 ], [ -74.855995, -49.3716029 ], [ -74.8663239, -49.3024279 ], [ -75.0682668, -49.1688898 ], [ -74.9971823, -49.2200963 ], [ -75.0383368, -49.2210427 ], [ -74.9728506, -49.2439558 ], [ -75.0248446, -49.2361296 ], [ -74.9656699, -49.2925638 ], [ -75.0326096, -49.2390522 ], [ -75.0492599, -49.2722811 ], [ -75.0850983, -49.2488353 ], [ -75.0120081, -49.3314508 ], [ -75.0998935, -49.2616064 ], [ -75.1695441, -49.2631251 ], [ -75.1385627, -49.2920618 ], [ -75.0825048, -49.2872056 ], [ -75.136422, -49.294909 ], [ -75.1148921, -49.3383455 ], [ -75.0227227, -49.3469925 ], [ -75.1091835, -49.3623341 ], [ -75.1982447, -49.2482619 ], [ -75.1861016, -49.2829793 ], [ -75.2164721, -49.2778559 ], [ -75.2124797, -49.2307729 ], [ -75.2730562, -49.2258601 ], [ -75.3055593, -49.2480321 ], [ -75.2414035, -49.2614596 ], [ -75.3034659, -49.2560334 ], [ -75.2783123, -49.3078993 ], [ -75.2015594, -49.3262562 ], [ -75.2737962, -49.3147594 ], [ -75.2420395, -49.3661144 ], [ -75.2178163, -49.3561342 ], [ -75.23628, -49.3764368 ], [ -75.1415734, -49.3900918 ], [ -75.2067345, -49.3911111 ], [ -75.2060495, -49.4086533 ], [ -74.9521639, -49.3941682 ], [ -75.1964673, -49.414208 ], [ -75.1016164, -49.4780677 ], [ -75.2014667, -49.4205247 ], [ -75.2236639, -49.432907 ], [ -75.2835441, -49.3316341 ], [ -75.3082707, -49.3394692 ], [ -75.2963894, -49.310713 ], [ -75.3327101, -49.3139737 ], [ -75.3034743, -49.3026911 ], [ -75.3193396, -49.2762537 ], [ -75.4155434, -49.3256792 ], [ -75.3334043, -49.2799341 ], [ -75.323857, -49.2523552 ], [ -75.4041599, -49.2561878 ], [ -75.4600621, -49.2862561 ], [ -75.4513755, -49.3466064 ], [ -75.4229644, -49.33601 ], [ -75.4012174, -49.4425459 ], [ -75.3068701, -49.377827 ], [ -75.4005912, -49.4535308 ], [ -75.3877591, -49.4842976 ], [ -75.3098221, -49.438583 ], [ -75.3711243, -49.4527974 ], [ -75.2858469, -49.4222209 ], [ -75.3384447, -49.463523 ], [ -75.303239, -49.4864203 ], [ -75.3130418, -49.5153814 ], [ -75.1861964, -49.4409249 ], [ -75.2345728, -49.4792747 ], [ -75.1849635, -49.4746038 ], [ -75.3090397, -49.5222023 ], [ -75.2335717, -49.5341244 ], [ -75.2520445, -49.5564646 ], [ -75.1430281, -49.5026425 ], [ -75.226327, -49.5521773 ], [ -75.170307, -49.5504628 ], [ -75.2537688, -49.5671145 ], [ -75.2978356, -49.6045426 ], [ -75.2774324, -49.6305691 ], [ -75.2423227, -49.6096084 ], [ -75.2425769, -49.6351576 ], [ -75.1384507, -49.5737263 ], [ -75.2331883, -49.6392957 ], [ -75.1289527, -49.6364003 ], [ -75.1425072, -49.6539149 ], [ -75.2523766, -49.6559898 ], [ -75.2384021, -49.6714153 ], [ -75.2070692, -49.6578441 ], [ -75.2340201, -49.6769044 ], [ -75.1533424, -49.6736748 ], [ -75.2274943, -49.6854119 ], [ -75.2101687, -49.714751 ], [ -75.1740827, -49.7079135 ], [ -75.207231, -49.7170474 ], [ -75.1822544, -49.7601605 ], [ -75.1221964, -49.748264 ], [ -75.1761154, -49.767878 ], [ -75.125244, -49.855245 ], [ -75.0515973, -49.8647042 ], [ -75.0188611, -49.8151273 ], [ -75.058231, -49.9050374 ], [ -74.9966696, -49.8985229 ], [ -74.9794619, -49.8745103 ], [ -75.0349326, -49.8906584 ], [ -74.9756132, -49.8692978 ], [ -75.0108256, -49.8599889 ], [ -74.9639306, -49.8401944 ], [ -74.9520291, -49.7963092 ], [ -74.9235446, -49.7978144 ], [ -74.9165644, -49.7472735 ], [ -74.9501081, -49.7484527 ], [ -74.9559769, -49.7091416 ], [ -75.0040242, -49.7918395 ], [ -75.014728, -49.7188683 ], [ -74.9918347, -49.6853572 ], [ -74.9922938, -49.7141671 ], [ -74.9728015, -49.7063319 ], [ -74.924126, -49.6239489 ], [ -74.9663488, -49.612824 ], [ -75.0108358, -49.6988922 ], [ -74.9792513, -49.6304691 ], [ -75.0129234, -49.6284629 ], [ -74.9723916, -49.6069838 ], [ -75.0882759, -49.5341584 ], [ -74.9766811, -49.5930861 ], [ -75.0071965, -49.5534449 ], [ -74.9693213, -49.5733303 ], [ -74.9621952, -49.5488211 ], [ -75.0223603, -49.5080042 ], [ -74.9610868, -49.5407556 ], [ -74.9519037, -49.495352 ], [ -74.9980879, -49.4777408 ], [ -74.9509606, -49.4927324 ], [ -74.941454, -49.4153202 ], [ -74.8874996, -49.4086284 ], [ -74.9341458, -49.4385392 ], [ -74.9372588, -49.5398969 ], [ -74.8679057, -49.5060898 ], [ -74.8566136, -49.38825 ], [ -74.8601743, -49.5037206 ], [ -74.7169909, -49.4122587 ], [ -74.7893985, -49.3457487 ], [ -74.7106491, -49.4032626 ], [ -74.5823891, -49.3072233 ], [ -74.7061314, -49.414166 ], [ -74.604326, -49.4292534 ], [ -74.6823754, -49.4233852 ], [ -74.7461987, -49.4584663 ], [ -74.698743, -49.515663 ], [ -74.7493051, -49.4606434 ], [ -74.8734246, -49.5308816 ], [ -74.8709593, -49.5841359 ], [ -74.793119, -49.6118671 ], [ -74.7289433, -49.5786335 ], [ -74.7250886, -49.5495182 ], [ -74.7232602, -49.5785337 ], [ -74.7703349, -49.6165582 ], [ -74.7379379, -49.6284008 ], [ -74.875016, -49.5965012 ], [ -74.8838382, -49.6403389 ], [ -74.8066093, -49.6776053 ], [ -74.9021317, -49.6547357 ], [ -74.904384, -49.6908605 ], [ -74.8869249, -49.6623348 ], [ -74.8763258, -49.7128798 ], [ -74.824546, -49.7171793 ], [ -74.8834859, -49.7333013 ], [ -74.8856565, -49.7828348 ], [ -74.8328876, -49.8150768 ], [ -74.8114423, -49.7748257 ], [ -74.7629165, -49.7488954 ], [ -74.8233143, -49.7251315 ], [ -74.7763008, -49.6911003 ], [ -74.799482, -49.6806556 ], [ -74.769474, -49.6941019 ], [ -74.8030378, -49.7195841 ], [ -74.7558622, -49.7533838 ], [ -74.7102761, -49.7206007 ], [ -74.7573439, -49.7660751 ], [ -74.7206883, -49.763069 ], [ -74.8001608, -49.7772532 ], [ -74.8153632, -49.848748 ], [ -74.7764169, -49.8584608 ], [ -74.6109235, -49.7935027 ], [ -74.7696098, -49.8793872 ], [ -74.85456, -49.8457929 ], [ -74.8878431, -49.8587958 ], [ -74.8608467, -49.8755088 ], [ -74.8991205, -49.8799923 ], [ -74.913046, -49.9356631 ], [ -74.870924, -49.9733045 ], [ -74.8354083, -49.9419332 ], [ -74.7130392, -49.8983093 ], [ -74.6626652, -49.9247892 ], [ -74.6511911, -49.9063941 ], [ -74.6140737, -49.9461051 ], [ -74.7144536, -49.908717 ], [ -74.8394213, -49.9569166 ], [ -74.873055, -50.0179492 ], [ -74.8348905, -50.0415417 ], [ -74.8162518, -50.0219183 ], [ -74.7973842, -50.0554914 ], [ -74.8146999, -50.0211877 ], [ -74.7879814, -49.9886238 ], [ -74.7489702, -49.9841963 ], [ -74.8073002, -50.0245531 ], [ -74.7536395, -50.0469164 ], [ -74.7073297, -50.0428026 ], [ -74.7026189, -50.0146026 ], [ -74.6982972, -50.0357109 ], [ -74.6375397, -49.9877895 ], [ -74.688288, -50.0401815 ], [ -74.6556875, -50.0167898 ], [ -74.6392448, -50.0589744 ], [ -74.5120986, -49.9869386 ], [ -74.6259593, -49.8960383 ], [ -74.6174787, -49.871161 ], [ -74.5126002, -49.9735171 ], [ -74.4696952, -49.9634426 ], [ -74.4336542, -49.913275 ], [ -74.4766513, -49.843036 ], [ -74.4078706, -49.9039571 ], [ -74.4037529, -49.7823205 ], [ -74.5442175, -49.7363061 ], [ -74.4651459, -49.7382836 ], [ -74.3983403, -49.7718013 ], [ -74.3807912, -49.7453496 ], [ -74.3890184, -49.6780112 ], [ -74.4387406, -49.6238641 ], [ -74.508607, -49.6221062 ], [ -74.5030732, -49.672454 ], [ -74.5319245, -49.6889659 ], [ -74.5774924, -49.6751469 ], [ -74.5130236, -49.6753112 ], [ -74.5566982, -49.6359722 ], [ -74.5264855, -49.6432368 ], [ -74.5046857, -49.6024651 ], [ -74.4988389, -49.618973 ], [ -74.445224, -49.610091 ], [ -74.4787098, -49.5161006 ], [ -74.5181483, -49.5314375 ], [ -74.5098116, -49.5069168 ], [ -74.5502281, -49.5108457 ], [ -74.5300925, -49.4896588 ], [ -74.4708661, -49.5073439 ], [ -74.4462225, -49.4799497 ], [ -74.4266648, -49.3415581 ], [ -74.3874381, -49.3006857 ], [ -74.4305675, -49.1269311 ], [ -74.3992916, -49.1213091 ], [ -74.4048407, -49.0944947 ], [ -74.4497777, -49.0180794 ], [ -74.5159465, -49.0139947 ], [ -74.4456081, -49.0035057 ], [ -74.4071413, -48.9463361 ], [ -74.4504091, -48.9116289 ], [ -74.4614172, -48.8835634 ], [ -74.5752242, -48.9531997 ], [ -74.464518, -48.8725821 ], [ -74.4612666, -48.705096 ], [ -74.4825448, -48.6931315 ], [ -74.5421945, -48.7238039 ], [ -74.5675859, -48.8381292 ], [ -74.6400888, -48.8646294 ], [ -74.578838, -48.8354217 ], [ -74.5649779, -48.7331617 ], [ -74.5800757, -48.7094911 ], [ -74.6313959, -48.7307456 ], [ -74.5847052, -48.7044195 ], [ -74.6831212, -48.6525577 ], [ -74.7520866, -48.676769 ], [ -74.7326492, -48.6960819 ], [ -74.7254409, -48.7393071 ], [ -74.7725565, -48.7411461 ], [ -74.7419325, -48.778898 ], [ -74.734704, -48.8193061 ], [ -74.7515097, -48.7752238 ], [ -74.8000463, -48.7556061 ], [ -74.8038299, -48.7112434 ], [ -74.7655446, -48.7370338 ], [ -74.7385129, -48.7033277 ], [ -74.7674618, -48.6683209 ], [ -74.7984485, -48.6840631 ], [ -74.779446, -48.7037852 ], [ -74.8198867, -48.6873153 ], [ -74.7653236, -48.6559989 ], [ -74.8064234, -48.6284894 ], [ -74.9288406, -48.629735 ], [ -74.92934, -48.6453851 ], [ -74.9534071, -48.6020504 ], [ -74.9603084, -48.6547297 ] ], [ [ -74.7018934, -49.6134031 ], [ -74.6751716, -49.6323395 ], [ -74.7364461, -49.6280267 ], [ -74.7018934, -49.6134031 ] ] ], [ [ [ -74.9902185, -48.7635586 ], [ -75.0147376, -48.8194955 ], [ -74.9748128, -48.8680052 ], [ -74.8535582, -48.8221417 ], [ -74.9902185, -48.7635586 ] ] ], [ [ [ -74.4325651, -52.523646 ], [ -74.3947741, -52.5286911 ], [ -74.4167096, -52.515626 ], [ -74.4325651, -52.523646 ] ] ], [ [ [ -74.4970332, -51.2147816 ], [ -74.5209231, -51.1954197 ], [ -74.4893549, -51.2297239 ], [ -74.4646963, -51.2148406 ], [ -74.4006144, -51.2556095 ], [ -74.4045311, -51.2297551 ], [ -74.4960635, -51.1932133 ], [ -74.4970332, -51.2147816 ] ] ], [ [ [ -74.4303087, -52.2166855 ], [ -74.4030925, -52.2172012 ], [ -74.4114399, -52.2044115 ], [ -74.4303087, -52.2166855 ] ] ], [ [ [ -74.433911, -50.417713 ], [ -74.4045784, -50.4186672 ], [ -74.4249778, -50.4036739 ], [ -74.433911, -50.417713 ] ] ], [ [ [ -74.4346252, -48.9200792 ], [ -74.4126327, -48.9251082 ], [ -74.422932, -48.9087446 ], [ -74.4346252, -48.9200792 ] ] ], [ [ [ -74.447664, -50.7800027 ], [ -74.4474116, -50.8061989 ], [ -74.4164379, -50.7911183 ], [ -74.447664, -50.7800027 ] ] ], [ [ [ -74.4519, -49.5124048 ], [ -74.4395267, -49.5962707 ], [ -74.4165007, -49.5386474 ], [ -74.4519, -49.5124048 ] ] ], [ [ [ -74.5181503, -52.0542642 ], [ -74.5394372, -52.1002495 ], [ -74.4257251, -52.0350921 ], [ -74.4437643, -52.0234645 ], [ -74.5181503, -52.0542642 ] ] ], [ [ [ -74.4618918, -51.7006121 ], [ -74.4372203, -51.6958179 ], [ -74.5392407, -51.6770019 ], [ -74.4618918, -51.7006121 ] ] ], [ [ [ -74.4593692, -50.4044185 ], [ -74.431418, -50.3963063 ], [ -74.4648181, -50.3779899 ], [ -74.4593692, -50.4044185 ] ] ], [ [ [ -74.4523584, -52.2504156 ], [ -74.4363838, -52.2563785 ], [ -74.4345126, -52.244924 ], [ -74.4523584, -52.2504156 ] ] ], [ [ [ -74.4875496, -51.2809906 ], [ -74.4584625, -51.3073311 ], [ -74.4648349, -51.2657223 ], [ -74.4875496, -51.2809906 ] ] ], [ [ [ -74.4662235, -51.9793091 ], [ -74.4416759, -51.9752216 ], [ -74.4414565, -51.9573517 ], [ -74.4662235, -51.9793091 ] ] ], [ [ [ -74.4663469, -52.5541069 ], [ -74.4453669, -52.5607397 ], [ -74.4488591, -52.5460457 ], [ -74.4663469, -52.5541069 ] ] ], [ [ [ -74.4847782, -51.3380108 ], [ -74.4698436, -51.3257465 ], [ -74.4976299, -51.3153877 ], [ -74.4847782, -51.3380108 ] ] ], [ [ [ -74.6028811, -52.0101458 ], [ -74.6100606, -51.9857273 ], [ -74.6746107, -52.0277811 ], [ -74.7086069, -52.1163034 ], [ -74.6672006, -52.077261 ], [ -74.6618718, -52.1051793 ], [ -74.6188749, -52.086304 ], [ -74.605127, -52.0411646 ], [ -74.5985484, -52.0795422 ], [ -74.4929294, -52.0303049 ], [ -74.4566639, -51.953928 ], [ -74.5002945, -51.9664764 ], [ -74.5245484, -51.9321365 ], [ -74.6028811, -52.0101458 ] ] ], [ [ [ -74.5178364, -50.5354316 ], [ -74.5452206, -50.5952773 ], [ -74.5340642, -50.6014882 ], [ -74.4680062, -50.5526405 ], [ -74.5178364, -50.5354316 ] ] ], [ [ [ -74.4841837, -52.3450804 ], [ -74.4879197, -52.3661883 ], [ -74.4682444, -52.3563644 ], [ -74.4841837, -52.3450804 ] ] ], [ [ [ -74.5514877, -52.4150345 ], [ -74.5030087, -52.4296777 ], [ -74.469325, -52.4598546 ], [ -74.4830523, -52.4086403 ], [ -74.5514877, -52.4150345 ] ] ], [ [ [ -74.4976745, -52.4794948 ], [ -74.4989646, -52.5118403 ], [ -74.4741971, -52.4882272 ], [ -74.4976745, -52.4794948 ] ] ], [ [ [ -74.4938877, -51.3020458 ], [ -74.476466, -51.3058128 ], [ -74.482333, -51.2939701 ], [ -74.4938877, -51.3020458 ] ] ], [ [ [ -74.4877079, -51.274908 ], [ -74.4809387, -51.2547855 ], [ -74.5120508, -51.2378968 ], [ -74.4877079, -51.274908 ] ] ], [ [ [ -74.5225495, -51.9318943 ], [ -74.4874561, -51.9354591 ], [ -74.4820736, -51.9211674 ], [ -74.5041893, -51.9144249 ], [ -74.5225495, -51.9318943 ] ] ], [ [ [ -74.5288519, -52.3210622 ], [ -74.5431882, -52.3633558 ], [ -74.4867457, -52.2983692 ], [ -74.5288519, -52.3210622 ] ] ], [ [ [ -74.5291563, -52.3674663 ], [ -74.5011204, -52.3670311 ], [ -74.5056819, -52.3537212 ], [ -74.5291563, -52.3674663 ] ] ], [ [ [ -74.5123585, -51.3508739 ], [ -74.4931457, -51.3442154 ], [ -74.5004185, -51.3303394 ], [ -74.5123585, -51.3508739 ] ] ], [ [ [ -74.920276, -51.2842369 ], [ -74.9807467, -51.3434486 ], [ -74.9224561, -51.3704223 ], [ -74.9703573, -51.3825664 ], [ -74.8799813, -51.3682155 ], [ -74.8507321, -51.3413448 ], [ -74.8672631, -51.3647175 ], [ -74.7801524, -51.3276748 ], [ -74.9348081, -51.4078235 ], [ -75.0336318, -51.4311218 ], [ -75.0085578, -51.4517669 ], [ -74.9870619, -51.4375133 ], [ -75.0001559, -51.4546432 ], [ -75.0402351, -51.4418735 ], [ -75.0329261, -51.4791908 ], [ -74.9511827, -51.4709587 ], [ -74.9387945, -51.4357414 ], [ -74.9380048, -51.4627781 ], [ -74.890487, -51.457241 ], [ -74.8831723, -51.4224853 ], [ -74.8916753, -51.4675426 ], [ -74.8439495, -51.4292507 ], [ -74.8079464, -51.4498386 ], [ -74.7640143, -51.4249096 ], [ -74.8022777, -51.4097347 ], [ -74.7790519, -51.390625 ], [ -74.7980148, -51.4098205 ], [ -74.7589808, -51.402729 ], [ -74.7506762, -51.4231815 ], [ -74.7274638, -51.3806381 ], [ -74.7692901, -51.3811645 ], [ -74.7383204, -51.3587913 ], [ -74.7213679, -51.3744163 ], [ -74.6873598, -51.3242798 ], [ -74.7318755, -51.2940387 ], [ -74.6842642, -51.3182106 ], [ -74.6681623, -51.2766723 ], [ -74.6709375, -51.3264065 ], [ -74.6394452, -51.3641567 ], [ -74.6205072, -51.3517513 ], [ -74.6132154, -51.4074993 ], [ -74.5444077, -51.3869095 ], [ -74.5201214, -51.3570614 ], [ -74.5395306, -51.3368263 ], [ -74.5802659, -51.354042 ], [ -74.5412834, -51.3300667 ], [ -74.5912751, -51.3268127 ], [ -74.5722302, -51.2901783 ], [ -74.6069955, -51.2696686 ], [ -74.6367158, -51.2794399 ], [ -74.6258229, -51.260252 ], [ -74.6716083, -51.2430588 ], [ -74.6016225, -51.2570781 ], [ -74.5307015, -51.3147564 ], [ -74.5582493, -51.2391047 ], [ -74.5199345, -51.258688 ], [ -74.5139454, -51.3027515 ], [ -74.4987495, -51.2789154 ], [ -74.5493358, -51.2139904 ], [ -74.5870795, -51.2169438 ], [ -74.5861357, -51.1956884 ], [ -74.6609925, -51.212636 ], [ -74.7199921, -51.1898639 ], [ -74.7492678, -51.2107002 ], [ -74.7242583, -51.2273853 ], [ -74.7983455, -51.2095456 ], [ -74.7724136, -51.2462733 ], [ -74.8221629, -51.224664 ], [ -74.8498947, -51.2623863 ], [ -74.793811, -51.2870102 ], [ -74.920276, -51.2842369 ] ] ], [ [ [ -74.5857413, -52.4674626 ], [ -74.5550137, -52.4881286 ], [ -74.5079227, -52.4880372 ], [ -74.5436905, -52.4535561 ], [ -74.5857413, -52.4674626 ] ] ], [ [ [ -74.5357472, -52.987951 ], [ -74.5031888, -53.0150891 ], [ -74.513482, -52.9906869 ], [ -74.5357472, -52.987951 ] ] ], [ [ [ -74.5271652, -51.3319263 ], [ -74.5178783, -51.3468151 ], [ -74.5136402, -51.3255844 ], [ -74.5271652, -51.3319263 ] ] ], [ [ [ -74.5576398, -50.3563708 ], [ -74.5286315, -50.3833915 ], [ -74.5430776, -50.3541014 ], [ -74.5576398, -50.3563708 ] ] ], [ [ [ -74.5628301, -52.1340924 ], [ -74.577798, -52.1611588 ], [ -74.5290651, -52.1298869 ], [ -74.5628301, -52.1340924 ] ] ], [ [ [ -74.5658959, -51.8344402 ], [ -74.5820931, -51.9059791 ], [ -74.6442194, -51.9415893 ], [ -74.5973195, -51.9468612 ], [ -74.5357388, -51.9068203 ], [ -74.5303429, -51.8909626 ], [ -74.5820874, -51.9163952 ], [ -74.5326699, -51.8726101 ], [ -74.557124, -51.8477859 ], [ -74.5338887, -51.8366813 ], [ -74.5658959, -51.8344402 ] ] ], [ [ [ -74.5975236, -51.5919361 ], [ -74.600295, -51.6105633 ], [ -74.5329979, -51.6227588 ], [ -74.5975236, -51.5919361 ] ] ], [ [ [ -74.5704874, -52.2344376 ], [ -74.6023999, -52.307452 ], [ -74.5771748, -52.2815245 ], [ -74.5905856, -52.3036685 ], [ -74.5571635, -52.3151824 ], [ -74.5379054, -52.2560928 ], [ -74.5704874, -52.2344376 ] ] ], [ [ [ -74.5479248, -51.7507801 ], [ -74.5915784, -51.7300396 ], [ -74.5994786, -51.7827549 ], [ -74.5479248, -51.7507801 ] ] ], [ [ [ -74.5948063, -52.1336224 ], [ -74.5482232, -52.1055517 ], [ -74.5766736, -52.0851489 ], [ -74.7966748, -52.1787178 ], [ -74.7511293, -52.1845202 ], [ -74.7376705, -52.2206781 ], [ -74.7117358, -52.2007202 ], [ -74.6613596, -52.204971 ], [ -74.6551685, -52.192337 ], [ -74.68419, -52.1894754 ], [ -74.6815481, -52.1739783 ], [ -74.6352936, -52.1949044 ], [ -74.6334118, -52.1436197 ], [ -74.6057613, -52.1514183 ], [ -74.5925729, -52.1196435 ], [ -74.5948063, -52.1336224 ] ] ], [ [ [ -74.6230102, -50.2464319 ], [ -74.5614524, -50.2876575 ], [ -74.551704, -50.2759975 ], [ -74.6230102, -50.2464319 ] ] ], [ [ [ -74.6034761, -50.6469396 ], [ -74.5751728, -50.6453134 ], [ -74.5587176, -50.6272718 ], [ -74.6001638, -50.622824 ], [ -74.6034761, -50.6469396 ] ] ], [ [ [ -74.5915042, -50.5944862 ], [ -74.5595768, -50.6121232 ], [ -74.5679949, -50.5921927 ], [ -74.5915042, -50.5944862 ] ] ], [ [ [ -74.6085603, -51.086091 ], [ -74.6724433, -51.1505925 ], [ -74.7512553, -51.1367111 ], [ -74.7590027, -51.1650083 ], [ -74.7191858, -51.1861557 ], [ -74.7102105, -51.1629064 ], [ -74.6649694, -51.2018508 ], [ -74.6291073, -51.1490914 ], [ -74.5970064, -51.1711654 ], [ -74.5715759, -51.1545048 ], [ -74.5604702, -51.1810606 ], [ -74.5849925, -51.1025931 ], [ -74.6085603, -51.086091 ] ] ], [ [ [ -74.6364872, -50.298343 ], [ -74.7155816, -50.2789653 ], [ -74.7557956, -50.307891 ], [ -74.6463356, -50.3179386 ], [ -74.6102885, -50.3122378 ], [ -74.6184834, -50.2903153 ], [ -74.5895276, -50.3150502 ], [ -74.5699215, -50.2929235 ], [ -74.6436227, -50.2771805 ], [ -74.6364872, -50.298343 ] ] ], [ [ [ -74.6262165, -52.3373446 ], [ -74.5969562, -52.3381014 ], [ -74.6066413, -52.3184815 ], [ -74.5896636, -52.3366512 ], [ -74.5710205, -52.3253641 ], [ -74.6033459, -52.3110997 ], [ -74.6262165, -52.3373446 ] ] ], [ [ [ -74.5900311, -52.3454815 ], [ -74.5769656, -52.3623606 ], [ -74.5730863, -52.3404286 ], [ -74.5900311, -52.3454815 ] ] ], [ [ [ -74.8419492, -52.0748757 ], [ -74.8849455, -52.1519198 ], [ -74.8211261, -52.1630028 ], [ -74.7751356, -52.1338258 ], [ -74.8125868, -52.1164702 ], [ -74.8118727, -52.099598 ], [ -74.7998461, -52.1187624 ], [ -74.7497615, -52.0989762 ], [ -74.7370099, -52.1161303 ], [ -74.7306855, -52.066843 ], [ -74.6950935, -52.0505527 ], [ -74.7019538, -52.015412 ], [ -74.6739163, -52.0220522 ], [ -74.6319723, -51.9874782 ], [ -74.6545572, -51.9719124 ], [ -74.717441, -52.0094871 ], [ -74.6755133, -51.9843158 ], [ -74.7012587, -51.9764576 ], [ -74.6294679, -51.958929 ], [ -74.6665621, -51.9612293 ], [ -74.6476049, -51.9446258 ], [ -74.6749906, -51.9272384 ], [ -74.6160917, -51.9125328 ], [ -74.5751599, -51.8398723 ], [ -74.6158876, -51.8838234 ], [ -74.6153535, -51.8467502 ], [ -74.665431, -51.8920116 ], [ -74.686841, -51.869152 ], [ -74.6631651, -51.8534698 ], [ -74.711751, -51.8719406 ], [ -74.6937895, -51.8530082 ], [ -74.7368746, -51.8306884 ], [ -74.8082344, -51.9748974 ], [ -74.7472354, -51.9646835 ], [ -74.8083488, -51.9810733 ], [ -74.8306958, -52.0615219 ], [ -74.7940052, -52.0538001 ], [ -74.8419492, -52.0748757 ] ], [ [ -74.8056908, -52.0334441 ], [ -74.7888356, -52.0426333 ], [ -74.7780921, -52.0165203 ], [ -74.784666, -52.0481267 ], [ -74.7441059, -52.0318649 ], [ -74.7887449, -52.0514877 ], [ -74.8056908, -52.0334441 ] ] ], [ [ [ -74.6690089, -52.3471732 ], [ -74.6965546, -52.3855204 ], [ -74.6295603, -52.3959742 ], [ -74.5828485, -52.3784039 ], [ -74.6148807, -52.3424003 ], [ -74.6690089, -52.3471732 ] ] ], [ [ [ -74.6868969, -50.5210213 ], [ -74.6730231, -50.57316 ], [ -74.6505292, -50.5652455 ], [ -74.6798993, -50.5931181 ], [ -74.6545678, -50.6080046 ], [ -74.5789141, -50.5330683 ], [ -74.6120251, -50.5093115 ], [ -74.6868969, -50.5210213 ] ] ], [ [ [ -74.9077539, -52.2265063 ], [ -74.8287564, -52.2763573 ], [ -74.7841659, -52.2667846 ], [ -74.7998252, -52.2931106 ], [ -74.7504927, -52.3007644 ], [ -74.7839564, -52.3043042 ], [ -74.7744066, -52.3207569 ], [ -74.7119984, -52.3378572 ], [ -74.6495604, -52.3238144 ], [ -74.6874676, -52.3038352 ], [ -74.6150195, -52.3100414 ], [ -74.6405248, -52.2889947 ], [ -74.5804699, -52.2142859 ], [ -74.6668562, -52.2325577 ], [ -74.6782386, -52.2713136 ], [ -74.7474115, -52.2619029 ], [ -74.7953609, -52.2220817 ], [ -74.8471276, -52.2165654 ], [ -74.8318028, -52.2045057 ], [ -74.8790854, -52.2004265 ], [ -74.9077539, -52.2265063 ] ] ], [ [ [ -74.665267, -51.7871246 ], [ -74.668004, -51.7645321 ], [ -74.7278529, -51.8221454 ], [ -74.6645098, -51.852642 ], [ -74.6011113, -51.8087902 ], [ -74.6282873, -51.8169002 ], [ -74.6267919, -51.7884922 ], [ -74.6586485, -51.8112697 ], [ -74.6558695, -51.7659187 ], [ -74.665267, -51.7871246 ] ] ], [ [ [ -74.6182985, -51.7007808 ], [ -74.6178331, -51.7180423 ], [ -74.6036195, -51.7012005 ], [ -74.6182985, -51.7007808 ] ] ], [ [ [ -74.6038719, -50.6439035 ], [ -74.6336741, -50.6538632 ], [ -74.6155753, -50.6718984 ], [ -74.6038719, -50.6439035 ] ] ], [ [ [ -74.6505539, -52.216886 ], [ -74.6276539, -52.2129723 ], [ -74.6316354, -52.2027196 ], [ -74.6505539, -52.216886 ] ] ], [ [ [ -74.9313657, -50.693292 ], [ -74.8078547, -50.7328681 ], [ -74.8493866, -50.7536507 ], [ -74.8803539, -50.7406343 ], [ -74.8370835, -50.7256318 ], [ -74.9409588, -50.7230964 ], [ -74.9470157, -50.7511485 ], [ -74.8708425, -50.7831382 ], [ -74.9468873, -50.7623916 ], [ -74.9461572, -50.7902202 ], [ -74.8456118, -50.8092644 ], [ -74.9308383, -50.8001775 ], [ -74.8578044, -50.8269515 ], [ -74.870409, -50.8430064 ], [ -74.9289357, -50.831146 ], [ -74.9103239, -50.8713372 ], [ -74.8531009, -50.8489227 ], [ -74.8741175, -50.866708 ], [ -74.6822909, -50.9015387 ], [ -74.6358547, -50.8151349 ], [ -74.673437, -50.8036144 ], [ -74.722454, -50.8871937 ], [ -74.7333779, -50.8420851 ], [ -74.6989846, -50.8323987 ], [ -74.7872251, -50.805486 ], [ -74.6975383, -50.8268482 ], [ -74.6883553, -50.7958919 ], [ -74.735086, -50.7987713 ], [ -74.7115182, -50.7827268 ], [ -74.7944502, -50.7375251 ], [ -74.7321071, -50.7546994 ], [ -74.766135, -50.706881 ], [ -74.7305947, -50.7189931 ], [ -74.7159702, -50.6921464 ], [ -74.8431875, -50.6591082 ], [ -74.7726424, -50.7043589 ], [ -74.8137159, -50.7144593 ], [ -74.8168743, -50.6879142 ], [ -74.893138, -50.6687706 ], [ -74.9313657, -50.693292 ] ], [ [ -74.7726228, -50.7756242 ], [ -74.7808899, -50.7684402 ], [ -74.7579317, -50.7718669 ], [ -74.7726228, -50.7756242 ] ] ], [ [ [ -74.6611423, -50.7699172 ], [ -74.6378646, -50.7649293 ], [ -74.658395, -50.7558343 ], [ -74.6611423, -50.7699172 ] ] ], [ [ [ -74.6690588, -51.722784 ], [ -74.6533308, -51.723526 ], [ -74.6404104, -51.699564 ], [ -74.6690588, -51.722784 ] ] ], [ [ [ -74.6715464, -50.7193203 ], [ -74.6415829, -50.7079887 ], [ -74.6771913, -50.6901269 ], [ -74.6715464, -50.7193203 ] ] ], [ [ [ -74.7102725, -51.0103006 ], [ -74.6944597, -51.0284367 ], [ -74.6489469, -51.0196141 ], [ -74.7102725, -51.0103006 ] ] ], [ [ [ -74.6801157, -51.4384536 ], [ -74.65561, -51.4265823 ], [ -74.6700487, -51.4183655 ], [ -74.6801157, -51.4384536 ] ] ], [ [ [ -74.7603979, -50.0953998 ], [ -74.7459378, -50.1259685 ], [ -74.6604853, -50.0785002 ], [ -74.706896, -50.0681188 ], [ -74.7603979, -50.0953998 ] ] ], [ [ [ -74.6851948, -50.755668 ], [ -74.6720673, -50.7655326 ], [ -74.6647288, -50.7552253 ], [ -74.6851948, -50.755668 ] ] ], [ [ [ -74.7405776, -50.2364946 ], [ -74.6758863, -50.2603202 ], [ -74.6657394, -50.241835 ], [ -74.7333537, -50.2179008 ], [ -74.7405776, -50.2364946 ] ] ], [ [ [ -74.7270461, -51.7185402 ], [ -74.7198229, -51.7855549 ], [ -74.6657533, -51.6945324 ], [ -74.7270461, -51.7185402 ] ] ], [ [ [ -74.6716242, -51.3320026 ], [ -74.7116938, -51.3930378 ], [ -74.754037, -51.4425354 ], [ -74.6839819, -51.4367523 ], [ -74.6716242, -51.3320026 ] ] ], [ [ [ -74.7664902, -52.2448686 ], [ -74.7045115, -52.2605979 ], [ -74.6787772, -52.2386497 ], [ -74.7358025, -52.2468524 ], [ -74.7132823, -52.2218994 ], [ -74.7561539, -52.2233609 ], [ -74.7664902, -52.2448686 ] ] ], [ [ [ -74.7445174, -51.5654049 ], [ -74.7093077, -51.5752716 ], [ -74.7037192, -51.5602951 ], [ -74.7445174, -51.5654049 ] ] ], [ [ [ -74.7749892, -51.5552578 ], [ -74.7064753, -51.5564537 ], [ -74.7486888, -51.5525551 ], [ -74.7214022, -51.5427341 ], [ -74.7749892, -51.5552578 ] ] ], [ [ [ -74.7430449, -50.66636 ], [ -74.7132011, -50.6822836 ], [ -74.7324409, -50.6533549 ], [ -74.7430449, -50.66636 ] ] ], [ [ [ -74.7172974, -52.0652131 ], [ -74.7315059, -52.0825376 ], [ -74.7144625, -52.0822616 ], [ -74.7172974, -52.0652131 ] ] ], [ [ [ -74.7406833, -50.5171807 ], [ -74.715611, -50.5173106 ], [ -74.7149031, -50.501816 ], [ -74.7406833, -50.5171807 ] ] ], [ [ [ -74.7450065, -50.0659262 ], [ -74.7242966, -50.0540758 ], [ -74.7777032, -50.0580215 ], [ -74.7450065, -50.0659262 ] ] ], [ [ [ -74.807651, -51.1741914 ], [ -74.7854872, -51.1789842 ], [ -74.7947488, -51.2027289 ], [ -74.752232, -51.2107266 ], [ -74.7364938, -51.18857 ], [ -74.807651, -51.1741914 ] ] ], [ [ [ -74.8337526, -52.0201725 ], [ -74.8270809, -51.992342 ], [ -74.8724091, -51.9820423 ], [ -74.8182003, -51.9847221 ], [ -74.8062126, -51.9506721 ], [ -74.854789, -51.9597511 ], [ -74.8067619, -51.943016 ], [ -74.8248798, -51.9206524 ], [ -74.800048, -51.9297428 ], [ -74.7630588, -51.8445816 ], [ -74.7856857, -51.8453865 ], [ -74.7510596, -51.8285083 ], [ -74.7686187, -51.7936992 ], [ -74.7463675, -51.8024597 ], [ -74.7515288, -51.7376251 ], [ -74.7997448, -51.7593918 ], [ -74.7532073, -51.7253742 ], [ -74.7820579, -51.6973781 ], [ -74.7558986, -51.6816349 ], [ -74.78679, -51.6894417 ], [ -74.7659751, -51.6548805 ], [ -74.8130809, -51.6331901 ], [ -74.8452274, -51.6620998 ], [ -74.8507282, -51.6270179 ], [ -74.9330743, -51.6591262 ], [ -74.8674004, -51.6799888 ], [ -74.882251, -51.7103958 ], [ -74.8010112, -51.7722587 ], [ -74.846637, -51.7544574 ], [ -74.8298981, -51.7790756 ], [ -74.8666241, -51.7618541 ], [ -74.8788731, -51.7876148 ], [ -74.8268921, -51.81501 ], [ -74.8470738, -51.851181 ], [ -74.8177997, -51.8362274 ], [ -74.7941448, -51.8625068 ], [ -74.844289, -51.867794 ], [ -74.8562367, -51.9424762 ], [ -74.8678677, -51.8723449 ], [ -74.8939393, -51.9233379 ], [ -74.8890527, -51.8889427 ], [ -74.932876, -51.9280052 ], [ -74.8833325, -51.8655815 ], [ -74.9203676, -51.8811493 ], [ -74.890384, -51.8523807 ], [ -74.9430441, -51.8075332 ], [ -75.0100798, -51.9402561 ], [ -75.0056224, -51.9569797 ], [ -74.9409155, -51.9536113 ], [ -75.0415111, -51.9861545 ], [ -75.0639082, -52.019827 ], [ -75.032456, -52.0552783 ], [ -75.0086096, -52.0416259 ], [ -75.022432, -52.0725433 ], [ -74.9465872, -52.0376207 ], [ -75.0158666, -52.0894989 ], [ -74.9764046, -52.0872543 ], [ -74.9422451, -52.0503102 ], [ -74.9439809, -52.1045654 ], [ -74.9962422, -52.0984476 ], [ -75.0129855, -52.1385033 ], [ -74.951835, -52.1298207 ], [ -74.9192714, -52.0575526 ], [ -74.9490112, -52.1329224 ], [ -74.8667519, -52.0872763 ], [ -74.854628, -52.0454178 ], [ -74.8919654, -52.0512898 ], [ -74.8484166, -52.0360336 ], [ -74.8693415, -52.0131733 ], [ -74.8337526, -52.0201725 ] ] ], [ [ [ -74.77512, -52.3646584 ], [ -74.7479236, -52.3576199 ], [ -74.770485, -52.3541459 ], [ -74.77512, -52.3646584 ] ] ], [ [ [ -74.8085866, -50.6532291 ], [ -74.7736206, -50.6666199 ], [ -74.7568876, -50.6496217 ], [ -74.7705812, -50.6363454 ], [ -74.8085866, -50.6532291 ] ] ], [ [ [ -74.7683018, -51.1508674 ], [ -74.7600206, -51.1324763 ], [ -74.7913713, -51.127951 ], [ -74.7683018, -51.1508674 ] ] ], [ [ [ -74.7965216, -51.1329382 ], [ -74.8109792, -51.1523499 ], [ -74.7729757, -51.1612472 ], [ -74.7683525, -51.1509799 ], [ -74.7965216, -51.1329382 ] ] ], [ [ [ -74.8266994, -51.4568081 ], [ -74.842107, -51.4981479 ], [ -74.7997867, -51.4563751 ], [ -74.7638389, -51.4699802 ], [ -74.7804614, -51.4493713 ], [ -74.8266994, -51.4568081 ] ] ], [ [ [ -75.3250887, -49.9905368 ], [ -75.3471759, -50.0379758 ], [ -75.3774023, -50.035471 ], [ -75.3666674, -50.0001279 ], [ -75.4183672, -50.0269294 ], [ -75.3385327, -50.1252481 ], [ -75.2822743, -50.1456992 ], [ -75.25681, -50.1247816 ], [ -75.2287242, -50.1610695 ], [ -75.1903269, -50.1460639 ], [ -75.1714104, -50.1792854 ], [ -75.1212356, -50.1624963 ], [ -75.1319389, -50.1381366 ], [ -75.1399258, -50.162035 ], [ -75.1556835, -50.1471989 ], [ -75.1425586, -50.1223956 ], [ -75.1131065, -50.1540978 ], [ -75.0945604, -50.1307507 ], [ -75.1087231, -50.1746519 ], [ -75.1626309, -50.2143318 ], [ -75.133061, -50.2567226 ], [ -75.2056416, -50.269582 ], [ -75.227338, -50.2431074 ], [ -75.2711105, -50.2537671 ], [ -75.2736608, -50.2207333 ], [ -75.3283278, -50.2286977 ], [ -75.3483219, -50.1900793 ], [ -75.3213154, -50.2070544 ], [ -75.2459539, -50.1866303 ], [ -75.3687966, -50.142896 ], [ -75.4190114, -50.1662823 ], [ -75.4421095, -50.2397848 ], [ -75.3976187, -50.2581618 ], [ -75.4630899, -50.2712605 ], [ -75.4563162, -50.3789026 ], [ -75.3658785, -50.3198677 ], [ -75.3448637, -50.3506958 ], [ -75.3075224, -50.3240368 ], [ -75.3264206, -50.3088501 ], [ -75.2456852, -50.3072918 ], [ -75.3149769, -50.3594002 ], [ -75.222043, -50.3318737 ], [ -75.1901463, -50.2950222 ], [ -75.2125789, -50.3278999 ], [ -75.189883, -50.3377628 ], [ -75.2669382, -50.3607752 ], [ -75.2464852, -50.3827357 ], [ -75.2908473, -50.3830383 ], [ -75.3394979, -50.4416959 ], [ -75.2843719, -50.4515514 ], [ -75.2662988, -50.4294402 ], [ -75.2311061, -50.4568841 ], [ -75.1340861, -50.3737158 ], [ -75.1561678, -50.3395346 ], [ -75.1280064, -50.3569559 ], [ -75.073748, -50.3411005 ], [ -75.1031989, -50.3120714 ], [ -75.0533725, -50.325424 ], [ -75.0663326, -50.3088922 ], [ -75.03889, -50.3168765 ], [ -75.0018069, -50.2751114 ], [ -74.9353894, -50.2555849 ], [ -74.9348714, -50.2321881 ], [ -74.9783276, -50.2324216 ], [ -74.9598896, -50.2133604 ], [ -74.8967213, -50.2017473 ], [ -74.9189238, -50.22258 ], [ -74.8336786, -50.231142 ], [ -74.815139, -50.2029081 ], [ -74.8812471, -50.1894409 ], [ -74.8165142, -50.1982123 ], [ -74.8322292, -50.1661059 ], [ -74.7852791, -50.1877433 ], [ -74.7967965, -50.1450802 ], [ -74.7709893, -50.1463359 ], [ -74.8469112, -50.1032001 ], [ -74.8268521, -50.1163852 ], [ -74.8838192, -50.1195067 ], [ -74.8055962, -50.1551935 ], [ -74.8748748, -50.1302527 ], [ -74.848679, -50.1741518 ], [ -74.8685971, -50.1746163 ], [ -74.8964236, -50.1291226 ], [ -74.9441429, -50.1772097 ], [ -74.9109684, -50.1321933 ], [ -74.9317006, -50.1048561 ], [ -74.950344, -50.1522722 ], [ -74.9723851, -50.1672555 ], [ -74.9542848, -50.129736 ], [ -74.9873307, -50.1625634 ], [ -75.0077323, -50.1551846 ], [ -75.0262154, -50.1986569 ], [ -75.0225196, -50.1767503 ], [ -75.0569126, -50.1819506 ], [ -74.9322387, -50.0978364 ], [ -74.9550343, -50.0673386 ], [ -75.0222966, -50.0941043 ], [ -75.0259182, -50.1405558 ], [ -75.0477414, -50.1097762 ], [ -75.0638697, -50.1296708 ], [ -75.0689564, -50.0770217 ], [ -75.088805, -50.1088884 ], [ -75.0734368, -50.0706297 ], [ -75.1327954, -50.1020773 ], [ -75.0895457, -50.0597825 ], [ -75.1418749, -50.0149035 ], [ -75.2210715, -50.0132542 ], [ -75.2678857, -50.0693561 ], [ -75.2681737, -50.0259583 ], [ -75.292492, -50.0221825 ], [ -75.2969471, -50.0586049 ], [ -75.3119328, -50.0373081 ], [ -75.271973, -49.9968355 ], [ -75.3250887, -49.9905368 ] ] ], [ [ [ -74.7936311, -52.2072507 ], [ -74.7804772, -52.2175515 ], [ -74.7878917, -52.1949633 ], [ -74.7936311, -52.2072507 ] ] ], [ [ [ -74.8003364, -49.0847471 ], [ -74.7853327, -49.0771754 ], [ -74.8034292, -49.0667283 ], [ -74.8003364, -49.0847471 ] ] ], [ [ [ -74.9749564, -51.1823319 ], [ -75.0279757, -51.2269714 ], [ -74.8617021, -51.196219 ], [ -74.8777673, -51.2202204 ], [ -74.8456661, -51.2445433 ], [ -74.8011456, -51.1875576 ], [ -74.8290565, -51.1757059 ], [ -74.8365298, -51.1950693 ], [ -74.8440822, -51.1635158 ], [ -74.9749564, -51.1823319 ] ] ], [ [ [ -74.9342263, -51.0990578 ], [ -74.9022445, -51.1260886 ], [ -74.9562955, -51.094087 ], [ -75.0186421, -51.180454 ], [ -74.9367354, -51.1694521 ], [ -74.9453997, -51.1524614 ], [ -74.8305663, -51.1552201 ], [ -74.8171358, -51.1172278 ], [ -74.8525333, -51.1195108 ], [ -74.8284666, -51.1068801 ], [ -74.9342263, -51.0990578 ] ] ], [ [ [ -75.0941328, -48.9973504 ], [ -75.0248126, -49.0426448 ], [ -75.1006435, -49.0021924 ], [ -75.0962917, -49.0290894 ], [ -75.1186997, -49.0176895 ], [ -75.2039742, -49.1315203 ], [ -75.0936911, -49.0842747 ], [ -75.1245724, -49.102864 ], [ -75.0704787, -49.1099304 ], [ -75.140079, -49.1122619 ], [ -75.1784193, -49.1413523 ], [ -75.0401359, -49.139211 ], [ -74.9581325, -49.2381841 ], [ -74.9093557, -49.2397537 ], [ -74.9174012, -49.2658502 ], [ -74.8681951, -49.2857552 ], [ -74.8293345, -49.1211019 ], [ -74.8885261, -49.1473169 ], [ -74.8317807, -49.1161975 ], [ -74.8246994, -49.0751219 ], [ -74.9420983, -48.9991289 ], [ -74.92483, -49.0520708 ], [ -74.9528338, -49.0908527 ], [ -74.9523586, -49.0366327 ], [ -75.0248596, -49.0270011 ], [ -75.0753947, -48.9809345 ], [ -75.0941328, -48.9973504 ] ] ], [ [ [ -74.9168102, -50.2281204 ], [ -74.8793447, -50.2948469 ], [ -74.832072, -50.2523106 ], [ -74.9168102, -50.2281204 ] ] ], [ [ [ -74.8343975, -51.4556007 ], [ -74.8913758, -51.4949932 ], [ -74.8498165, -51.513174 ], [ -74.8343975, -51.4556007 ] ] ], [ [ [ -74.8629742, -50.5302474 ], [ -74.8691152, -50.5594126 ], [ -74.835003, -50.5655336 ], [ -74.8629742, -50.5302474 ] ] ], [ [ [ -74.8900291, -52.2523073 ], [ -74.9266136, -52.2789076 ], [ -74.8551472, -52.2838045 ], [ -74.8768738, -52.3092054 ], [ -74.8410995, -52.3213451 ], [ -74.840813, -52.293244 ], [ -74.8900291, -52.2523073 ] ] ], [ [ [ -74.9685549, -51.2351814 ], [ -74.9244715, -51.2480668 ], [ -74.9981875, -51.2550983 ], [ -74.9652761, -51.2756672 ], [ -75.0362334, -51.2563037 ], [ -75.0644813, -51.2864646 ], [ -74.9917597, -51.3201389 ], [ -74.8688004, -51.2507324 ], [ -74.9685549, -51.2351814 ] ] ], [ [ [ -74.8896264, -49.8073678 ], [ -74.8699189, -49.8177866 ], [ -74.882147, -49.7946607 ], [ -74.8896264, -49.8073678 ] ] ], [ [ [ -75.053292, -50.4000443 ], [ -75.1060035, -50.4543095 ], [ -75.0785208, -50.4785604 ], [ -75.0224197, -50.4675684 ], [ -75.0084141, -50.4203181 ], [ -75.0491137, -50.4217267 ], [ -75.0363796, -50.409244 ], [ -75.0081075, -50.4179878 ], [ -74.9642085, -50.3975452 ], [ -74.990389, -50.3883733 ], [ -74.9444622, -50.3829424 ], [ -75.0753453, -50.3572817 ], [ -75.0083, -50.3613291 ], [ -75.0401841, -50.3512066 ], [ -75.0019217, -50.3449147 ], [ -75.0214025, -50.3311879 ], [ -74.9132544, -50.3555582 ], [ -74.8834497, -50.3082083 ], [ -74.9212576, -50.2697475 ], [ -75.1363914, -50.384338 ], [ -75.1046804, -50.3778783 ], [ -75.053292, -50.4000443 ] ] ], [ [ [ -74.9914278, -51.4976654 ], [ -74.9962, -51.5410099 ], [ -74.929746, -51.5239448 ], [ -74.9400362, -51.5507679 ], [ -74.9162973, -51.5316906 ], [ -74.9330495, -51.5566234 ], [ -74.8971246, -51.553215 ], [ -74.909057, -51.4664287 ], [ -74.9914278, -51.4976654 ] ] ], [ [ [ -74.9413458, -52.1378285 ], [ -74.9111101, -52.1410312 ], [ -74.8960421, -52.1192677 ], [ -74.9413458, -52.1378285 ] ] ], [ [ [ -74.930638, -50.6427049 ], [ -74.8976273, -50.6554175 ], [ -74.8985731, -50.6406842 ], [ -74.930638, -50.6427049 ] ] ], [ [ [ -74.9647735, -49.59971 ], [ -74.9276435, -49.6130021 ], [ -74.9466383, -49.581464 ], [ -74.9171498, -49.6103355 ], [ -74.9111265, -49.591017 ], [ -74.9454249, -49.5734805 ], [ -74.9647735, -49.59971 ] ] ], [ [ [ -74.945923, -50.8294083 ], [ -74.9262889, -50.8181257 ], [ -74.9442418, -50.8051143 ], [ -74.945923, -50.8294083 ] ] ], [ [ [ -75.0536972, -51.7280082 ], [ -75.0781113, -51.8022079 ], [ -75.1267411, -51.8237934 ], [ -75.0628792, -51.855545 ], [ -75.1019818, -51.8759803 ], [ -75.1007306, -51.9273529 ], [ -75.0590225, -51.9242515 ], [ -75.070171, -51.9016742 ], [ -74.9953074, -51.9001217 ], [ -74.9519495, -51.7955474 ], [ -74.9841856, -51.7897625 ], [ -74.9490618, -51.7807159 ], [ -74.9818224, -51.7174453 ], [ -75.0536972, -51.7280082 ] ] ], [ [ [ -75.0702157, -48.9757818 ], [ -74.9508687, -49.0357066 ], [ -74.9975075, -48.9631025 ], [ -75.0702157, -48.9757818 ] ] ], [ [ [ -74.9941054, -50.4396238 ], [ -74.9599786, -50.4240722 ], [ -74.9938026, -50.4114492 ], [ -74.9941054, -50.4396238 ] ] ], [ [ [ -75.0069292, -50.949247 ], [ -74.9707895, -50.988241 ], [ -74.9618963, -50.963573 ], [ -75.0069292, -50.949247 ] ] ], [ [ [ -75.0634518, -50.9936731 ], [ -75.0027406, -51.0138939 ], [ -74.9660145, -50.9943731 ], [ -75.0439083, -50.9714312 ], [ -75.0634518, -50.9936731 ] ] ], [ [ [ -75.0007408, -50.6821104 ], [ -74.9914285, -50.6550735 ], [ -75.0421941, -50.6509768 ], [ -75.0665057, -50.6794669 ], [ -75.0254564, -50.6947727 ], [ -75.0359213, -50.728982 ], [ -75.1029709, -50.7105471 ], [ -75.0687126, -50.7575347 ], [ -75.0348893, -50.7553713 ], [ -75.0506151, -50.782629 ], [ -74.9961362, -50.826638 ], [ -74.9702593, -50.7328098 ], [ -75.0121984, -50.7434073 ], [ -74.9670681, -50.7109538 ], [ -74.9710753, -50.6425896 ], [ -75.0007408, -50.6821104 ] ] ], [ [ [ -75.1156828, -51.2500378 ], [ -75.1571195, -51.3040733 ], [ -75.1824911, -51.2923736 ], [ -75.2219657, -51.3338031 ], [ -75.1481511, -51.3903713 ], [ -75.1921366, -51.3784523 ], [ -75.2209166, -51.4015598 ], [ -75.2346686, -51.4441413 ], [ -75.1956328, -51.485857 ], [ -75.3351137, -51.53372 ], [ -75.3179551, -51.5700035 ], [ -75.3492929, -51.5868911 ], [ -75.3127766, -51.6441497 ], [ -75.262001, -51.6140804 ], [ -75.2129382, -51.6286201 ], [ -75.1820486, -51.6092414 ], [ -75.2217807, -51.5569572 ], [ -75.1648462, -51.5950546 ], [ -75.1310098, -51.5150413 ], [ -75.1507032, -51.4086895 ], [ -75.134958, -51.4517974 ], [ -75.0961357, -51.4824752 ], [ -75.1101872, -51.4301567 ], [ -75.0853706, -51.4442997 ], [ -75.077581, -51.3950061 ], [ -75.0592437, -51.4199791 ], [ -75.0386825, -51.4086361 ], [ -75.0718342, -51.3603458 ], [ -75.00818, -51.4082317 ], [ -75.0265479, -51.3564682 ], [ -74.9919123, -51.3784923 ], [ -74.9763121, -51.3623619 ], [ -74.9921679, -51.3420791 ], [ -74.9790072, -51.322092 ], [ -75.0587783, -51.3212661 ], [ -75.0807606, -51.2947578 ], [ -75.1401822, -51.385313 ], [ -75.0996071, -51.2915325 ], [ -75.1156828, -51.2500378 ] ] ], [ [ [ -75.0404087, -48.9097361 ], [ -74.9812139, -48.9252668 ], [ -75.0168402, -48.9032657 ], [ -75.0404087, -48.9097361 ] ] ], [ [ [ -75.0877207, -48.6626127 ], [ -75.0689509, -48.6860586 ], [ -75.0975564, -48.6734362 ], [ -75.1428834, -48.6981038 ], [ -75.0998773, -48.7174036 ], [ -75.1061223, -48.7256067 ], [ -75.1604943, -48.7118323 ], [ -75.2156566, -48.7444047 ], [ -75.1860456, -48.7659674 ], [ -75.2175596, -48.7625075 ], [ -75.184734, -48.7707704 ], [ -75.1716051, -48.7598799 ], [ -75.0473631, -48.8259685 ], [ -74.9909425, -48.6723314 ], [ -75.0050316, -48.5954967 ], [ -75.0877207, -48.6626127 ] ] ], [ [ [ -75.0450581, -49.9174348 ], [ -75.0081943, -49.9271815 ], [ -74.9910198, -49.9077051 ], [ -75.0183158, -49.9071039 ], [ -75.0450581, -49.9174348 ] ] ], [ [ [ -75.2600568, -48.7747338 ], [ -75.1720476, -48.8619624 ], [ -75.2120515, -48.8504387 ], [ -75.1730961, -48.9399517 ], [ -75.1751827, -48.9755068 ], [ -75.1496761, -48.9719977 ], [ -75.1368165, -48.9950027 ], [ -75.0772428, -48.9347236 ], [ -74.9936504, -48.9323694 ], [ -75.1165297, -48.9079768 ], [ -75.0870103, -48.8993475 ], [ -75.125895, -48.8775593 ], [ -75.0551724, -48.9039513 ], [ -75.0581707, -48.8828026 ], [ -75.0160728, -48.89489 ], [ -75.0641812, -48.8261428 ], [ -75.2600568, -48.7747338 ] ] ], [ [ [ -75.0171992, -50.078023 ], [ -74.9964562, -50.0834465 ], [ -75.0014742, -50.0702017 ], [ -75.0171992, -50.078023 ] ] ], [ [ [ -75.0672086, -50.0292139 ], [ -75.0479201, -50.0915929 ], [ -75.0095093, -50.0416921 ], [ -75.0672086, -50.0292139 ] ] ], [ [ [ -75.0478569, -50.0952686 ], [ -75.0378165, -50.1059431 ], [ -75.0311329, -50.0884264 ], [ -75.0478569, -50.0952686 ] ] ], [ [ [ -75.2168981, -49.1713 ], [ -75.1614621, -49.2387857 ], [ -75.0374168, -49.2304067 ], [ -75.1313156, -49.198159 ], [ -75.1338396, -49.1725307 ], [ -75.2168981, -49.1713 ] ] ], [ [ [ -75.1191868, -49.1958636 ], [ -75.046306, -49.2183109 ], [ -75.0853674, -49.1725917 ], [ -75.1215684, -49.1704781 ], [ -75.1191868, -49.1958636 ] ] ], [ [ [ -75.1069245, -49.8790102 ], [ -75.0696605, -49.8886301 ], [ -75.0585264, -49.8740569 ], [ -75.1069245, -49.8790102 ] ] ], [ [ [ -75.431933, -50.4765489 ], [ -75.3995241, -50.4948772 ], [ -75.4377168, -50.4838644 ], [ -75.4731775, -50.5065342 ], [ -75.4161047, -50.5630754 ], [ -75.3205623, -50.5999315 ], [ -75.3951, -50.5932763 ], [ -75.3420636, -50.6302556 ], [ -75.4400977, -50.5976648 ], [ -75.4462701, -50.6414603 ], [ -75.3978993, -50.6432341 ], [ -75.4854292, -50.6437542 ], [ -75.5084128, -50.6653833 ], [ -75.3407394, -50.6872955 ], [ -75.4431132, -50.6983241 ], [ -75.4529988, -50.7376941 ], [ -75.3919759, -50.7364362 ], [ -75.4274678, -50.7387345 ], [ -75.4276111, -50.7634313 ], [ -75.3776274, -50.7916041 ], [ -75.3203293, -50.7836266 ], [ -75.3126516, -50.748622 ], [ -75.3060511, -50.7786211 ], [ -75.3368979, -50.8079207 ], [ -75.2714652, -50.7985938 ], [ -75.2354289, -50.7443246 ], [ -75.3192976, -50.7101914 ], [ -75.2316866, -50.7093301 ], [ -75.2804215, -50.6934803 ], [ -75.2155027, -50.6677429 ], [ -75.2995994, -50.6546574 ], [ -75.3087945, -50.6392473 ], [ -75.2261558, -50.6340024 ], [ -75.3207766, -50.5522651 ], [ -75.2620268, -50.5433477 ], [ -75.2788084, -50.578857 ], [ -75.2094181, -50.6176144 ], [ -75.211942, -50.5911538 ], [ -75.1983111, -50.6116538 ], [ -75.1668755, -50.5902458 ], [ -75.2175143, -50.5530139 ], [ -75.1520091, -50.5687473 ], [ -75.1717812, -50.5373902 ], [ -75.1288219, -50.554723 ], [ -75.0608314, -50.5059715 ], [ -75.2507712, -50.4871872 ], [ -75.3044742, -50.529129 ], [ -75.270092, -50.4845525 ], [ -75.3313936, -50.4741202 ], [ -75.3353177, -50.5130398 ], [ -75.3409444, -50.4721673 ], [ -75.431933, -50.4765489 ] ] ], [ [ [ -75.0917943, -49.8956992 ], [ -75.0718024, -49.9031145 ], [ -75.0643259, -49.8886807 ], [ -75.0917943, -49.8956992 ] ] ], [ [ [ -75.0981289, -50.0119318 ], [ -75.0789031, -50.029028 ], [ -75.0721544, -50.0066034 ], [ -75.0981289, -50.0119318 ] ] ], [ [ [ -75.0953147, -51.1499656 ], [ -75.0751817, -51.1429188 ], [ -75.1199347, -51.1415809 ], [ -75.0953147, -51.1499656 ] ] ], [ [ [ -75.1077267, -51.50988 ], [ -75.0788094, -51.5228748 ], [ -75.0883556, -51.5021762 ], [ -75.1077267, -51.50988 ] ] ], [ [ [ -75.1516853, -50.3925556 ], [ -75.2072729, -50.4504829 ], [ -75.1569464, -50.4762693 ], [ -75.0815133, -50.3969457 ], [ -75.1516853, -50.3925556 ] ] ], [ [ [ -75.4991983, -49.5574259 ], [ -75.5067025, -49.5969785 ], [ -75.5130409, -49.5814041 ], [ -75.5550268, -49.5926064 ], [ -75.610243, -49.6357318 ], [ -75.5784342, -49.6461352 ], [ -75.5801107, -49.6974017 ], [ -75.5124251, -49.7131799 ], [ -75.5270131, -49.7384048 ], [ -75.5991431, -49.7386797 ], [ -75.6337671, -49.7622087 ], [ -75.5988436, -49.8208058 ], [ -75.6205802, -49.8517222 ], [ -75.3794149, -49.7475993 ], [ -75.3549184, -49.6875152 ], [ -75.3548851, -49.7526504 ], [ -75.3201035, -49.760998 ], [ -75.3513672, -49.7573915 ], [ -75.3807798, -49.7980952 ], [ -75.3513719, -49.8537003 ], [ -75.2422047, -49.8817604 ], [ -75.277456, -49.8100041 ], [ -75.2167605, -49.8730439 ], [ -75.1498707, -49.8917657 ], [ -75.1562559, -49.8387006 ], [ -75.3257725, -49.5916294 ], [ -75.3641745, -49.5787733 ], [ -75.3565398, -49.6190099 ], [ -75.4446132, -49.5685709 ], [ -75.4540696, -49.6102108 ], [ -75.4991983, -49.5574259 ] ] ], [ [ [ -75.5178018, -48.7897093 ], [ -75.4959732, -48.8203952 ], [ -75.5395105, -48.8015081 ], [ -75.5223903, -48.847085 ], [ -75.5490058, -48.8005709 ], [ -75.599617, -48.8514754 ], [ -75.6322699, -48.8488166 ], [ -75.6304, -48.9339792 ], [ -75.6108944, -48.9224223 ], [ -75.5053801, -48.9594399 ], [ -75.4350701, -48.9080154 ], [ -75.4510165, -48.9340117 ], [ -75.4218041, -48.9278582 ], [ -75.454045, -48.9590689 ], [ -75.4453743, -48.9384768 ], [ -75.4855929, -48.9668329 ], [ -75.5453841, -48.9723793 ], [ -75.4489075, -49.0371122 ], [ -75.3198555, -48.9092472 ], [ -75.3312503, -48.9416466 ], [ -75.2549638, -48.9031026 ], [ -75.2742943, -48.9391458 ], [ -75.2343777, -49.0634858 ], [ -75.2160942, -49.0408452 ], [ -75.2196861, -49.0600212 ], [ -75.1898173, -49.0486147 ], [ -75.1441782, -49.0023356 ], [ -75.1559789, -48.9815425 ], [ -75.2031715, -48.9850831 ], [ -75.1769441, -48.9550501 ], [ -75.2259381, -48.8422903 ], [ -75.3249669, -48.804135 ], [ -75.2841393, -48.9079632 ], [ -75.3211575, -48.8659129 ], [ -75.3598052, -48.8850255 ], [ -75.3279367, -48.8524914 ], [ -75.3443245, -48.8261223 ], [ -75.3971236, -48.8754323 ], [ -75.3397547, -48.7947633 ], [ -75.5077494, -48.8827633 ], [ -75.3905163, -48.8026136 ], [ -75.5178018, -48.7897093 ] ] ], [ [ [ -75.258252, -50.2166127 ], [ -75.1712399, -50.2428611 ], [ -75.1899423, -50.2051557 ], [ -75.2455705, -50.1962399 ], [ -75.258252, -50.2166127 ] ] ], [ [ [ -75.1911077, -49.0813191 ], [ -75.2331615, -49.1201046 ], [ -75.2169081, -49.1169459 ], [ -75.1911077, -49.0813191 ] ] ], [ [ [ -75.2267353, -50.1677619 ], [ -75.1957982, -50.1748838 ], [ -75.1919806, -50.163099 ], [ -75.2267353, -50.1677619 ] ] ], [ [ [ -75.2482499, -49.199585 ], [ -75.2148977, -49.2098908 ], [ -75.2264717, -49.1958129 ], [ -75.2482499, -49.199585 ] ] ], [ [ [ -75.2296342, -50.4655234 ], [ -75.2188036, -50.4717603 ], [ -75.2177002, -50.458538 ], [ -75.2296342, -50.4655234 ] ] ], [ [ [ -75.2519279, -50.7336613 ], [ -75.2354997, -50.7409749 ], [ -75.2355213, -50.7292402 ], [ -75.2519279, -50.7336613 ] ] ], [ [ [ -75.2757669, -50.0167061 ], [ -75.2597196, -50.0269374 ], [ -75.2612654, -50.0491556 ], [ -75.236449, -50.011208 ], [ -75.2757669, -50.0167061 ] ] ], [ [ [ -75.2815813, -48.9332835 ], [ -75.4201068, -49.0311412 ], [ -75.362973, -49.0348281 ], [ -75.4954873, -49.0948558 ], [ -75.4365619, -49.1089086 ], [ -75.4971059, -49.1005722 ], [ -75.5474906, -49.154369 ], [ -75.491189, -49.0722532 ], [ -75.5750653, -49.1159884 ], [ -75.5978267, -49.1572074 ], [ -75.5667951, -49.196434 ], [ -75.6227545, -49.1652826 ], [ -75.5928615, -49.2241787 ], [ -75.5670105, -49.21297 ], [ -75.4663837, -49.2444661 ], [ -75.4173606, -49.1687613 ], [ -75.4535833, -49.1395481 ], [ -75.3927619, -49.1564836 ], [ -75.384264, -49.1209947 ], [ -75.3444417, -49.071413 ], [ -75.3275356, -49.0929622 ], [ -75.3630489, -49.0990478 ], [ -75.3746175, -49.1761089 ], [ -75.305188, -49.0886738 ], [ -75.3206999, -49.1273977 ], [ -75.2373406, -49.0728959 ], [ -75.2727198, -49.0086308 ], [ -75.3387205, -49.0199582 ], [ -75.2695352, -48.9970706 ], [ -75.2815813, -48.9332835 ] ] ], [ [ [ -75.2907493, -49.1550653 ], [ -75.3003665, -49.1778271 ], [ -75.247395, -49.1412661 ], [ -75.2907493, -49.1550653 ] ] ], [ [ [ -75.3348177, -48.7801525 ], [ -75.2481297, -48.8299409 ], [ -75.2771571, -48.767432 ], [ -75.3348177, -48.7801525 ] ] ], [ [ [ -75.3114753, -49.5358679 ], [ -75.3132352, -49.5886972 ], [ -75.2577659, -49.5559814 ], [ -75.3114753, -49.5358679 ] ] ], [ [ [ -75.4688751, -48.7834589 ], [ -75.3830537, -48.7831269 ], [ -75.3011402, -48.734216 ], [ -75.3384685, -48.7280039 ], [ -75.4688751, -48.7834589 ] ] ], [ [ [ -75.3363059, -49.1523491 ], [ -75.3118565, -49.1384899 ], [ -75.319732, -49.1307007 ], [ -75.3363059, -49.1523491 ] ] ], [ [ [ -75.3422453, -50.3582139 ], [ -75.3883896, -50.4112588 ], [ -75.312752, -50.3689062 ], [ -75.3422453, -50.3582139 ] ] ], [ [ [ -75.3425043, -49.4692319 ], [ -75.3356005, -49.4885459 ], [ -75.3700834, -49.5157152 ], [ -75.3194543, -49.5165296 ], [ -75.3425043, -49.4692319 ] ] ], [ [ [ -75.3474948, -49.5510061 ], [ -75.3306353, -49.5585819 ], [ -75.3246318, -49.5417294 ], [ -75.3474948, -49.5510061 ] ] ], [ [ [ -75.4084134, -50.3811935 ], [ -75.4777452, -50.4024152 ], [ -75.4599251, -50.4317078 ], [ -75.361446, -50.3593803 ], [ -75.3772553, -50.3404523 ], [ -75.4084134, -50.3811935 ] ] ], [ [ [ -75.3962095, -50.431647 ], [ -75.366779, -50.4272669 ], [ -75.4030814, -50.4182339 ], [ -75.3962095, -50.431647 ] ] ], [ [ [ -75.4028829, -49.5761086 ], [ -75.3753198, -49.5792472 ], [ -75.3840291, -49.5656724 ], [ -75.4028829, -49.5761086 ] ] ], [ [ [ -75.3757359, -49.1794042 ], [ -75.4174066, -49.185083 ], [ -75.4196847, -49.2184813 ], [ -75.3757359, -49.1794042 ] ] ], [ [ [ -75.380987, -49.7624614 ], [ -75.4148741, -49.7920754 ], [ -75.3892976, -49.8090537 ], [ -75.380987, -49.7624614 ] ] ], [ [ [ -75.3894517, -49.5448729 ], [ -75.4275412, -49.5297719 ], [ -75.4381047, -49.5548426 ], [ -75.3813962, -49.5567785 ], [ -75.3970042, -49.5248499 ], [ -75.3894517, -49.5448729 ] ] ], [ [ [ -75.4257108, -49.5241501 ], [ -75.4049648, -49.5268639 ], [ -75.4171541, -49.4925689 ], [ -75.4257108, -49.5241501 ] ] ], [ [ [ -75.4875129, -49.4509278 ], [ -75.5223023, -49.4296256 ], [ -75.5446974, -49.4479629 ], [ -75.4403004, -49.5258747 ], [ -75.4278662, -49.4595831 ], [ -75.4612456, -49.463833 ], [ -75.5039508, -49.4296695 ], [ -75.4875129, -49.4509278 ] ] ], [ [ [ -75.6684641, -48.9811682 ], [ -75.681302, -49.0204832 ], [ -75.6199566, -49.0134349 ], [ -75.6046036, -49.0501292 ], [ -75.5416081, -49.0516134 ], [ -75.5210047, -49.0732372 ], [ -75.4572038, -49.0451029 ], [ -75.5049072, -49.0031899 ], [ -75.6684641, -48.9811682 ] ] ], [ [ [ -75.5127, -49.3770999 ], [ -75.545366, -49.4167937 ], [ -75.4643646, -49.4288454 ], [ -75.4657795, -49.3977506 ], [ -75.4938503, -49.4042211 ], [ -75.5127, -49.3770999 ] ] ], [ [ [ -75.5393098, -48.7949989 ], [ -75.5138231, -48.8049886 ], [ -75.5246347, -48.7888277 ], [ -75.5393098, -48.7949989 ] ] ], [ [ [ -75.5526411, -49.0857299 ], [ -75.5723182, -49.078806 ], [ -75.5745896, -49.1005942 ], [ -75.5388409, -49.0837599 ], [ -75.5446602, -49.0732805 ], [ -75.5526411, -49.0857299 ] ] ], [ [ [ -75.5703142, -49.0726637 ], [ -75.5530162, -49.0775939 ], [ -75.5602887, -49.0605047 ], [ -75.5703142, -49.0726637 ] ] ], [ [ [ -75.5913811, -48.9524417 ], [ -75.5719879, -48.9559429 ], [ -75.585251, -48.9402222 ], [ -75.5913811, -48.9524417 ] ] ], [ [ [ -75.6087737, -49.1044719 ], [ -75.6014884, -49.1235745 ], [ -75.58583, -49.089101 ], [ -75.6087737, -49.1044719 ] ] ], [ [ [ -75.6259759, -49.0239237 ], [ -75.6469622, -49.0500969 ], [ -75.608273, -49.0573785 ], [ -75.6259759, -49.0239237 ] ] ], [ [ [ -75.6491948, -49.0934824 ], [ -75.6294158, -49.1289996 ], [ -75.6185072, -49.0868422 ], [ -75.6491948, -49.0934824 ] ] ], [ [ [ -75.6761602, -49.1473228 ], [ -75.6627281, -49.173296 ], [ -75.6194303, -49.1591896 ], [ -75.6188141, -49.1437078 ], [ -75.6430145, -49.1601647 ], [ -75.6761602, -49.1473228 ] ] ], [ [ [ -75.6547401, -48.9247827 ], [ -75.6351113, -48.9221046 ], [ -75.6524289, -48.9113157 ], [ -75.6547401, -48.9247827 ] ] ], [ [ [ -75.6905509, -49.1931026 ], [ -75.6679779, -49.2004489 ], [ -75.6703982, -49.1851671 ], [ -75.6905509, -49.1931026 ] ] ] ] } },
{ "type": "Feature", "properties": { "geo_id": "region:13", "nombre": "METROPOLITANA DE SANTIAGO" }, "geometry": { "type": "Polygon", "coordinates": [ [ [ -70.7326743, -32.9244206 ], [ -70.8419452, -32.9224065 ], [ -71.0209223, -32.9810894 ], [ -70.99774, -33.19857 ], [ -71.0745691, -33.2308327 ], [ -71.2161349, -33.2344504 ], [ -71.195279, -33.3108263 ], [ -71.2228433, -33.3726938 ], [ -71.3428952, -33.4161311 ], [ -71.3358746, -33.606903 ], [ -71.4377479, -33.681243 ], [ -71.3580567, -33.7553676 ], [ -71.4287733, -33.7891179 ], [ -71.5468872, -33.7661644 ], [ -71.5562551, -33.8737613 ], [ -71.677042, -33.9189137 ], [ -71.711834, -33.9673642 ], [ -71.5881355, -34.0337202 ], [ -71.566426, -33.9839419 ], [ -71.44828, -34.0139 ], [ -71.3900885, -34.0759306 ], [ -71.30151, -34.03126 ], [ -71.1857436, -34.1572045 ], [ -71.0719103, -34.1838855 ], [ -70.9145305, -34.1445392 ], [ -70.9377705, -34.0893546 ], [ -70.8931604, -34.0756195 ], [ -70.88833, -34.03906 ], [ -70.8076402, -34.0253331 ], [ -70.7918972, -33.9927399 ], [ -70.8247008, -33.9528354 ], [ -70.79751, -33.93081 ], [ -70.7583408, -33.9429303 ], [ -70.7012275, -33.9054558 ], [ -70.659956, -33.9379028 ], [ -70.4384353, -33.8506806 ], [ -70.3748847, -33.8836414 ], [ -70.3210996, -33.9992927 ], [ -70.3381348, -34.0550633 ], [ -70.2630086, -34.0713329 ], [ -70.2410316, -34.0328689 ], [ -70.1696244, -34.0448075 ], [ -70.1416614, -34.120497 ], [ -70.1642226, -34.1594133 ], [ -70.0673301, -34.2068565 ], [ -70.0527856, -34.2801363 ], [ -69.9716004, -34.2496694 ], [ -69.9093622, -34.2910233 ], [ -69.8071356, -34.2480041 ], [ -69.8007231, -34.1946051 ], [ -69.8733555, -34.1325391 ], [ -69.8227169, -34.0109079 ], [ -69.8542109, -33.9637075 ], [ -69.9058968, -33.9632982 ], [ -69.8553121, -33.8922207 ], [ -69.8982982, -33.8473468 ], [ -69.9039582, -33.7768902 ], [ -69.8644356, -33.7171766 ], [ -69.8720347, -33.5404132 ], [ -69.7960038, -33.4229813 ], [ -69.8157285, -33.3911385 ], [ -69.7703562, -33.3575224 ], [ -69.8000451, -33.2875332 ], [ -69.9043355, -33.2729297 ], [ -69.9180164, -33.2447016 ], [ -70.0034558, -33.3221568 ], [ -70.0930765, -33.0514536 ], [ -70.2345454, -33.1389364 ], [ -70.2457238, -33.1868115 ], [ -70.2995873, -33.1134175 ], [ -70.3730228, -33.1056755 ], [ -70.3995331, -33.0322356 ], [ -70.434532, -33.0218218 ], [ -70.5089014, -33.0885564 ], [ -70.5954289, -32.945927 ], [ -70.7064186, -32.959934 ], [ -70.7326743, -32.9244206 ] ] ] } },
{ "type": "Feature", "properties": { "geo_id": "region:14", "nombre": "LOS RÍOS" }, "geometry": { "type": "MultiPolygon", "coordinates": [ [ [ [ -73.3558358, -39.916216 ], [ -73.3762711, -39.8942105 ], [ -73.3891191, -39.9457382 ], [ -73.4247281, -39.8694757 ], [ -73.4674461, -39.8510981 ], [ -73.5157469, -39.9155132 ], [ -73.676955, -39.9639087 ], [ -73.7072142, -40.0073062 ], [ -73.6636678, -40.0554625 ], [ -73.6543883, -40.1394157 ], [ -73.7248938, -40.1983812 ], [ -73.7168727, -40.2436038 ], [ -73.6898502, -40.2290376 ], [ -73.6716711, -40.2767182 ], [ -73.598073, -40.3014453 ], [ -73.4562408, -40.2695189 ], [ -73.406902, -40.3376446 ], [ -73.149565, -40.3607527 ], [ -73.0789077, -40.3447955 ], [ -72.9071866, -40.440394 ], [ -72.8923733, -40.5063059 ], [ -72.7805793, -40.5969249 ], [ -72.6574728, -40.6244023 ], [ -72.6068204, -40.6811419 ], [ -72.4375066, -40.6541692 ], [ -72.3341938, -40.6757588 ], [ -72.2860655, -40.646343 ], [ -72.1999306, -40.6716211 ], [ -72.0668785, -40.6554221 ], [ -72.0522766, -40.6298531 ], [ -71.969984, -40.6343957 ], [ -71.8812825, -40.5805272 ], [ -71.8891416, -40.5514508 ], [ -71.8584986, -40.5545791 ], [ -71.8256995, -40.4210485 ], [ -71.7935349, -40.407303 ], [ -71.7410783, -40.4374873 ], [ -71.6563352, -40.3617602 ], [ -71.68428, -40.2936 ], [ -71.7167797, -40.2787568 ], [ -71.7545117, -40.3031302 ], [ -71.8302262, -40.2154709 ], [ -71.7986053, -40.1874611 ], [ -71.8291792, -40.1730213 ], [ -71.8043376, -40.1092042 ], [ -71.8315587, -40.1060157 ], [ -71.8092393, -40.0809362 ], [ -71.6743239, -40.1044452 ], [ -71.688764, -40.0341289 ], [ -71.5938794, -39.9121384 ], [ -71.6906991, -39.8429396 ], [ -71.6669759, -39.8071525 ], [ -71.7127805, -39.7244425 ], [ -71.6692572, -39.6825877 ], [ -71.7158251, -39.649361 ], [ -71.6790626, -39.5656313 ], [ -71.7018505, -39.5041745 ], [ -71.7596, -39.50861 ], [ -71.8663026, -39.4366874 ], [ -71.93973, -39.41946 ], [ -72.117409, -39.5099646 ], [ -72.2525383, -39.513559 ], [ -72.2788697, -39.4911848 ], [ -72.3295932, -39.5102448 ], [ -72.515805, -39.4778213 ], [ -72.5323117, -39.4333206 ], [ -72.6593804, -39.4600507 ], [ -72.8568151, -39.3979473 ], [ -72.8967566, -39.4307289 ], [ -72.900012, -39.3805412 ], [ -72.8329038, -39.3150805 ], [ -72.8587816, -39.2881155 ], [ -72.9459111, -39.317351 ], [ -73.0097379, -39.2921024 ], [ -73.087585, -39.3894745 ], [ -73.1675871, -39.417893 ], [ -73.2433091, -39.390471 ], [ -73.2214518, -39.4454233 ], [ -73.1833619, -39.4468211 ], [ -73.2650996, -39.4546692 ], [ -73.2536019, -39.5386348 ], [ -73.3530914, -39.6737825 ], [ -73.4049128, -39.6937867 ], [ -73.4032508, -39.8694761 ], [ -73.2710872, -39.8419658 ], [ -73.2843831, -39.7317684 ], [ -73.2385011, -39.7170263 ], [ -73.2418724, -39.6913059 ], [ -73.2169524, -39.7154991 ], [ -73.1869187, -39.6246057 ], [ -73.1290275, -39.5927353 ], [ -73.1771744, -39.6374809 ], [ -73.1634361, -39.6634821 ], [ -73.1290863, -39.6167634 ], [ -73.1610454, -39.6607729 ], [ -73.1258446, -39.64493 ], [ -73.1899221, -39.7200674 ], [ -73.1230205, -39.7233152 ], [ -73.2397654, -39.7248252 ], [ -73.2645464, -39.7843491 ], [ -73.2265135, -39.8167045 ], [ -73.2677235, -39.8412985 ], [ -73.2477038, -39.9099148 ], [ -73.2817665, -39.9468272 ], [ -73.3194602, -39.9538124 ], [ -73.335479, -39.9195393 ], [ -73.2860481, -39.9460482 ], [ -73.2571997, -39.8987297 ], [ -73.3113958, -39.8574764 ], [ -73.3798933, -39.883932 ], [ -73.3203395, -39.9006572 ], [ -73.3558358, -39.916216 ] ], [ [ -73.1957137, -39.8865081 ], [ -73.1481283, -39.8897099 ], [ -73.1566651, -39.9032719 ], [ -73.1957137, -39.8865081 ] ], [ [ -73.1904714, -39.7824256 ], [ -73.1639306, -39.800764 ], [ -73.1928471, -39.7854499 ], [ -73.2216313, -39.8187278 ], [ -73.1904714, -39.7824256 ] ], [ [ -73.1254677, -39.7887222 ], [ -73.1523992, -39.8068709 ], [ -73.1577798, -39.8040214 ], [ -73.1254677, -39.7887222 ] ], [ [ -73.1657789, -39.701801 ], [ -73.1495866, -39.7005612 ], [ -73.128623, -39.7085092 ], [ -73.1657789, -39.701801 ] ], [ [ -73.1168524, -39.6978428 ], [ -73.0798919, -39.678023 ], [ -73.082569, -39.7063656 ], [ -73.1168524, -39.6978428 ] ], [ [ -73.2364079, -39.6662801 ], [ -73.2200951, -39.658256 ], [ -73.2219853, -39.6719389 ], [ -73.2364079, -39.6662801 ] ] ], [ [ [ -73.2617897, -39.8278352 ], [ -73.2454334, -39.8064919 ], [ -73.2664116, -39.7852296 ], [ -73.2617897, -39.8278352 ] ] ] ] } },
{ "type": "Feature", "properties": { "geo_id": "region:15", "nombre": "ARICA Y PARINACOTA" }, "geometry": { "type": "Polygon", "coordinates": [ [ [ -69.3427124, -17.7246094 ], [ -69.4678955, -17.6047974 ], [ -69.4684741, -17.4983993 ], [ -69.6664444, -17.6603167 ], [ -69.796256, -17.645914 ], [ -69.8222443, -17.743994 ], [ -69.7546914, -17.9892961 ], [ -69.8603449, -18.1701614 ], [ -69.9852496, -18.2697836 ], [ -70.1494971, -18.3193862 ], [ -70.3181511, -18.3111719 ], [ -70.3805, -18.3501167 ], [ -70.3030505, -18.4504811 ], [ -70.3337453, -18.4799839 ], [ -70.36152, -18.79324 ], [ -70.26879, -19.1454 ], [ -70.2866453, -19.2299913 ], [ -69.8846368, -19.0340463 ], [ -69.4219331, -19.0247881 ], [ -69.3149, -19.1031 ], [ -69.31789, -19.13651 ], [ -69.2334124, -19.0939234 ], [ -69.1576669, -19.1047664 ], [ -69.0142619, -19.0032334 ], [ -69.0202449, -18.9537011 ], [ -68.9581539, -18.945806 ], [ -68.911655, -18.8908338 ], [ -68.9842783, -18.678267 ], [ -69.0368574, -18.6222144 ], [ -69.007425, -18.6015083 ], [ -69.0027858, -18.4823605 ], [ -69.0483001, -18.4265812 ], [ -69.0639332, -18.2309609 ], [ -69.1461222, -18.1638262 ], [ -69.0570308, -18.061205 ], [ -69.1209417, -18.0044432 ], [ -69.2821881, -17.9682066 ], [ -69.3427124, -17.7246094 ] ] ] } },
{ "type": "Feature", "properties": { "geo_id": "region:16", "nombre": "ÑUBLE" }, "geometry": { "type": "Polygon", "coordinates": [ [ [ -72.7599912, -36.0053548 ], [ -72.8156019, -36.0935975 ], [ -72.8097788, -36.2776053 ], [ -72.8859203, -36.4451249 ], [ -72.8099828, -36.4595621 ], [ -72.7928115, -36.5116593 ], [ -72.8280541, -36.526663 ], [ -72.7988567, -36.6055116 ], [ -72.733571, -36.6173537 ], [ -72.7200744, -36.6549837 ], [ -72.6543592, -36.6665472 ], [ -72.5909655, -36.7333092 ], [ -72.5929799, -36.81596 ], [ -72.5385792, -36.8494835 ], [ -72.5676885, -36.8928261 ], [ -72.6429324, -36.8815505 ], [ -72.65356, -36.92 ], [ -72.5165617, -36.9393472 ], [ -72.5036946, -36.8952383 ], [ -72.4514116, -36.9083029 ], [ -72.4615284, -36.9274528 ], [ -72.3855283, -36.9116874 ], [ -72.326037, -36.9814607 ], [ -72.1924685, -37.0304076 ], [ -72.2611667, -37.0925667 ], [ -72.2731626, -37.1940061 ], [ -72.0617824, -37.1926958 ], [ -72.0654747, -37.1667797 ], [ -72.0351606, -37.1654554 ], [ -71.9897961, -37.1932782 ], [ -71.899329, -37.1847582 ], [ -71.7981839, -37.1086761 ], [ -71.6795533, -37.1449288 ], [ -71.5634366, -37.1334419 ], [ -71.55101, -37.0212 ], [ -71.5108188, -37.0042041 ], [ -71.4107947, -37.0901147 ], [ -71.3833722, -37.0670566 ], [ -71.2694009, -37.1117354 ], [ -71.0961744, -37.1091591 ], [ -71.1671766, -36.9972514 ], [ -71.22244, -36.97786 ], [ -71.1006049, -36.9659964 ], [ -71.0885743, -36.9289529 ], [ -71.14888, -36.9145 ], [ -71.1219478, -36.8629927 ], [ -71.1794546, -36.8413491 ], [ -71.1319415, -36.8147943 ], [ -71.1135531, -36.6791651 ], [ -71.066138, -36.7140993 ], [ -71.0072358, -36.6835585 ], [ -71.0574739, -36.6184031 ], [ -71.0360685, -36.4734776 ], [ -71.0791556, -36.3700614 ], [ -71.1380258, -36.3756899 ], [ -71.2295664, -36.4645678 ], [ -71.2809004, -36.4473611 ], [ -71.3384203, -36.5435982 ], [ -71.3535139, -36.5126178 ], [ -71.4099812, -36.5035138 ], [ -71.4668933, -36.4126935 ], [ -71.6893241, -36.3586776 ], [ -71.8138659, -36.2542002 ], [ -71.973521, -36.2590844 ], [ -72.0766076, -36.1307956 ], [ -72.1031968, -36.1234848 ], [ -72.1391058, -36.245948 ], [ -72.2373005, -36.2069801 ], [ -72.277621, -36.2614872 ], [ -72.3156063, -36.2326854 ], [ -72.3725106, -36.2571751 ], [ -72.412376, -36.2079305 ], [ -72.3376325, -36.2053513 ], [ -72.3589947, -36.1572456 ], [ -72.4014454, -36.1762689 ], [ -72.4800412, -36.152299 ], [ -72.4925228, -36.0723208 ], [ -72.5837376, -36.0775421 ], [ -72.6446569, -36.0151545 ], [ -72.655422, -36.0473875 ], [ -72.7599912, -36.0053548 ] ] ] } }
]
}
